DEBUG - 2025-11-09 00:51:48 --> Session: Class initialized using 'CodeIgniter\Session\Handlers\FileHandler' driver.
DEBUG - 2025-11-09 00:51:52 --> Session: Class initialized using 'CodeIgniter\Session\Handlers\FileHandler' driver.
ERROR - 2025-11-09 01:11:42 --> mysqli_sql_exception: Table 'db_ecovision.tbusers' doesn't exist in C:\xampp\htdocs\ecovision\system\Database\MySQLi\Connection.php:327
Stack trace:
#0 C:\xampp\htdocs\ecovision\system\Database\MySQLi\Connection.php(327): mysqli->query('SELECT \r\n      ...', 0)
#1 C:\xampp\htdocs\ecovision\system\Database\BaseConnection.php(729): CodeIgniter\Database\MySQLi\Connection->execute('SELECT \r\n      ...')
#2 C:\xampp\htdocs\ecovision\system\Database\BaseConnection.php(646): CodeIgniter\Database\BaseConnection->simpleQuery('SELECT \r\n      ...')
#3 C:\xampp\htdocs\ecovision\app\Models\Musuario.php(24): CodeIgniter\Database\BaseConnection->query('SELECT \r\n      ...', Array)
#4 C:\xampp\htdocs\ecovision\app\Controllers\Usuario.php(23): App\Models\Musuario->m_login(Array)
#5 C:\xampp\htdocs\ecovision\system\CodeIgniter.php(933): App\Controllers\Usuario->fn_login()
#6 C:\xampp\htdocs\ecovision\system\CodeIgniter.php(507): CodeIgniter\CodeIgniter->runController(Object(App\Controllers\Usuario))
#7 C:\xampp\htdocs\ecovision\system\CodeIgniter.php(354): CodeIgniter\CodeIgniter->handleRequest(NULL, Object(Config\Cache), false)
#8 C:\xampp\htdocs\ecovision\system\Boot.php(363): CodeIgniter\CodeIgniter->run()
#9 C:\xampp\htdocs\ecovision\system\Boot.php(68): CodeIgniter\Boot::runCodeIgniter(Object(CodeIgniter\CodeIgniter))
#10 C:\xampp\htdocs\ecovision\public\index.php(59): CodeIgniter\Boot::bootWeb(Object(Config\Paths))
#11 {main}
CRITICAL - 2025-11-09 01:11:42 --> CodeIgniter\Database\Exceptions\DatabaseException: Table 'db_ecovision.tbusers' doesn't exist
[Method: POST, Route: usuario/acceder]
in SYSTEMPATH\Database\BaseConnection.php on line 684.
 1 APPPATH\Models\Musuario.php(24): CodeIgniter\Database\BaseConnection->query('SELECT 
              usu_apellido as apellidos,
              usu_nombre as nombres,
              usu_tipo as tipo,
              usu_email as email 
            FROM 
              tbusers
            WHERE usu_email=? AND usu_clave=?', [...])
 2 APPPATH\Controllers\Usuario.php(23): App\Models\Musuario->m_login([...])
 3 SYSTEMPATH\CodeIgniter.php(933): App\Controllers\Usuario->fn_login()
 4 SYSTEMPATH\CodeIgniter.php(507): CodeIgniter\CodeIgniter->runController(Object(App\Controllers\Usuario))
 5 SYSTEMPATH\CodeIgniter.php(354): CodeIgniter\CodeIgniter->handleRequest(null, Object(Config\Cache), false)
 6 SYSTEMPATH\Boot.php(363): CodeIgniter\CodeIgniter->run()
 7 SYSTEMPATH\Boot.php(68): CodeIgniter\Boot::runCodeIgniter(Object(CodeIgniter\CodeIgniter))
 8 FCPATH\index.php(59): CodeIgniter\Boot::bootWeb(Object(Config\Paths))
CRITICAL - 2025-11-09 01:11:42 --> [Caused by] CodeIgniter\Database\Exceptions\DatabaseException: Table 'db_ecovision.tbusers' doesn't exist
in SYSTEMPATH\Database\MySQLi\Connection.php on line 332.
 1 SYSTEMPATH\Database\BaseConnection.php(729): CodeIgniter\Database\MySQLi\Connection->execute('SELECT 
              usu_apellido as apellidos,
              usu_nombre as nombres,
              usu_tipo as tipo,
              usu_email as email 
            FROM 
              tbusers
            WHERE usu_email=\'janiorjimenezh@gmail.com\' AND usu_clave=\'123456\'')
 2 SYSTEMPATH\Database\BaseConnection.php(646): CodeIgniter\Database\BaseConnection->simpleQuery('SELECT 
              usu_apellido as apellidos,
              usu_nombre as nombres,
              usu_tipo as tipo,
              usu_email as email 
            FROM 
              tbusers
            WHERE usu_email=\'janiorjimenezh@gmail.com\' AND usu_clave=\'123456\'')
 3 APPPATH\Models\Musuario.php(24): CodeIgniter\Database\BaseConnection->query('SELECT 
              usu_apellido as apellidos,
              usu_nombre as nombres,
              usu_tipo as tipo,
              usu_email as email 
            FROM 
              tbusers
            WHERE usu_email=? AND usu_clave=?', [...])
 4 APPPATH\Controllers\Usuario.php(23): App\Models\Musuario->m_login([...])
 5 SYSTEMPATH\CodeIgniter.php(933): App\Controllers\Usuario->fn_login()
 6 SYSTEMPATH\CodeIgniter.php(507): CodeIgniter\CodeIgniter->runController(Object(App\Controllers\Usuario))
 7 SYSTEMPATH\CodeIgniter.php(354): CodeIgniter\CodeIgniter->handleRequest(null, Object(Config\Cache), false)
 8 SYSTEMPATH\Boot.php(363): CodeIgniter\CodeIgniter->run()
 9 SYSTEMPATH\Boot.php(68): CodeIgniter\Boot::runCodeIgniter(Object(CodeIgniter\CodeIgniter))
10 FCPATH\index.php(59): CodeIgniter\Boot::bootWeb(Object(Config\Paths))
CRITICAL - 2025-11-09 01:11:42 --> [Caused by] mysqli_sql_exception: Table 'db_ecovision.tbusers' doesn't exist
in SYSTEMPATH\Database\MySQLi\Connection.php on line 327.
 1 SYSTEMPATH\Database\MySQLi\Connection.php(327): mysqli->query('SELECT 
              usu_apellido as apellidos,
              usu_nombre as nombres,
              usu_tipo as tipo,
              usu_email as email 
            FROM 
              tbusers
            WHERE usu_email=\'janiorjimenezh@gmail.com\' AND usu_clave=\'123456\'', 0)
 2 SYSTEMPATH\Database\BaseConnection.php(729): CodeIgniter\Database\MySQLi\Connection->execute('SELECT 
              usu_apellido as apellidos,
              usu_nombre as nombres,
              usu_tipo as tipo,
              usu_email as email 
            FROM 
              tbusers
            WHERE usu_email=\'janiorjimenezh@gmail.com\' AND usu_clave=\'123456\'')
 3 SYSTEMPATH\Database\BaseConnection.php(646): CodeIgniter\Database\BaseConnection->simpleQuery('SELECT 
              usu_apellido as apellidos,
              usu_nombre as nombres,
              usu_tipo as tipo,
              usu_email as email 
            FROM 
              tbusers
            WHERE usu_email=\'janiorjimenezh@gmail.com\' AND usu_clave=\'123456\'')
 4 APPPATH\Models\Musuario.php(24): CodeIgniter\Database\BaseConnection->query('SELECT 
              usu_apellido as apellidos,
              usu_nombre as nombres,
              usu_tipo as tipo,
              usu_email as email 
            FROM 
              tbusers
            WHERE usu_email=? AND usu_clave=?', [...])
 5 APPPATH\Controllers\Usuario.php(23): App\Models\Musuario->m_login([...])
 6 SYSTEMPATH\CodeIgniter.php(933): App\Controllers\Usuario->fn_login()
 7 SYSTEMPATH\CodeIgniter.php(507): CodeIgniter\CodeIgniter->runController(Object(App\Controllers\Usuario))
 8 SYSTEMPATH\CodeIgniter.php(354): CodeIgniter\CodeIgniter->handleRequest(null, Object(Config\Cache), false)
 9 SYSTEMPATH\Boot.php(363): CodeIgniter\CodeIgniter->run()
10 SYSTEMPATH\Boot.php(68): CodeIgniter\Boot::runCodeIgniter(Object(CodeIgniter\CodeIgniter))
11 FCPATH\index.php(59): CodeIgniter\Boot::bootWeb(Object(Config\Paths))
ERROR - 2025-11-09 01:12:08 --> mysqli_sql_exception: Unknown column 'usu_clave' in 'where clause' in C:\xampp\htdocs\ecovision\system\Database\MySQLi\Connection.php:327
Stack trace:
#0 C:\xampp\htdocs\ecovision\system\Database\MySQLi\Connection.php(327): mysqli->query('SELECT \r\n      ...', 0)
#1 C:\xampp\htdocs\ecovision\system\Database\BaseConnection.php(729): CodeIgniter\Database\MySQLi\Connection->execute('SELECT \r\n      ...')
#2 C:\xampp\htdocs\ecovision\system\Database\BaseConnection.php(646): CodeIgniter\Database\BaseConnection->simpleQuery('SELECT \r\n      ...')
#3 C:\xampp\htdocs\ecovision\app\Models\Musuario.php(24): CodeIgniter\Database\BaseConnection->query('SELECT \r\n      ...', Array)
#4 C:\xampp\htdocs\ecovision\app\Controllers\Usuario.php(23): App\Models\Musuario->m_login(Array)
#5 C:\xampp\htdocs\ecovision\system\CodeIgniter.php(933): App\Controllers\Usuario->fn_login()
#6 C:\xampp\htdocs\ecovision\system\CodeIgniter.php(507): CodeIgniter\CodeIgniter->runController(Object(App\Controllers\Usuario))
#7 C:\xampp\htdocs\ecovision\system\CodeIgniter.php(354): CodeIgniter\CodeIgniter->handleRequest(NULL, Object(Config\Cache), false)
#8 C:\xampp\htdocs\ecovision\system\Boot.php(363): CodeIgniter\CodeIgniter->run()
#9 C:\xampp\htdocs\ecovision\system\Boot.php(68): CodeIgniter\Boot::runCodeIgniter(Object(CodeIgniter\CodeIgniter))
#10 C:\xampp\htdocs\ecovision\public\index.php(59): CodeIgniter\Boot::bootWeb(Object(Config\Paths))
#11 {main}
CRITICAL - 2025-11-09 01:12:08 --> CodeIgniter\Database\Exceptions\DatabaseException: Unknown column 'usu_clave' in 'where clause'
[Method: POST, Route: usuario/acceder]
in SYSTEMPATH\Database\BaseConnection.php on line 684.
 1 APPPATH\Models\Musuario.php(24): CodeIgniter\Database\BaseConnection->query('SELECT 
              usu_apellido as apellidos,
              usu_nombre as nombres,
              usu_tipo as tipo,
              usu_email as email 
            FROM 
              tb_usuarios
            WHERE usu_email=? AND usu_clave=?', [...])
 2 APPPATH\Controllers\Usuario.php(23): App\Models\Musuario->m_login([...])
 3 SYSTEMPATH\CodeIgniter.php(933): App\Controllers\Usuario->fn_login()
 4 SYSTEMPATH\CodeIgniter.php(507): CodeIgniter\CodeIgniter->runController(Object(App\Controllers\Usuario))
 5 SYSTEMPATH\CodeIgniter.php(354): CodeIgniter\CodeIgniter->handleRequest(null, Object(Config\Cache), false)
 6 SYSTEMPATH\Boot.php(363): CodeIgniter\CodeIgniter->run()
 7 SYSTEMPATH\Boot.php(68): CodeIgniter\Boot::runCodeIgniter(Object(CodeIgniter\CodeIgniter))
 8 FCPATH\index.php(59): CodeIgniter\Boot::bootWeb(Object(Config\Paths))
CRITICAL - 2025-11-09 01:12:08 --> [Caused by] CodeIgniter\Database\Exceptions\DatabaseException: Unknown column 'usu_clave' in 'where clause'
in SYSTEMPATH\Database\MySQLi\Connection.php on line 332.
 1 SYSTEMPATH\Database\BaseConnection.php(729): CodeIgniter\Database\MySQLi\Connection->execute('SELECT 
              usu_apellido as apellidos,
              usu_nombre as nombres,
              usu_tipo as tipo,
              usu_email as email 
            FROM 
              tb_usuarios
            WHERE usu_email=\'janiorjimenezh@gmail.com\' AND usu_clave=\'123456\'')
 2 SYSTEMPATH\Database\BaseConnection.php(646): CodeIgniter\Database\BaseConnection->simpleQuery('SELECT 
              usu_apellido as apellidos,
              usu_nombre as nombres,
              usu_tipo as tipo,
              usu_email as email 
            FROM 
              tb_usuarios
            WHERE usu_email=\'janiorjimenezh@gmail.com\' AND usu_clave=\'123456\'')
 3 APPPATH\Models\Musuario.php(24): CodeIgniter\Database\BaseConnection->query('SELECT 
              usu_apellido as apellidos,
              usu_nombre as nombres,
              usu_tipo as tipo,
              usu_email as email 
            FROM 
              tb_usuarios
            WHERE usu_email=? AND usu_clave=?', [...])
 4 APPPATH\Controllers\Usuario.php(23): App\Models\Musuario->m_login([...])
 5 SYSTEMPATH\CodeIgniter.php(933): App\Controllers\Usuario->fn_login()
 6 SYSTEMPATH\CodeIgniter.php(507): CodeIgniter\CodeIgniter->runController(Object(App\Controllers\Usuario))
 7 SYSTEMPATH\CodeIgniter.php(354): CodeIgniter\CodeIgniter->handleRequest(null, Object(Config\Cache), false)
 8 SYSTEMPATH\Boot.php(363): CodeIgniter\CodeIgniter->run()
 9 SYSTEMPATH\Boot.php(68): CodeIgniter\Boot::runCodeIgniter(Object(CodeIgniter\CodeIgniter))
10 FCPATH\index.php(59): CodeIgniter\Boot::bootWeb(Object(Config\Paths))
CRITICAL - 2025-11-09 01:12:08 --> [Caused by] mysqli_sql_exception: Unknown column 'usu_clave' in 'where clause'
in SYSTEMPATH\Database\MySQLi\Connection.php on line 327.
 1 SYSTEMPATH\Database\MySQLi\Connection.php(327): mysqli->query('SELECT 
              usu_apellido as apellidos,
              usu_nombre as nombres,
              usu_tipo as tipo,
              usu_email as email 
            FROM 
              tb_usuarios
            WHERE usu_email=\'janiorjimenezh@gmail.com\' AND usu_clave=\'123456\'', 0)
 2 SYSTEMPATH\Database\BaseConnection.php(729): CodeIgniter\Database\MySQLi\Connection->execute('SELECT 
              usu_apellido as apellidos,
              usu_nombre as nombres,
              usu_tipo as tipo,
              usu_email as email 
            FROM 
              tb_usuarios
            WHERE usu_email=\'janiorjimenezh@gmail.com\' AND usu_clave=\'123456\'')
 3 SYSTEMPATH\Database\BaseConnection.php(646): CodeIgniter\Database\BaseConnection->simpleQuery('SELECT 
              usu_apellido as apellidos,
              usu_nombre as nombres,
              usu_tipo as tipo,
              usu_email as email 
            FROM 
              tb_usuarios
            WHERE usu_email=\'janiorjimenezh@gmail.com\' AND usu_clave=\'123456\'')
 4 APPPATH\Models\Musuario.php(24): CodeIgniter\Database\BaseConnection->query('SELECT 
              usu_apellido as apellidos,
              usu_nombre as nombres,
              usu_tipo as tipo,
              usu_email as email 
            FROM 
              tb_usuarios
            WHERE usu_email=? AND usu_clave=?', [...])
 5 APPPATH\Controllers\Usuario.php(23): App\Models\Musuario->m_login([...])
 6 SYSTEMPATH\CodeIgniter.php(933): App\Controllers\Usuario->fn_login()
 7 SYSTEMPATH\CodeIgniter.php(507): CodeIgniter\CodeIgniter->runController(Object(App\Controllers\Usuario))
 8 SYSTEMPATH\CodeIgniter.php(354): CodeIgniter\CodeIgniter->handleRequest(null, Object(Config\Cache), false)
 9 SYSTEMPATH\Boot.php(363): CodeIgniter\CodeIgniter->run()
10 SYSTEMPATH\Boot.php(68): CodeIgniter\Boot::runCodeIgniter(Object(CodeIgniter\CodeIgniter))
11 FCPATH\index.php(59): CodeIgniter\Boot::bootWeb(Object(Config\Paths))
DEBUG - 2025-11-09 01:12:50 --> Session: Class initialized using 'CodeIgniter\Session\Handlers\FileHandler' driver.
DEBUG - 2025-11-09 01:13:30 --> Session: Class initialized using 'CodeIgniter\Session\Handlers\FileHandler' driver.
DEBUG - 2025-11-09 01:20:48 --> Session: Class initialized using 'CodeIgniter\Session\Handlers\FileHandler' driver.
DEBUG - 2025-11-09 01:25:54 --> Session: Class initialized using 'CodeIgniter\Session\Handlers\FileHandler' driver.
DEBUG - 2025-11-09 01:26:15 --> Session: Class initialized using 'CodeIgniter\Session\Handlers\FileHandler' driver.
DEBUG - 2025-11-09 01:26:26 --> Session: Class initialized using 'CodeIgniter\Session\Handlers\FileHandler' driver.
DEBUG - 2025-11-09 01:26:26 --> Session: Class initialized using 'CodeIgniter\Session\Handlers\FileHandler' driver.
DEBUG - 2025-11-09 01:26:28 --> Session: Class initialized using 'CodeIgniter\Session\Handlers\FileHandler' driver.
CRITICAL - 2025-11-09 03:02:28 --> CodeIgniter\Exceptions\InvalidArgumentException: "default" is not a valid database connection group.
[Method: GET, Route: mapa]
in SYSTEMPATH\Database\Config.php on line 70.
 1 SYSTEMPATH\Model.php(155): CodeIgniter\Database\Config::connect('default')
 2 APPPATH\Controllers\MapaController.php(12): CodeIgniter\Model->__construct()
 3 SYSTEMPATH\CodeIgniter.php(933): App\Controllers\MapaController->index()
 4 SYSTEMPATH\CodeIgniter.php(507): CodeIgniter\CodeIgniter->runController(Object(App\Controllers\MapaController))
 5 SYSTEMPATH\CodeIgniter.php(354): CodeIgniter\CodeIgniter->handleRequest(null, Object(Config\Cache), false)
 6 SYSTEMPATH\Boot.php(363): CodeIgniter\CodeIgniter->run()
 7 SYSTEMPATH\Boot.php(68): CodeIgniter\Boot::runCodeIgniter(Object(CodeIgniter\CodeIgniter))
 8 FCPATH\index.php(59): CodeIgniter\Boot::bootWeb(Object(Config\Paths))
CRITICAL - 2025-11-09 03:02:55 --> CodeIgniter\View\Exceptions\ViewException: Invalid file: "mapa_calor.php"
[Method: GET, Route: mapa]
in SYSTEMPATH\Exceptions\FrameworkException.php on line 39.
 1 SYSTEMPATH\View\View.php(214): CodeIgniter\Exceptions\FrameworkException::forInvalidFile('mapa_calor.php')
 2 SYSTEMPATH\Common.php(1167): CodeIgniter\View\View->render('mapa_calor', [], true)
 3 APPPATH\Controllers\MapaController.php(14): view('mapa_calor', [...])
 4 SYSTEMPATH\CodeIgniter.php(933): App\Controllers\MapaController->index()
 5 SYSTEMPATH\CodeIgniter.php(507): CodeIgniter\CodeIgniter->runController(Object(App\Controllers\MapaController))
 6 SYSTEMPATH\CodeIgniter.php(354): CodeIgniter\CodeIgniter->handleRequest(null, Object(Config\Cache), false)
 7 SYSTEMPATH\Boot.php(363): CodeIgniter\CodeIgniter->run()
 8 SYSTEMPATH\Boot.php(68): CodeIgniter\Boot::runCodeIgniter(Object(CodeIgniter\CodeIgniter))
 9 FCPATH\index.php(59): CodeIgniter\Boot::bootWeb(Object(Config\Paths))
CRITICAL - 2025-11-09 03:03:08 --> CodeIgniter\View\Exceptions\ViewException: Invalid file: "admin/mapa_calor.php"
[Method: GET, Route: mapa]
in SYSTEMPATH\Exceptions\FrameworkException.php on line 39.
 1 SYSTEMPATH\View\View.php(214): CodeIgniter\Exceptions\FrameworkException::forInvalidFile('admin/mapa_calor.php')
 2 SYSTEMPATH\Common.php(1167): CodeIgniter\View\View->render('admin/mapa_calor', [], true)
 3 APPPATH\Controllers\MapaController.php(14): view('admin/mapa_calor', [...])
 4 SYSTEMPATH\CodeIgniter.php(933): App\Controllers\MapaController->index()
 5 SYSTEMPATH\CodeIgniter.php(507): CodeIgniter\CodeIgniter->runController(Object(App\Controllers\MapaController))
 6 SYSTEMPATH\CodeIgniter.php(354): CodeIgniter\CodeIgniter->handleRequest(null, Object(Config\Cache), false)
 7 SYSTEMPATH\Boot.php(363): CodeIgniter\CodeIgniter->run()
 8 SYSTEMPATH\Boot.php(68): CodeIgniter\Boot::runCodeIgniter(Object(CodeIgniter\CodeIgniter))
 9 FCPATH\index.php(59): CodeIgniter\Boot::bootWeb(Object(Config\Paths))
CRITICAL - 2025-11-09 03:17:26 --> Error: Class "App\Controllers\ReporteModel" not found
[Method: GET, Route: mapa]
in APPPATH\Controllers\MapaController.php on line 19.
 1 SYSTEMPATH\CodeIgniter.php(933): App\Controllers\MapaController->index2()
 2 SYSTEMPATH\CodeIgniter.php(507): CodeIgniter\CodeIgniter->runController(Object(App\Controllers\MapaController))
 3 SYSTEMPATH\CodeIgniter.php(354): CodeIgniter\CodeIgniter->handleRequest(null, Object(Config\Cache), false)
 4 SYSTEMPATH\Boot.php(363): CodeIgniter\CodeIgniter->run()
 5 SYSTEMPATH\Boot.php(68): CodeIgniter\Boot::runCodeIgniter(Object(CodeIgniter\CodeIgniter))
 6 FCPATH\index.php(59): CodeIgniter\Boot::bootWeb(Object(Config\Paths))
CRITICAL - 2025-11-09 03:18:08 --> CodeIgniter\View\Exceptions\ViewException: Invalid file: "vw_mapa_view.php"
[Method: GET, Route: mapa]
in SYSTEMPATH\Exceptions\FrameworkException.php on line 39.
 1 SYSTEMPATH\View\View.php(214): CodeIgniter\Exceptions\FrameworkException::forInvalidFile('vw_mapa_view.php')
 2 SYSTEMPATH\Common.php(1167): CodeIgniter\View\View->render('vw_mapa_view', [], true)
 3 APPPATH\Controllers\MapaController.php(23): view('vw_mapa_view', [...])
 4 SYSTEMPATH\CodeIgniter.php(933): App\Controllers\MapaController->index2()
 5 SYSTEMPATH\CodeIgniter.php(507): CodeIgniter\CodeIgniter->runController(Object(App\Controllers\MapaController))
 6 SYSTEMPATH\CodeIgniter.php(354): CodeIgniter\CodeIgniter->handleRequest(null, Object(Config\Cache), false)
 7 SYSTEMPATH\Boot.php(363): CodeIgniter\CodeIgniter->run()
 8 SYSTEMPATH\Boot.php(68): CodeIgniter\Boot::runCodeIgniter(Object(CodeIgniter\CodeIgniter))
 9 FCPATH\index.php(59): CodeIgniter\Boot::bootWeb(Object(Config\Paths))
DEBUG - 2025-11-09 03:19:25 --> Session: Class initialized using 'CodeIgniter\Session\Handlers\FileHandler' driver.
DEBUG - 2025-11-09 03:19:26 --> Session: Class initialized using 'CodeIgniter\Session\Handlers\FileHandler' driver.
DEBUG - 2025-11-09 03:57:39 --> Session: Class initialized using 'CodeIgniter\Session\Handlers\FileHandler' driver.
DEBUG - 2025-11-09 03:57:40 --> Session: Class initialized using 'CodeIgniter\Session\Handlers\FileHandler' driver.
CRITICAL - 2025-11-09 04:01:57 --> ParseError: syntax error, unexpected variable "$cabecera"
[Method: GET, Route: mapa]
in APPPATH\Controllers\MapaController.php on line 14.
 1 SYSTEMPATH\Autoloader\Autoloader.php(295): CodeIgniter\Autoloader\Autoloader->includeFile('C:\\xampp\\htdocs\\ecovision\\app\\Controllers\\MapaController.php')
 2 SYSTEMPATH\Autoloader\Autoloader.php(271): CodeIgniter\Autoloader\Autoloader->loadInNamespace('App\\Controllers\\MapaController')
 3 [internal function]: CodeIgniter\Autoloader\Autoloader->loadClass('App\\Controllers\\MapaController')
 4 SYSTEMPATH\CodeIgniter.php(885): class_exists('\\App\\Controllers\\MapaController', true)
 5 SYSTEMPATH\CodeIgniter.php(494): CodeIgniter\CodeIgniter->startController()
 6 SYSTEMPATH\CodeIgniter.php(354): CodeIgniter\CodeIgniter->handleRequest(null, Object(Config\Cache), false)
 7 SYSTEMPATH\Boot.php(363): CodeIgniter\CodeIgniter->run()
 8 SYSTEMPATH\Boot.php(68): CodeIgniter\Boot::runCodeIgniter(Object(CodeIgniter\CodeIgniter))
 9 FCPATH\index.php(59): CodeIgniter\Boot::bootWeb(Object(Config\Paths))
CRITICAL - 2025-11-09 04:02:10 --> ParseError: syntax error, unexpected variable "$cabecera"
[Method: GET, Route: mapa]
in APPPATH\Controllers\MapaController.php on line 14.
 1 SYSTEMPATH\Autoloader\Autoloader.php(295): CodeIgniter\Autoloader\Autoloader->includeFile('C:\\xampp\\htdocs\\ecovision\\app\\Controllers\\MapaController.php')
 2 SYSTEMPATH\Autoloader\Autoloader.php(271): CodeIgniter\Autoloader\Autoloader->loadInNamespace('App\\Controllers\\MapaController')
 3 [internal function]: CodeIgniter\Autoloader\Autoloader->loadClass('App\\Controllers\\MapaController')
 4 SYSTEMPATH\CodeIgniter.php(885): class_exists('\\App\\Controllers\\MapaController', true)
 5 SYSTEMPATH\CodeIgniter.php(494): CodeIgniter\CodeIgniter->startController()
 6 SYSTEMPATH\CodeIgniter.php(354): CodeIgniter\CodeIgniter->handleRequest(null, Object(Config\Cache), false)
 7 SYSTEMPATH\Boot.php(363): CodeIgniter\CodeIgniter->run()
 8 SYSTEMPATH\Boot.php(68): CodeIgniter\Boot::runCodeIgniter(Object(CodeIgniter\CodeIgniter))
 9 FCPATH\index.php(59): CodeIgniter\Boot::bootWeb(Object(Config\Paths))
CRITICAL - 2025-11-09 04:02:33 --> Error: Call to undefined function App\Controllers\validar_sesion()
[Method: GET, Route: mapa]
in APPPATH\Controllers\MapaController.php on line 13.
 1 SYSTEMPATH\CodeIgniter.php(933): App\Controllers\MapaController->index()
 2 SYSTEMPATH\CodeIgniter.php(507): CodeIgniter\CodeIgniter->runController(Object(App\Controllers\MapaController))
 3 SYSTEMPATH\CodeIgniter.php(354): CodeIgniter\CodeIgniter->handleRequest(null, Object(Config\Cache), false)
 4 SYSTEMPATH\Boot.php(363): CodeIgniter\CodeIgniter->run()
 5 SYSTEMPATH\Boot.php(68): CodeIgniter\Boot::runCodeIgniter(Object(CodeIgniter\CodeIgniter))
 6 FCPATH\index.php(59): CodeIgniter\Boot::bootWeb(Object(Config\Paths))
DEBUG - 2025-11-09 04:05:37 --> Session: Class initialized using 'CodeIgniter\Session\Handlers\FileHandler' driver.
DEBUG - 2025-11-09 04:05:38 --> Session: Class initialized using 'CodeIgniter\Session\Handlers\FileHandler' driver.
DEBUG - 2025-11-09 04:06:07 --> Session: Class initialized using 'CodeIgniter\Session\Handlers\FileHandler' driver.
DEBUG - 2025-11-09 04:06:07 --> Session: Class initialized using 'CodeIgniter\Session\Handlers\FileHandler' driver.
DEBUG - 2025-11-09 04:07:50 --> Session: Class initialized using 'CodeIgniter\Session\Handlers\FileHandler' driver.
DEBUG - 2025-11-09 04:07:51 --> Session: Class initialized using 'CodeIgniter\Session\Handlers\FileHandler' driver.
DEBUG - 2025-11-09 04:08:21 --> Session: Class initialized using 'CodeIgniter\Session\Handlers\FileHandler' driver.
DEBUG - 2025-11-09 04:08:21 --> Session: Class initialized using 'CodeIgniter\Session\Handlers\FileHandler' driver.
DEBUG - 2025-11-09 04:08:28 --> Session: Class initialized using 'CodeIgniter\Session\Handlers\FileHandler' driver.
DEBUG - 2025-11-09 04:08:29 --> Session: Class initialized using 'CodeIgniter\Session\Handlers\FileHandler' driver.
DEBUG - 2025-11-09 04:08:40 --> Session: Class initialized using 'CodeIgniter\Session\Handlers\FileHandler' driver.
DEBUG - 2025-11-09 04:08:40 --> Session: Class initialized using 'CodeIgniter\Session\Handlers\FileHandler' driver.
DEBUG - 2025-11-09 04:08:47 --> Session: Class initialized using 'CodeIgniter\Session\Handlers\FileHandler' driver.
DEBUG - 2025-11-09 04:08:47 --> Session: Class initialized using 'CodeIgniter\Session\Handlers\FileHandler' driver.
DEBUG - 2025-11-09 04:09:07 --> Session: Class initialized using 'CodeIgniter\Session\Handlers\FileHandler' driver.
DEBUG - 2025-11-09 04:09:08 --> Session: Class initialized using 'CodeIgniter\Session\Handlers\FileHandler' driver.
DEBUG - 2025-11-09 04:09:27 --> Session: Class initialized using 'CodeIgniter\Session\Handlers\FileHandler' driver.
DEBUG - 2025-11-09 04:09:28 --> Session: Class initialized using 'CodeIgniter\Session\Handlers\FileHandler' driver.
DEBUG - 2025-11-09 04:09:36 --> Session: Class initialized using 'CodeIgniter\Session\Handlers\FileHandler' driver.
DEBUG - 2025-11-09 04:09:36 --> Session: Class initialized using 'CodeIgniter\Session\Handlers\FileHandler' driver.
DEBUG - 2025-11-09 04:10:02 --> Session: Class initialized using 'CodeIgniter\Session\Handlers\FileHandler' driver.
DEBUG - 2025-11-09 04:14:02 --> Session: Class initialized using 'CodeIgniter\Session\Handlers\FileHandler' driver.
DEBUG - 2025-11-09 04:14:04 --> Session: Class initialized using 'CodeIgniter\Session\Handlers\FileHandler' driver.
CRITICAL - 2025-11-09 04:14:06 --> ParseError: syntax error, unexpected variable "$cabecera"
[Method: GET, Route: admin]
in APPPATH\Controllers\Admin.php on line 11.
 1 SYSTEMPATH\Autoloader\Autoloader.php(295): CodeIgniter\Autoloader\Autoloader->includeFile('C:\\xampp\\htdocs\\ecovision\\app\\Controllers\\Admin.php')
 2 SYSTEMPATH\Autoloader\Autoloader.php(271): CodeIgniter\Autoloader\Autoloader->loadInNamespace('App\\Controllers\\Admin')
 3 [internal function]: CodeIgniter\Autoloader\Autoloader->loadClass('App\\Controllers\\Admin')
 4 SYSTEMPATH\CodeIgniter.php(885): class_exists('\\App\\Controllers\\Admin', true)
 5 SYSTEMPATH\CodeIgniter.php(494): CodeIgniter\CodeIgniter->startController()
 6 SYSTEMPATH\CodeIgniter.php(354): CodeIgniter\CodeIgniter->handleRequest(null, Object(Config\Cache), false)
 7 SYSTEMPATH\Boot.php(363): CodeIgniter\CodeIgniter->run()
 8 SYSTEMPATH\Boot.php(68): CodeIgniter\Boot::runCodeIgniter(Object(CodeIgniter\CodeIgniter))
 9 FCPATH\index.php(59): CodeIgniter\Boot::bootWeb(Object(Config\Paths))
CRITICAL - 2025-11-09 04:14:10 --> ParseError: syntax error, unexpected variable "$cabecera"
[Method: GET, Route: admin]
in APPPATH\Controllers\Admin.php on line 11.
 1 SYSTEMPATH\Autoloader\Autoloader.php(295): CodeIgniter\Autoloader\Autoloader->includeFile('C:\\xampp\\htdocs\\ecovision\\app\\Controllers\\Admin.php')
 2 SYSTEMPATH\Autoloader\Autoloader.php(271): CodeIgniter\Autoloader\Autoloader->loadInNamespace('App\\Controllers\\Admin')
 3 [internal function]: CodeIgniter\Autoloader\Autoloader->loadClass('App\\Controllers\\Admin')
 4 SYSTEMPATH\CodeIgniter.php(885): class_exists('\\App\\Controllers\\Admin', true)
 5 SYSTEMPATH\CodeIgniter.php(494): CodeIgniter\CodeIgniter->startController()
 6 SYSTEMPATH\CodeIgniter.php(354): CodeIgniter\CodeIgniter->handleRequest(null, Object(Config\Cache), false)
 7 SYSTEMPATH\Boot.php(363): CodeIgniter\CodeIgniter->run()
 8 SYSTEMPATH\Boot.php(68): CodeIgniter\Boot::runCodeIgniter(Object(CodeIgniter\CodeIgniter))
 9 FCPATH\index.php(59): CodeIgniter\Boot::bootWeb(Object(Config\Paths))
DEBUG - 2025-11-09 04:15:46 --> Session: Class initialized using 'CodeIgniter\Session\Handlers\FileHandler' driver.
DEBUG - 2025-11-09 04:15:51 --> Session: Class initialized using 'CodeIgniter\Session\Handlers\FileHandler' driver.
DEBUG - 2025-11-09 04:15:57 --> Session: Class initialized using 'CodeIgniter\Session\Handlers\FileHandler' driver.
DEBUG - 2025-11-09 04:16:01 --> Session: Class initialized using 'CodeIgniter\Session\Handlers\FileHandler' driver.
CRITICAL - 2025-11-09 04:16:01 --> ParseError: syntax error, unexpected variable "$cabecera"
[Method: GET, Route: admin]
in APPPATH\Controllers\Admin.php on line 11.
 1 SYSTEMPATH\Autoloader\Autoloader.php(295): CodeIgniter\Autoloader\Autoloader->includeFile('C:\\xampp\\htdocs\\ecovision\\app\\Controllers\\Admin.php')
 2 SYSTEMPATH\Autoloader\Autoloader.php(271): CodeIgniter\Autoloader\Autoloader->loadInNamespace('App\\Controllers\\Admin')
 3 [internal function]: CodeIgniter\Autoloader\Autoloader->loadClass('App\\Controllers\\Admin')
 4 SYSTEMPATH\CodeIgniter.php(885): class_exists('\\App\\Controllers\\Admin', true)
 5 SYSTEMPATH\CodeIgniter.php(494): CodeIgniter\CodeIgniter->startController()
 6 SYSTEMPATH\CodeIgniter.php(354): CodeIgniter\CodeIgniter->handleRequest(null, Object(Config\Cache), false)
 7 SYSTEMPATH\Boot.php(363): CodeIgniter\CodeIgniter->run()
 8 SYSTEMPATH\Boot.php(68): CodeIgniter\Boot::runCodeIgniter(Object(CodeIgniter\CodeIgniter))
 9 FCPATH\index.php(59): CodeIgniter\Boot::bootWeb(Object(Config\Paths))
DEBUG - 2025-11-09 04:16:18 --> Session: Class initialized using 'CodeIgniter\Session\Handlers\FileHandler' driver.
DEBUG - 2025-11-09 04:16:19 --> Session: Class initialized using 'CodeIgniter\Session\Handlers\FileHandler' driver.
DEBUG - 2025-11-09 04:16:23 --> Session: Class initialized using 'CodeIgniter\Session\Handlers\FileHandler' driver.
DEBUG - 2025-11-09 04:16:23 --> Session: Class initialized using 'CodeIgniter\Session\Handlers\FileHandler' driver.
DEBUG - 2025-11-09 12:34:52 --> Session: Class initialized using 'CodeIgniter\Session\Handlers\FileHandler' driver.
DEBUG - 2025-11-09 12:34:58 --> Session: Class initialized using 'CodeIgniter\Session\Handlers\FileHandler' driver.
DEBUG - 2025-11-09 12:34:58 --> Session: Class initialized using 'CodeIgniter\Session\Handlers\FileHandler' driver.
DEBUG - 2025-11-09 12:34:58 --> Session: Class initialized using 'CodeIgniter\Session\Handlers\FileHandler' driver.
DEBUG - 2025-11-09 12:35:08 --> Session: Class initialized using 'CodeIgniter\Session\Handlers\FileHandler' driver.
CRITICAL - 2025-11-09 12:35:08 --> ErrorException: Undefined variable $puntos
[Method: GET, Route: admin/mapa]
in APPPATH\Views\admin\vw_mapacalor.php on line 46.
 1 APPPATH\Views\admin\vw_mapacalor.php(46): CodeIgniter\Debug\Exceptions->errorHandler(2, 'Undefined variable $puntos', 'C:\\xampp\\htdocs\\ecovision\\app\\Views\\admin\\vw_mapacalor.php', 46)
 2 SYSTEMPATH\View\View.php(226): include('C:\\xampp\\htdocs\\ecovision\\app\\Views\\admin\\vw_mapacalor.php')
 3 SYSTEMPATH\View\View.php(229): CodeIgniter\View\View->CodeIgniter\View\{closure}()
 4 SYSTEMPATH\Common.php(1167): CodeIgniter\View\View->render('admin/vw_mapacalor', [], true)
 5 APPPATH\Controllers\MapaController.php(27): view('admin/vw_mapacalor', [...])
 6 SYSTEMPATH\CodeIgniter.php(933): App\Controllers\MapaController->index()
 7 SYSTEMPATH\CodeIgniter.php(507): CodeIgniter\CodeIgniter->runController(Object(App\Controllers\MapaController))
 8 SYSTEMPATH\CodeIgniter.php(354): CodeIgniter\CodeIgniter->handleRequest(null, Object(Config\Cache), false)
 9 SYSTEMPATH\Boot.php(363): CodeIgniter\CodeIgniter->run()
10 SYSTEMPATH\Boot.php(68): CodeIgniter\Boot::runCodeIgniter(Object(CodeIgniter\CodeIgniter))
11 FCPATH\index.php(59): CodeIgniter\Boot::bootWeb(Object(Config\Paths))
DEBUG - 2025-11-09 12:35:22 --> Session: Class initialized using 'CodeIgniter\Session\Handlers\FileHandler' driver.
CRITICAL - 2025-11-09 12:35:22 --> ErrorException: Undefined array key "rep_titulo"
[Method: GET, Route: admin/mapa]
in APPPATH\Views\admin\vw_mapa.php on line 52.
 1 APPPATH\Views\admin\vw_mapa.php(52): CodeIgniter\Debug\Exceptions->errorHandler(2, 'Undefined array key "rep_titulo"', 'C:\\xampp\\htdocs\\ecovision\\app\\Views\\admin\\vw_mapa.php', 52)
 2 SYSTEMPATH\View\View.php(226): include('C:\\xampp\\htdocs\\ecovision\\app\\Views\\admin\\vw_mapa.php')
 3 SYSTEMPATH\View\View.php(229): CodeIgniter\View\View->CodeIgniter\View\{closure}()
 4 SYSTEMPATH\Common.php(1167): CodeIgniter\View\View->render('admin/vw_mapa', [], true)
 5 APPPATH\Controllers\MapaController.php(27): view('admin/vw_mapa', [...])
 6 SYSTEMPATH\CodeIgniter.php(933): App\Controllers\MapaController->index()
 7 SYSTEMPATH\CodeIgniter.php(507): CodeIgniter\CodeIgniter->runController(Object(App\Controllers\MapaController))
 8 SYSTEMPATH\CodeIgniter.php(354): CodeIgniter\CodeIgniter->handleRequest(null, Object(Config\Cache), false)
 9 SYSTEMPATH\Boot.php(363): CodeIgniter\CodeIgniter->run()
10 SYSTEMPATH\Boot.php(68): CodeIgniter\Boot::runCodeIgniter(Object(CodeIgniter\CodeIgniter))
11 FCPATH\index.php(59): CodeIgniter\Boot::bootWeb(Object(Config\Paths))
DEBUG - 2025-11-09 12:44:51 --> Session: Class initialized using 'CodeIgniter\Session\Handlers\FileHandler' driver.
CRITICAL - 2025-11-09 12:44:51 --> ErrorException: Undefined array key "rep_titulo"
[Method: GET, Route: admin/mapa]
in APPPATH\Views\admin\vw_mapa.php on line 52.
 1 APPPATH\Views\admin\vw_mapa.php(52): CodeIgniter\Debug\Exceptions->errorHandler(2, 'Undefined array key "rep_titulo"', 'C:\\xampp\\htdocs\\ecovision\\app\\Views\\admin\\vw_mapa.php', 52)
 2 SYSTEMPATH\View\View.php(226): include('C:\\xampp\\htdocs\\ecovision\\app\\Views\\admin\\vw_mapa.php')
 3 SYSTEMPATH\View\View.php(229): CodeIgniter\View\View->CodeIgniter\View\{closure}()
 4 SYSTEMPATH\Common.php(1167): CodeIgniter\View\View->render('admin/vw_mapa', [], true)
 5 APPPATH\Controllers\MapaController.php(27): view('admin/vw_mapa', [...])
 6 SYSTEMPATH\CodeIgniter.php(933): App\Controllers\MapaController->index()
 7 SYSTEMPATH\CodeIgniter.php(507): CodeIgniter\CodeIgniter->runController(Object(App\Controllers\MapaController))
 8 SYSTEMPATH\CodeIgniter.php(354): CodeIgniter\CodeIgniter->handleRequest(null, Object(Config\Cache), false)
 9 SYSTEMPATH\Boot.php(363): CodeIgniter\CodeIgniter->run()
10 SYSTEMPATH\Boot.php(68): CodeIgniter\Boot::runCodeIgniter(Object(CodeIgniter\CodeIgniter))
11 FCPATH\index.php(59): CodeIgniter\Boot::bootWeb(Object(Config\Paths))
DEBUG - 2025-11-09 12:45:33 --> Session: Class initialized using 'CodeIgniter\Session\Handlers\FileHandler' driver.
CRITICAL - 2025-11-09 12:45:33 --> ErrorException: Undefined array key "rep_titulo"
[Method: GET, Route: admin/mapa]
in APPPATH\Views\admin\vw_mapa.php on line 52.
 1 APPPATH\Views\admin\vw_mapa.php(52): CodeIgniter\Debug\Exceptions->errorHandler(2, 'Undefined array key "rep_titulo"', 'C:\\xampp\\htdocs\\ecovision\\app\\Views\\admin\\vw_mapa.php', 52)
 2 SYSTEMPATH\View\View.php(226): include('C:\\xampp\\htdocs\\ecovision\\app\\Views\\admin\\vw_mapa.php')
 3 SYSTEMPATH\View\View.php(229): CodeIgniter\View\View->CodeIgniter\View\{closure}()
 4 SYSTEMPATH\Common.php(1167): CodeIgniter\View\View->render('admin/vw_mapa', [], true)
 5 APPPATH\Controllers\MapaController.php(27): view('admin/vw_mapa', [...])
 6 SYSTEMPATH\CodeIgniter.php(933): App\Controllers\MapaController->index()
 7 SYSTEMPATH\CodeIgniter.php(507): CodeIgniter\CodeIgniter->runController(Object(App\Controllers\MapaController))
 8 SYSTEMPATH\CodeIgniter.php(354): CodeIgniter\CodeIgniter->handleRequest(null, Object(Config\Cache), false)
 9 SYSTEMPATH\Boot.php(363): CodeIgniter\CodeIgniter->run()
10 SYSTEMPATH\Boot.php(68): CodeIgniter\Boot::runCodeIgniter(Object(CodeIgniter\CodeIgniter))
11 FCPATH\index.php(59): CodeIgniter\Boot::bootWeb(Object(Config\Paths))
DEBUG - 2025-11-09 12:50:07 --> Session: Class initialized using 'CodeIgniter\Session\Handlers\FileHandler' driver.
ERROR - 2025-11-09 12:50:07 --> mysqli_sql_exception: Table 'db_ecovision.tb_reporte' doesn't exist in C:\xampp\htdocs\ecovision\system\Database\MySQLi\Connection.php:327
Stack trace:
#0 C:\xampp\htdocs\ecovision\system\Database\MySQLi\Connection.php(327): mysqli->query('SELECT *\nFROM `...', 0)
#1 C:\xampp\htdocs\ecovision\system\Database\BaseConnection.php(729): CodeIgniter\Database\MySQLi\Connection->execute('SELECT *\nFROM `...')
#2 C:\xampp\htdocs\ecovision\system\Database\BaseConnection.php(646): CodeIgniter\Database\BaseConnection->simpleQuery('SELECT *\nFROM `...')
#3 C:\xampp\htdocs\ecovision\system\Database\BaseBuilder.php(1649): CodeIgniter\Database\BaseConnection->query('SELECT *\nFROM `...', Array, false)
#4 C:\xampp\htdocs\ecovision\system\Model.php(286): CodeIgniter\Database\BaseBuilder->get()
#5 C:\xampp\htdocs\ecovision\system\BaseModel.php(677): CodeIgniter\Model->doFindAll(0, 0)
#6 C:\xampp\htdocs\ecovision\app\Controllers\MapaController.php(21): CodeIgniter\BaseModel->findAll()
#7 C:\xampp\htdocs\ecovision\system\CodeIgniter.php(933): App\Controllers\MapaController->index()
#8 C:\xampp\htdocs\ecovision\system\CodeIgniter.php(507): CodeIgniter\CodeIgniter->runController(Object(App\Controllers\MapaController))
#9 C:\xampp\htdocs\ecovision\system\CodeIgniter.php(354): CodeIgniter\CodeIgniter->handleRequest(NULL, Object(Config\Cache), false)
#10 C:\xampp\htdocs\ecovision\system\Boot.php(363): CodeIgniter\CodeIgniter->run()
#11 C:\xampp\htdocs\ecovision\system\Boot.php(68): CodeIgniter\Boot::runCodeIgniter(Object(CodeIgniter\CodeIgniter))
#12 C:\xampp\htdocs\ecovision\public\index.php(59): CodeIgniter\Boot::bootWeb(Object(Config\Paths))
#13 {main}
CRITICAL - 2025-11-09 12:50:07 --> CodeIgniter\Database\Exceptions\DatabaseException: Table 'db_ecovision.tb_reporte' doesn't exist
[Method: GET, Route: admin/mapa]
in SYSTEMPATH\Database\BaseConnection.php on line 684.
 1 SYSTEMPATH\Database\BaseBuilder.php(1649): CodeIgniter\Database\BaseConnection->query('SELECT *
FROM `tb_reporte`', [], false)
 2 SYSTEMPATH\Model.php(286): CodeIgniter\Database\BaseBuilder->get()
 3 SYSTEMPATH\BaseModel.php(677): CodeIgniter\Model->doFindAll(0, 0)
 4 APPPATH\Controllers\MapaController.php(21): CodeIgniter\BaseModel->findAll()
 5 SYSTEMPATH\CodeIgniter.php(933): App\Controllers\MapaController->index()
 6 SYSTEMPATH\CodeIgniter.php(507): CodeIgniter\CodeIgniter->runController(Object(App\Controllers\MapaController))
 7 SYSTEMPATH\CodeIgniter.php(354): CodeIgniter\CodeIgniter->handleRequest(null, Object(Config\Cache), false)
 8 SYSTEMPATH\Boot.php(363): CodeIgniter\CodeIgniter->run()
 9 SYSTEMPATH\Boot.php(68): CodeIgniter\Boot::runCodeIgniter(Object(CodeIgniter\CodeIgniter))
10 FCPATH\index.php(59): CodeIgniter\Boot::bootWeb(Object(Config\Paths))
CRITICAL - 2025-11-09 12:50:07 --> [Caused by] CodeIgniter\Database\Exceptions\DatabaseException: Table 'db_ecovision.tb_reporte' doesn't exist
in SYSTEMPATH\Database\MySQLi\Connection.php on line 332.
 1 SYSTEMPATH\Database\BaseConnection.php(729): CodeIgniter\Database\MySQLi\Connection->execute('SELECT *
FROM `tb_reporte`')
 2 SYSTEMPATH\Database\BaseConnection.php(646): CodeIgniter\Database\BaseConnection->simpleQuery('SELECT *
FROM `tb_reporte`')
 3 SYSTEMPATH\Database\BaseBuilder.php(1649): CodeIgniter\Database\BaseConnection->query('SELECT *
FROM `tb_reporte`', [], false)
 4 SYSTEMPATH\Model.php(286): CodeIgniter\Database\BaseBuilder->get()
 5 SYSTEMPATH\BaseModel.php(677): CodeIgniter\Model->doFindAll(0, 0)
 6 APPPATH\Controllers\MapaController.php(21): CodeIgniter\BaseModel->findAll()
 7 SYSTEMPATH\CodeIgniter.php(933): App\Controllers\MapaController->index()
 8 SYSTEMPATH\CodeIgniter.php(507): CodeIgniter\CodeIgniter->runController(Object(App\Controllers\MapaController))
 9 SYSTEMPATH\CodeIgniter.php(354): CodeIgniter\CodeIgniter->handleRequest(null, Object(Config\Cache), false)
10 SYSTEMPATH\Boot.php(363): CodeIgniter\CodeIgniter->run()
11 SYSTEMPATH\Boot.php(68): CodeIgniter\Boot::runCodeIgniter(Object(CodeIgniter\CodeIgniter))
12 FCPATH\index.php(59): CodeIgniter\Boot::bootWeb(Object(Config\Paths))
CRITICAL - 2025-11-09 12:50:07 --> [Caused by] mysqli_sql_exception: Table 'db_ecovision.tb_reporte' doesn't exist
in SYSTEMPATH\Database\MySQLi\Connection.php on line 327.
 1 SYSTEMPATH\Database\MySQLi\Connection.php(327): mysqli->query('SELECT *
FROM `tb_reporte`', 0)
 2 SYSTEMPATH\Database\BaseConnection.php(729): CodeIgniter\Database\MySQLi\Connection->execute('SELECT *
FROM `tb_reporte`')
 3 SYSTEMPATH\Database\BaseConnection.php(646): CodeIgniter\Database\BaseConnection->simpleQuery('SELECT *
FROM `tb_reporte`')
 4 SYSTEMPATH\Database\BaseBuilder.php(1649): CodeIgniter\Database\BaseConnection->query('SELECT *
FROM `tb_reporte`', [], false)
 5 SYSTEMPATH\Model.php(286): CodeIgniter\Database\BaseBuilder->get()
 6 SYSTEMPATH\BaseModel.php(677): CodeIgniter\Model->doFindAll(0, 0)
 7 APPPATH\Controllers\MapaController.php(21): CodeIgniter\BaseModel->findAll()
 8 SYSTEMPATH\CodeIgniter.php(933): App\Controllers\MapaController->index()
 9 SYSTEMPATH\CodeIgniter.php(507): CodeIgniter\CodeIgniter->runController(Object(App\Controllers\MapaController))
10 SYSTEMPATH\CodeIgniter.php(354): CodeIgniter\CodeIgniter->handleRequest(null, Object(Config\Cache), false)
11 SYSTEMPATH\Boot.php(363): CodeIgniter\CodeIgniter->run()
12 SYSTEMPATH\Boot.php(68): CodeIgniter\Boot::runCodeIgniter(Object(CodeIgniter\CodeIgniter))
13 FCPATH\index.php(59): CodeIgniter\Boot::bootWeb(Object(Config\Paths))
DEBUG - 2025-11-09 12:50:16 --> Session: Class initialized using 'CodeIgniter\Session\Handlers\FileHandler' driver.
CRITICAL - 2025-11-09 12:50:16 --> ErrorException: Undefined array key "rep_imagen"
[Method: GET, Route: admin/mapa]
in APPPATH\Views\admin\vw_mapa.php on line 50.
 1 APPPATH\Views\admin\vw_mapa.php(50): CodeIgniter\Debug\Exceptions->errorHandler(2, 'Undefined array key "rep_imagen"', 'C:\\xampp\\htdocs\\ecovision\\app\\Views\\admin\\vw_mapa.php', 50)
 2 SYSTEMPATH\View\View.php(226): include('C:\\xampp\\htdocs\\ecovision\\app\\Views\\admin\\vw_mapa.php')
 3 SYSTEMPATH\View\View.php(229): CodeIgniter\View\View->CodeIgniter\View\{closure}()
 4 SYSTEMPATH\Common.php(1167): CodeIgniter\View\View->render('admin/vw_mapa', [], true)
 5 APPPATH\Controllers\MapaController.php(27): view('admin/vw_mapa', [...])
 6 SYSTEMPATH\CodeIgniter.php(933): App\Controllers\MapaController->index()
 7 SYSTEMPATH\CodeIgniter.php(507): CodeIgniter\CodeIgniter->runController(Object(App\Controllers\MapaController))
 8 SYSTEMPATH\CodeIgniter.php(354): CodeIgniter\CodeIgniter->handleRequest(null, Object(Config\Cache), false)
 9 SYSTEMPATH\Boot.php(363): CodeIgniter\CodeIgniter->run()
10 SYSTEMPATH\Boot.php(68): CodeIgniter\Boot::runCodeIgniter(Object(CodeIgniter\CodeIgniter))
11 FCPATH\index.php(59): CodeIgniter\Boot::bootWeb(Object(Config\Paths))
DEBUG - 2025-11-09 12:50:55 --> Session: Class initialized using 'CodeIgniter\Session\Handlers\FileHandler' driver.
CRITICAL - 2025-11-09 12:50:55 --> ErrorException: Undefined array key "rep_nivel"
[Method: GET, Route: admin/mapa]
in APPPATH\Views\admin\vw_mapa.php on line 54.
 1 APPPATH\Views\admin\vw_mapa.php(54): CodeIgniter\Debug\Exceptions->errorHandler(2, 'Undefined array key "rep_nivel"', 'C:\\xampp\\htdocs\\ecovision\\app\\Views\\admin\\vw_mapa.php', 54)
 2 SYSTEMPATH\View\View.php(226): include('C:\\xampp\\htdocs\\ecovision\\app\\Views\\admin\\vw_mapa.php')
 3 SYSTEMPATH\View\View.php(229): CodeIgniter\View\View->CodeIgniter\View\{closure}()
 4 SYSTEMPATH\Common.php(1167): CodeIgniter\View\View->render('admin/vw_mapa', [], true)
 5 APPPATH\Controllers\MapaController.php(27): view('admin/vw_mapa', [...])
 6 SYSTEMPATH\CodeIgniter.php(933): App\Controllers\MapaController->index()
 7 SYSTEMPATH\CodeIgniter.php(507): CodeIgniter\CodeIgniter->runController(Object(App\Controllers\MapaController))
 8 SYSTEMPATH\CodeIgniter.php(354): CodeIgniter\CodeIgniter->handleRequest(null, Object(Config\Cache), false)
 9 SYSTEMPATH\Boot.php(363): CodeIgniter\CodeIgniter->run()
10 SYSTEMPATH\Boot.php(68): CodeIgniter\Boot::runCodeIgniter(Object(CodeIgniter\CodeIgniter))
11 FCPATH\index.php(59): CodeIgniter\Boot::bootWeb(Object(Config\Paths))
DEBUG - 2025-11-09 13:28:27 --> Session: Class initialized using 'CodeIgniter\Session\Handlers\FileHandler' driver.
CRITICAL - 2025-11-09 13:28:27 --> CodeIgniter\Exceptions\BadMethodCallException: Call to undefined method App\Models\ReporteModel::contarPorEstado
[Method: GET, Route: admin/mapa]
in SYSTEMPATH\Model.php on line 927.
 1 APPPATH\Controllers\MapaController.php(22): CodeIgniter\Model->__call('contarPorEstado', [])
 2 SYSTEMPATH\CodeIgniter.php(933): App\Controllers\MapaController->index()
 3 SYSTEMPATH\CodeIgniter.php(507): CodeIgniter\CodeIgniter->runController(Object(App\Controllers\MapaController))
 4 SYSTEMPATH\CodeIgniter.php(354): CodeIgniter\CodeIgniter->handleRequest(null, Object(Config\Cache), false)
 5 SYSTEMPATH\Boot.php(363): CodeIgniter\CodeIgniter->run()
 6 SYSTEMPATH\Boot.php(68): CodeIgniter\Boot::runCodeIgniter(Object(CodeIgniter\CodeIgniter))
 7 FCPATH\index.php(59): CodeIgniter\Boot::bootWeb(Object(Config\Paths))
DEBUG - 2025-11-09 13:29:08 --> Session: Class initialized using 'CodeIgniter\Session\Handlers\FileHandler' driver.
CRITICAL - 2025-11-09 13:29:08 --> ErrorException: Cannot redeclare App\Models\ReporteModel::contarPorEstado()
[Method: GET, Route: admin/mapa]
in APPPATH\Models\ReporteModel.php on line 40.
 1 [internal function]: CodeIgniter\Debug\Exceptions->shutdownHandler()
DEBUG - 2025-11-09 13:29:58 --> Session: Class initialized using 'CodeIgniter\Session\Handlers\FileHandler' driver.
CRITICAL - 2025-11-09 13:29:58 --> ErrorException: Undefined array key "rep_nivel"
[Method: GET, Route: admin/mapa]
in APPPATH\Views\admin\vw_mapa.php on line 54.
 1 APPPATH\Views\admin\vw_mapa.php(54): CodeIgniter\Debug\Exceptions->errorHandler(2, 'Undefined array key "rep_nivel"', 'C:\\xampp\\htdocs\\ecovision\\app\\Views\\admin\\vw_mapa.php', 54)
 2 SYSTEMPATH\View\View.php(226): include('C:\\xampp\\htdocs\\ecovision\\app\\Views\\admin\\vw_mapa.php')
 3 SYSTEMPATH\View\View.php(229): CodeIgniter\View\View->CodeIgniter\View\{closure}()
 4 SYSTEMPATH\Common.php(1167): CodeIgniter\View\View->render('admin/vw_mapa', [], true)
 5 APPPATH\Controllers\MapaController.php(27): view('admin/vw_mapa', [...])
 6 SYSTEMPATH\CodeIgniter.php(933): App\Controllers\MapaController->index()
 7 SYSTEMPATH\CodeIgniter.php(507): CodeIgniter\CodeIgniter->runController(Object(App\Controllers\MapaController))
 8 SYSTEMPATH\CodeIgniter.php(354): CodeIgniter\CodeIgniter->handleRequest(null, Object(Config\Cache), false)
 9 SYSTEMPATH\Boot.php(363): CodeIgniter\CodeIgniter->run()
10 SYSTEMPATH\Boot.php(68): CodeIgniter\Boot::runCodeIgniter(Object(CodeIgniter\CodeIgniter))
11 FCPATH\index.php(59): CodeIgniter\Boot::bootWeb(Object(Config\Paths))
DEBUG - 2025-11-09 13:30:50 --> Session: Class initialized using 'CodeIgniter\Session\Handlers\FileHandler' driver.
CRITICAL - 2025-11-09 13:30:50 --> ErrorException: Undefined array key "nivel_contaminacion"
[Method: GET, Route: admin/mapa]
in APPPATH\Views\admin\vw_mapa.php on line 54.
 1 APPPATH\Views\admin\vw_mapa.php(54): CodeIgniter\Debug\Exceptions->errorHandler(2, 'Undefined array key "nivel_contaminacion"', 'C:\\xampp\\htdocs\\ecovision\\app\\Views\\admin\\vw_mapa.php', 54)
 2 SYSTEMPATH\View\View.php(226): include('C:\\xampp\\htdocs\\ecovision\\app\\Views\\admin\\vw_mapa.php')
 3 SYSTEMPATH\View\View.php(229): CodeIgniter\View\View->CodeIgniter\View\{closure}()
 4 SYSTEMPATH\Common.php(1167): CodeIgniter\View\View->render('admin/vw_mapa', [], true)
 5 APPPATH\Controllers\MapaController.php(27): view('admin/vw_mapa', [...])
 6 SYSTEMPATH\CodeIgniter.php(933): App\Controllers\MapaController->index()
 7 SYSTEMPATH\CodeIgniter.php(507): CodeIgniter\CodeIgniter->runController(Object(App\Controllers\MapaController))
 8 SYSTEMPATH\CodeIgniter.php(354): CodeIgniter\CodeIgniter->handleRequest(null, Object(Config\Cache), false)
 9 SYSTEMPATH\Boot.php(363): CodeIgniter\CodeIgniter->run()
10 SYSTEMPATH\Boot.php(68): CodeIgniter\Boot::runCodeIgniter(Object(CodeIgniter\CodeIgniter))
11 FCPATH\index.php(59): CodeIgniter\Boot::bootWeb(Object(Config\Paths))
DEBUG - 2025-11-09 13:31:26 --> Session: Class initialized using 'CodeIgniter\Session\Handlers\FileHandler' driver.
CRITICAL - 2025-11-09 13:31:26 --> ErrorException: Undefined array key "nivel_contaminacion"
[Method: GET, Route: admin/mapa]
in APPPATH\Views\admin\vw_mapa.php on line 54.
 1 APPPATH\Views\admin\vw_mapa.php(54): CodeIgniter\Debug\Exceptions->errorHandler(2, 'Undefined array key "nivel_contaminacion"', 'C:\\xampp\\htdocs\\ecovision\\app\\Views\\admin\\vw_mapa.php', 54)
 2 SYSTEMPATH\View\View.php(226): include('C:\\xampp\\htdocs\\ecovision\\app\\Views\\admin\\vw_mapa.php')
 3 SYSTEMPATH\View\View.php(229): CodeIgniter\View\View->CodeIgniter\View\{closure}()
 4 SYSTEMPATH\Common.php(1167): CodeIgniter\View\View->render('admin/vw_mapa', [], true)
 5 APPPATH\Controllers\MapaController.php(27): view('admin/vw_mapa', [...])
 6 SYSTEMPATH\CodeIgniter.php(933): App\Controllers\MapaController->index()
 7 SYSTEMPATH\CodeIgniter.php(507): CodeIgniter\CodeIgniter->runController(Object(App\Controllers\MapaController))
 8 SYSTEMPATH\CodeIgniter.php(354): CodeIgniter\CodeIgniter->handleRequest(null, Object(Config\Cache), false)
 9 SYSTEMPATH\Boot.php(363): CodeIgniter\CodeIgniter->run()
10 SYSTEMPATH\Boot.php(68): CodeIgniter\Boot::runCodeIgniter(Object(CodeIgniter\CodeIgniter))
11 FCPATH\index.php(59): CodeIgniter\Boot::bootWeb(Object(Config\Paths))
DEBUG - 2025-11-09 13:31:52 --> Session: Class initialized using 'CodeIgniter\Session\Handlers\FileHandler' driver.
CRITICAL - 2025-11-09 13:31:52 --> ErrorException: Undefined array key "nivel_contaminacion"
[Method: GET, Route: admin/mapa]
in APPPATH\Views\admin\vw_mapa.php on line 54.
 1 APPPATH\Views\admin\vw_mapa.php(54): CodeIgniter\Debug\Exceptions->errorHandler(2, 'Undefined array key "nivel_contaminacion"', 'C:\\xampp\\htdocs\\ecovision\\app\\Views\\admin\\vw_mapa.php', 54)
 2 SYSTEMPATH\View\View.php(226): include('C:\\xampp\\htdocs\\ecovision\\app\\Views\\admin\\vw_mapa.php')
 3 SYSTEMPATH\View\View.php(229): CodeIgniter\View\View->CodeIgniter\View\{closure}()
 4 SYSTEMPATH\Common.php(1167): CodeIgniter\View\View->render('admin/vw_mapa', [], true)
 5 APPPATH\Controllers\MapaController.php(27): view('admin/vw_mapa', [...])
 6 SYSTEMPATH\CodeIgniter.php(933): App\Controllers\MapaController->index()
 7 SYSTEMPATH\CodeIgniter.php(507): CodeIgniter\CodeIgniter->runController(Object(App\Controllers\MapaController))
 8 SYSTEMPATH\CodeIgniter.php(354): CodeIgniter\CodeIgniter->handleRequest(null, Object(Config\Cache), false)
 9 SYSTEMPATH\Boot.php(363): CodeIgniter\CodeIgniter->run()
10 SYSTEMPATH\Boot.php(68): CodeIgniter\Boot::runCodeIgniter(Object(CodeIgniter\CodeIgniter))
11 FCPATH\index.php(59): CodeIgniter\Boot::bootWeb(Object(Config\Paths))
DEBUG - 2025-11-09 13:32:23 --> Session: Class initialized using 'CodeIgniter\Session\Handlers\FileHandler' driver.
CRITICAL - 2025-11-09 13:32:23 --> ErrorException: Undefined array key "rep_id"
[Method: GET, Route: admin/mapa]
in APPPATH\Views\admin\vw_mapa.php on line 49.
 1 APPPATH\Views\admin\vw_mapa.php(49): CodeIgniter\Debug\Exceptions->errorHandler(2, 'Undefined array key "rep_id"', 'C:\\xampp\\htdocs\\ecovision\\app\\Views\\admin\\vw_mapa.php', 49)
 2 SYSTEMPATH\View\View.php(226): include('C:\\xampp\\htdocs\\ecovision\\app\\Views\\admin\\vw_mapa.php')
 3 SYSTEMPATH\View\View.php(229): CodeIgniter\View\View->CodeIgniter\View\{closure}()
 4 SYSTEMPATH\Common.php(1167): CodeIgniter\View\View->render('admin/vw_mapa', [], true)
 5 APPPATH\Controllers\MapaController.php(27): view('admin/vw_mapa', [...])
 6 SYSTEMPATH\CodeIgniter.php(933): App\Controllers\MapaController->index()
 7 SYSTEMPATH\CodeIgniter.php(507): CodeIgniter\CodeIgniter->runController(Object(App\Controllers\MapaController))
 8 SYSTEMPATH\CodeIgniter.php(354): CodeIgniter\CodeIgniter->handleRequest(null, Object(Config\Cache), false)
 9 SYSTEMPATH\Boot.php(363): CodeIgniter\CodeIgniter->run()
10 SYSTEMPATH\Boot.php(68): CodeIgniter\Boot::runCodeIgniter(Object(CodeIgniter\CodeIgniter))
11 FCPATH\index.php(59): CodeIgniter\Boot::bootWeb(Object(Config\Paths))
DEBUG - 2025-11-09 13:33:39 --> Session: Class initialized using 'CodeIgniter\Session\Handlers\FileHandler' driver.
CRITICAL - 2025-11-09 13:33:39 --> ErrorException: Undefined array key "rep_id"
[Method: GET, Route: admin/mapa]
in APPPATH\Views\admin\vw_mapa.php on line 49.
 1 APPPATH\Views\admin\vw_mapa.php(49): CodeIgniter\Debug\Exceptions->errorHandler(2, 'Undefined array key "rep_id"', 'C:\\xampp\\htdocs\\ecovision\\app\\Views\\admin\\vw_mapa.php', 49)
 2 SYSTEMPATH\View\View.php(226): include('C:\\xampp\\htdocs\\ecovision\\app\\Views\\admin\\vw_mapa.php')
 3 SYSTEMPATH\View\View.php(229): CodeIgniter\View\View->CodeIgniter\View\{closure}()
 4 SYSTEMPATH\Common.php(1167): CodeIgniter\View\View->render('admin/vw_mapa', [], true)
 5 APPPATH\Controllers\MapaController.php(27): view('admin/vw_mapa', [...])
 6 SYSTEMPATH\CodeIgniter.php(933): App\Controllers\MapaController->index()
 7 SYSTEMPATH\CodeIgniter.php(507): CodeIgniter\CodeIgniter->runController(Object(App\Controllers\MapaController))
 8 SYSTEMPATH\CodeIgniter.php(354): CodeIgniter\CodeIgniter->handleRequest(null, Object(Config\Cache), false)
 9 SYSTEMPATH\Boot.php(363): CodeIgniter\CodeIgniter->run()
10 SYSTEMPATH\Boot.php(68): CodeIgniter\Boot::runCodeIgniter(Object(CodeIgniter\CodeIgniter))
11 FCPATH\index.php(59): CodeIgniter\Boot::bootWeb(Object(Config\Paths))
DEBUG - 2025-11-09 13:33:44 --> Session: Class initialized using 'CodeIgniter\Session\Handlers\FileHandler' driver.
CRITICAL - 2025-11-09 13:33:44 --> ErrorException: Undefined array key "rep_imagen"
[Method: GET, Route: admin/mapa]
in APPPATH\Views\admin\vw_mapa.php on line 50.
 1 APPPATH\Views\admin\vw_mapa.php(50): CodeIgniter\Debug\Exceptions->errorHandler(2, 'Undefined array key "rep_imagen"', 'C:\\xampp\\htdocs\\ecovision\\app\\Views\\admin\\vw_mapa.php', 50)
 2 SYSTEMPATH\View\View.php(226): include('C:\\xampp\\htdocs\\ecovision\\app\\Views\\admin\\vw_mapa.php')
 3 SYSTEMPATH\View\View.php(229): CodeIgniter\View\View->CodeIgniter\View\{closure}()
 4 SYSTEMPATH\Common.php(1167): CodeIgniter\View\View->render('admin/vw_mapa', [], true)
 5 APPPATH\Controllers\MapaController.php(27): view('admin/vw_mapa', [...])
 6 SYSTEMPATH\CodeIgniter.php(933): App\Controllers\MapaController->index()
 7 SYSTEMPATH\CodeIgniter.php(507): CodeIgniter\CodeIgniter->runController(Object(App\Controllers\MapaController))
 8 SYSTEMPATH\CodeIgniter.php(354): CodeIgniter\CodeIgniter->handleRequest(null, Object(Config\Cache), false)
 9 SYSTEMPATH\Boot.php(363): CodeIgniter\CodeIgniter->run()
10 SYSTEMPATH\Boot.php(68): CodeIgniter\Boot::runCodeIgniter(Object(CodeIgniter\CodeIgniter))
11 FCPATH\index.php(59): CodeIgniter\Boot::bootWeb(Object(Config\Paths))
DEBUG - 2025-11-09 13:34:00 --> Session: Class initialized using 'CodeIgniter\Session\Handlers\FileHandler' driver.
CRITICAL - 2025-11-09 13:34:00 --> ErrorException: Undefined array key "rep_titulo"
[Method: GET, Route: admin/mapa]
in APPPATH\Views\admin\vw_mapa.php on line 52.
 1 APPPATH\Views\admin\vw_mapa.php(52): CodeIgniter\Debug\Exceptions->errorHandler(2, 'Undefined array key "rep_titulo"', 'C:\\xampp\\htdocs\\ecovision\\app\\Views\\admin\\vw_mapa.php', 52)
 2 SYSTEMPATH\View\View.php(226): include('C:\\xampp\\htdocs\\ecovision\\app\\Views\\admin\\vw_mapa.php')
 3 SYSTEMPATH\View\View.php(229): CodeIgniter\View\View->CodeIgniter\View\{closure}()
 4 SYSTEMPATH\Common.php(1167): CodeIgniter\View\View->render('admin/vw_mapa', [], true)
 5 APPPATH\Controllers\MapaController.php(27): view('admin/vw_mapa', [...])
 6 SYSTEMPATH\CodeIgniter.php(933): App\Controllers\MapaController->index()
 7 SYSTEMPATH\CodeIgniter.php(507): CodeIgniter\CodeIgniter->runController(Object(App\Controllers\MapaController))
 8 SYSTEMPATH\CodeIgniter.php(354): CodeIgniter\CodeIgniter->handleRequest(null, Object(Config\Cache), false)
 9 SYSTEMPATH\Boot.php(363): CodeIgniter\CodeIgniter->run()
10 SYSTEMPATH\Boot.php(68): CodeIgniter\Boot::runCodeIgniter(Object(CodeIgniter\CodeIgniter))
11 FCPATH\index.php(59): CodeIgniter\Boot::bootWeb(Object(Config\Paths))
DEBUG - 2025-11-09 13:34:36 --> Session: Class initialized using 'CodeIgniter\Session\Handlers\FileHandler' driver.
CRITICAL - 2025-11-09 13:34:36 --> ErrorException: Undefined array key "nivel_contaminacion"
[Method: GET, Route: admin/mapa]
in APPPATH\Views\admin\vw_mapa.php on line 54.
 1 APPPATH\Views\admin\vw_mapa.php(54): CodeIgniter\Debug\Exceptions->errorHandler(2, 'Undefined array key "nivel_contaminacion"', 'C:\\xampp\\htdocs\\ecovision\\app\\Views\\admin\\vw_mapa.php', 54)
 2 SYSTEMPATH\View\View.php(226): include('C:\\xampp\\htdocs\\ecovision\\app\\Views\\admin\\vw_mapa.php')
 3 SYSTEMPATH\View\View.php(229): CodeIgniter\View\View->CodeIgniter\View\{closure}()
 4 SYSTEMPATH\Common.php(1167): CodeIgniter\View\View->render('admin/vw_mapa', [], true)
 5 APPPATH\Controllers\MapaController.php(27): view('admin/vw_mapa', [...])
 6 SYSTEMPATH\CodeIgniter.php(933): App\Controllers\MapaController->index()
 7 SYSTEMPATH\CodeIgniter.php(507): CodeIgniter\CodeIgniter->runController(Object(App\Controllers\MapaController))
 8 SYSTEMPATH\CodeIgniter.php(354): CodeIgniter\CodeIgniter->handleRequest(null, Object(Config\Cache), false)
 9 SYSTEMPATH\Boot.php(363): CodeIgniter\CodeIgniter->run()
10 SYSTEMPATH\Boot.php(68): CodeIgniter\Boot::runCodeIgniter(Object(CodeIgniter\CodeIgniter))
11 FCPATH\index.php(59): CodeIgniter\Boot::bootWeb(Object(Config\Paths))
DEBUG - 2025-11-09 13:34:49 --> Session: Class initialized using 'CodeIgniter\Session\Handlers\FileHandler' driver.
WARNING - 2025-11-09 13:34:49 --> [DEPRECATED] ucfirst(): Passing null to parameter #1 ($string) of type string is deprecated in APPPATH\Views\admin\vw_mapa.php on line 54.
 1 APPPATH\Views\admin\vw_mapa.php(54): ucfirst(null)
 2 SYSTEMPATH\View\View.php(226): include('C:\\xampp\\htdocs\\ecovision\\app\\Views\\admin\\vw_mapa.php')
 3 SYSTEMPATH\View\View.php(229): CodeIgniter\View\View->CodeIgniter\View\{closure}()
 4 SYSTEMPATH\Common.php(1167): CodeIgniter\View\View->render('admin/vw_mapa', [], true)
 5 APPPATH\Controllers\MapaController.php(27): view('admin/vw_mapa', [...])
 6 SYSTEMPATH\CodeIgniter.php(933): App\Controllers\MapaController->index()
 7 SYSTEMPATH\CodeIgniter.php(507): CodeIgniter\CodeIgniter->runController(Object(App\Controllers\MapaController))
 8 SYSTEMPATH\CodeIgniter.php(354): CodeIgniter\CodeIgniter->handleRequest(null, Object(Config\Cache), false)
 9 SYSTEMPATH\Boot.php(363): CodeIgniter\CodeIgniter->run()
10 SYSTEMPATH\Boot.php(68): CodeIgniter\Boot::runCodeIgniter(Object(CodeIgniter\CodeIgniter))
11 FCPATH\index.php(59): CodeIgniter\Boot::bootWeb(Object(Config\Paths))
WARNING - 2025-11-09 13:34:49 --> [DEPRECATED] ucfirst(): Passing null to parameter #1 ($string) of type string is deprecated in APPPATH\Views\admin\vw_mapa.php on line 54.
 1 APPPATH\Views\admin\vw_mapa.php(54): ucfirst(null)
 2 SYSTEMPATH\View\View.php(226): include('C:\\xampp\\htdocs\\ecovision\\app\\Views\\admin\\vw_mapa.php')
 3 SYSTEMPATH\View\View.php(229): CodeIgniter\View\View->CodeIgniter\View\{closure}()
 4 SYSTEMPATH\Common.php(1167): CodeIgniter\View\View->render('admin/vw_mapa', [], true)
 5 APPPATH\Controllers\MapaController.php(27): view('admin/vw_mapa', [...])
 6 SYSTEMPATH\CodeIgniter.php(933): App\Controllers\MapaController->index()
 7 SYSTEMPATH\CodeIgniter.php(507): CodeIgniter\CodeIgniter->runController(Object(App\Controllers\MapaController))
 8 SYSTEMPATH\CodeIgniter.php(354): CodeIgniter\CodeIgniter->handleRequest(null, Object(Config\Cache), false)
 9 SYSTEMPATH\Boot.php(363): CodeIgniter\CodeIgniter->run()
10 SYSTEMPATH\Boot.php(68): CodeIgniter\Boot::runCodeIgniter(Object(CodeIgniter\CodeIgniter))
11 FCPATH\index.php(59): CodeIgniter\Boot::bootWeb(Object(Config\Paths))
WARNING - 2025-11-09 13:34:49 --> [DEPRECATED] ucfirst(): Passing null to parameter #1 ($string) of type string is deprecated in APPPATH\Views\admin\vw_mapa.php on line 54.
 1 APPPATH\Views\admin\vw_mapa.php(54): ucfirst(null)
 2 SYSTEMPATH\View\View.php(226): include('C:\\xampp\\htdocs\\ecovision\\app\\Views\\admin\\vw_mapa.php')
 3 SYSTEMPATH\View\View.php(229): CodeIgniter\View\View->CodeIgniter\View\{closure}()
 4 SYSTEMPATH\Common.php(1167): CodeIgniter\View\View->render('admin/vw_mapa', [], true)
 5 APPPATH\Controllers\MapaController.php(27): view('admin/vw_mapa', [...])
 6 SYSTEMPATH\CodeIgniter.php(933): App\Controllers\MapaController->index()
 7 SYSTEMPATH\CodeIgniter.php(507): CodeIgniter\CodeIgniter->runController(Object(App\Controllers\MapaController))
 8 SYSTEMPATH\CodeIgniter.php(354): CodeIgniter\CodeIgniter->handleRequest(null, Object(Config\Cache), false)
 9 SYSTEMPATH\Boot.php(363): CodeIgniter\CodeIgniter->run()
10 SYSTEMPATH\Boot.php(68): CodeIgniter\Boot::runCodeIgniter(Object(CodeIgniter\CodeIgniter))
11 FCPATH\index.php(59): CodeIgniter\Boot::bootWeb(Object(Config\Paths))
WARNING - 2025-11-09 13:34:49 --> [DEPRECATED] ucfirst(): Passing null to parameter #1 ($string) of type string is deprecated in APPPATH\Views\admin\vw_mapa.php on line 54.
 1 APPPATH\Views\admin\vw_mapa.php(54): ucfirst(null)
 2 SYSTEMPATH\View\View.php(226): include('C:\\xampp\\htdocs\\ecovision\\app\\Views\\admin\\vw_mapa.php')
 3 SYSTEMPATH\View\View.php(229): CodeIgniter\View\View->CodeIgniter\View\{closure}()
 4 SYSTEMPATH\Common.php(1167): CodeIgniter\View\View->render('admin/vw_mapa', [], true)
 5 APPPATH\Controllers\MapaController.php(27): view('admin/vw_mapa', [...])
 6 SYSTEMPATH\CodeIgniter.php(933): App\Controllers\MapaController->index()
 7 SYSTEMPATH\CodeIgniter.php(507): CodeIgniter\CodeIgniter->runController(Object(App\Controllers\MapaController))
 8 SYSTEMPATH\CodeIgniter.php(354): CodeIgniter\CodeIgniter->handleRequest(null, Object(Config\Cache), false)
 9 SYSTEMPATH\Boot.php(363): CodeIgniter\CodeIgniter->run()
10 SYSTEMPATH\Boot.php(68): CodeIgniter\Boot::runCodeIgniter(Object(CodeIgniter\CodeIgniter))
11 FCPATH\index.php(59): CodeIgniter\Boot::bootWeb(Object(Config\Paths))
WARNING - 2025-11-09 13:34:49 --> [DEPRECATED] ucfirst(): Passing null to parameter #1 ($string) of type string is deprecated in APPPATH\Views\admin\vw_mapa.php on line 54.
 1 APPPATH\Views\admin\vw_mapa.php(54): ucfirst(null)
 2 SYSTEMPATH\View\View.php(226): include('C:\\xampp\\htdocs\\ecovision\\app\\Views\\admin\\vw_mapa.php')
 3 SYSTEMPATH\View\View.php(229): CodeIgniter\View\View->CodeIgniter\View\{closure}()
 4 SYSTEMPATH\Common.php(1167): CodeIgniter\View\View->render('admin/vw_mapa', [], true)
 5 APPPATH\Controllers\MapaController.php(27): view('admin/vw_mapa', [...])
 6 SYSTEMPATH\CodeIgniter.php(933): App\Controllers\MapaController->index()
 7 SYSTEMPATH\CodeIgniter.php(507): CodeIgniter\CodeIgniter->runController(Object(App\Controllers\MapaController))
 8 SYSTEMPATH\CodeIgniter.php(354): CodeIgniter\CodeIgniter->handleRequest(null, Object(Config\Cache), false)
 9 SYSTEMPATH\Boot.php(363): CodeIgniter\CodeIgniter->run()
10 SYSTEMPATH\Boot.php(68): CodeIgniter\Boot::runCodeIgniter(Object(CodeIgniter\CodeIgniter))
11 FCPATH\index.php(59): CodeIgniter\Boot::bootWeb(Object(Config\Paths))
CRITICAL - 2025-11-09 13:34:49 --> CodeIgniter\View\Exceptions\ViewException: Invalid file: "mapa/modal_form.php"
[Method: GET, Route: admin/mapa]
in SYSTEMPATH\Exceptions\FrameworkException.php on line 39.
 1 SYSTEMPATH\View\View.php(214): CodeIgniter\Exceptions\FrameworkException::forInvalidFile('mapa/modal_form.php')
 2 SYSTEMPATH\Common.php(1167): CodeIgniter\View\View->render('mapa/modal_form', [], true)
 3 APPPATH\Views\admin\vw_mapa.php(67): view('mapa/modal_form')
 4 SYSTEMPATH\View\View.php(226): include('C:\\xampp\\htdocs\\ecovision\\app\\Views\\admin\\vw_mapa.php')
 5 SYSTEMPATH\View\View.php(229): CodeIgniter\View\View->CodeIgniter\View\{closure}()
 6 SYSTEMPATH\Common.php(1167): CodeIgniter\View\View->render('admin/vw_mapa', [], true)
 7 APPPATH\Controllers\MapaController.php(27): view('admin/vw_mapa', [...])
 8 SYSTEMPATH\CodeIgniter.php(933): App\Controllers\MapaController->index()
 9 SYSTEMPATH\CodeIgniter.php(507): CodeIgniter\CodeIgniter->runController(Object(App\Controllers\MapaController))
10 SYSTEMPATH\CodeIgniter.php(354): CodeIgniter\CodeIgniter->handleRequest(null, Object(Config\Cache), false)
11 SYSTEMPATH\Boot.php(363): CodeIgniter\CodeIgniter->run()
12 SYSTEMPATH\Boot.php(68): CodeIgniter\Boot::runCodeIgniter(Object(CodeIgniter\CodeIgniter))
13 FCPATH\index.php(59): CodeIgniter\Boot::bootWeb(Object(Config\Paths))
DEBUG - 2025-11-09 13:36:13 --> Session: Class initialized using 'CodeIgniter\Session\Handlers\FileHandler' driver.
WARNING - 2025-11-09 13:36:13 --> [DEPRECATED] ucfirst(): Passing null to parameter #1 ($string) of type string is deprecated in APPPATH\Views\admin\vw_mapa.php on line 54.
 1 APPPATH\Views\admin\vw_mapa.php(54): ucfirst(null)
 2 SYSTEMPATH\View\View.php(226): include('C:\\xampp\\htdocs\\ecovision\\app\\Views\\admin\\vw_mapa.php')
 3 SYSTEMPATH\View\View.php(229): CodeIgniter\View\View->CodeIgniter\View\{closure}()
 4 SYSTEMPATH\Common.php(1167): CodeIgniter\View\View->render('admin/vw_mapa', [], true)
 5 APPPATH\Controllers\MapaController.php(27): view('admin/vw_mapa', [...])
 6 SYSTEMPATH\CodeIgniter.php(933): App\Controllers\MapaController->index()
 7 SYSTEMPATH\CodeIgniter.php(507): CodeIgniter\CodeIgniter->runController(Object(App\Controllers\MapaController))
 8 SYSTEMPATH\CodeIgniter.php(354): CodeIgniter\CodeIgniter->handleRequest(null, Object(Config\Cache), false)
 9 SYSTEMPATH\Boot.php(363): CodeIgniter\CodeIgniter->run()
10 SYSTEMPATH\Boot.php(68): CodeIgniter\Boot::runCodeIgniter(Object(CodeIgniter\CodeIgniter))
11 FCPATH\index.php(59): CodeIgniter\Boot::bootWeb(Object(Config\Paths))
WARNING - 2025-11-09 13:36:13 --> [DEPRECATED] ucfirst(): Passing null to parameter #1 ($string) of type string is deprecated in APPPATH\Views\admin\vw_mapa.php on line 54.
 1 APPPATH\Views\admin\vw_mapa.php(54): ucfirst(null)
 2 SYSTEMPATH\View\View.php(226): include('C:\\xampp\\htdocs\\ecovision\\app\\Views\\admin\\vw_mapa.php')
 3 SYSTEMPATH\View\View.php(229): CodeIgniter\View\View->CodeIgniter\View\{closure}()
 4 SYSTEMPATH\Common.php(1167): CodeIgniter\View\View->render('admin/vw_mapa', [], true)
 5 APPPATH\Controllers\MapaController.php(27): view('admin/vw_mapa', [...])
 6 SYSTEMPATH\CodeIgniter.php(933): App\Controllers\MapaController->index()
 7 SYSTEMPATH\CodeIgniter.php(507): CodeIgniter\CodeIgniter->runController(Object(App\Controllers\MapaController))
 8 SYSTEMPATH\CodeIgniter.php(354): CodeIgniter\CodeIgniter->handleRequest(null, Object(Config\Cache), false)
 9 SYSTEMPATH\Boot.php(363): CodeIgniter\CodeIgniter->run()
10 SYSTEMPATH\Boot.php(68): CodeIgniter\Boot::runCodeIgniter(Object(CodeIgniter\CodeIgniter))
11 FCPATH\index.php(59): CodeIgniter\Boot::bootWeb(Object(Config\Paths))
WARNING - 2025-11-09 13:36:13 --> [DEPRECATED] ucfirst(): Passing null to parameter #1 ($string) of type string is deprecated in APPPATH\Views\admin\vw_mapa.php on line 54.
 1 APPPATH\Views\admin\vw_mapa.php(54): ucfirst(null)
 2 SYSTEMPATH\View\View.php(226): include('C:\\xampp\\htdocs\\ecovision\\app\\Views\\admin\\vw_mapa.php')
 3 SYSTEMPATH\View\View.php(229): CodeIgniter\View\View->CodeIgniter\View\{closure}()
 4 SYSTEMPATH\Common.php(1167): CodeIgniter\View\View->render('admin/vw_mapa', [], true)
 5 APPPATH\Controllers\MapaController.php(27): view('admin/vw_mapa', [...])
 6 SYSTEMPATH\CodeIgniter.php(933): App\Controllers\MapaController->index()
 7 SYSTEMPATH\CodeIgniter.php(507): CodeIgniter\CodeIgniter->runController(Object(App\Controllers\MapaController))
 8 SYSTEMPATH\CodeIgniter.php(354): CodeIgniter\CodeIgniter->handleRequest(null, Object(Config\Cache), false)
 9 SYSTEMPATH\Boot.php(363): CodeIgniter\CodeIgniter->run()
10 SYSTEMPATH\Boot.php(68): CodeIgniter\Boot::runCodeIgniter(Object(CodeIgniter\CodeIgniter))
11 FCPATH\index.php(59): CodeIgniter\Boot::bootWeb(Object(Config\Paths))
WARNING - 2025-11-09 13:36:13 --> [DEPRECATED] ucfirst(): Passing null to parameter #1 ($string) of type string is deprecated in APPPATH\Views\admin\vw_mapa.php on line 54.
 1 APPPATH\Views\admin\vw_mapa.php(54): ucfirst(null)
 2 SYSTEMPATH\View\View.php(226): include('C:\\xampp\\htdocs\\ecovision\\app\\Views\\admin\\vw_mapa.php')
 3 SYSTEMPATH\View\View.php(229): CodeIgniter\View\View->CodeIgniter\View\{closure}()
 4 SYSTEMPATH\Common.php(1167): CodeIgniter\View\View->render('admin/vw_mapa', [], true)
 5 APPPATH\Controllers\MapaController.php(27): view('admin/vw_mapa', [...])
 6 SYSTEMPATH\CodeIgniter.php(933): App\Controllers\MapaController->index()
 7 SYSTEMPATH\CodeIgniter.php(507): CodeIgniter\CodeIgniter->runController(Object(App\Controllers\MapaController))
 8 SYSTEMPATH\CodeIgniter.php(354): CodeIgniter\CodeIgniter->handleRequest(null, Object(Config\Cache), false)
 9 SYSTEMPATH\Boot.php(363): CodeIgniter\CodeIgniter->run()
10 SYSTEMPATH\Boot.php(68): CodeIgniter\Boot::runCodeIgniter(Object(CodeIgniter\CodeIgniter))
11 FCPATH\index.php(59): CodeIgniter\Boot::bootWeb(Object(Config\Paths))
WARNING - 2025-11-09 13:36:13 --> [DEPRECATED] ucfirst(): Passing null to parameter #1 ($string) of type string is deprecated in APPPATH\Views\admin\vw_mapa.php on line 54.
 1 APPPATH\Views\admin\vw_mapa.php(54): ucfirst(null)
 2 SYSTEMPATH\View\View.php(226): include('C:\\xampp\\htdocs\\ecovision\\app\\Views\\admin\\vw_mapa.php')
 3 SYSTEMPATH\View\View.php(229): CodeIgniter\View\View->CodeIgniter\View\{closure}()
 4 SYSTEMPATH\Common.php(1167): CodeIgniter\View\View->render('admin/vw_mapa', [], true)
 5 APPPATH\Controllers\MapaController.php(27): view('admin/vw_mapa', [...])
 6 SYSTEMPATH\CodeIgniter.php(933): App\Controllers\MapaController->index()
 7 SYSTEMPATH\CodeIgniter.php(507): CodeIgniter\CodeIgniter->runController(Object(App\Controllers\MapaController))
 8 SYSTEMPATH\CodeIgniter.php(354): CodeIgniter\CodeIgniter->handleRequest(null, Object(Config\Cache), false)
 9 SYSTEMPATH\Boot.php(363): CodeIgniter\CodeIgniter->run()
10 SYSTEMPATH\Boot.php(68): CodeIgniter\Boot::runCodeIgniter(Object(CodeIgniter\CodeIgniter))
11 FCPATH\index.php(59): CodeIgniter\Boot::bootWeb(Object(Config\Paths))
CRITICAL - 2025-11-09 13:36:13 --> ErrorException: Undefined array key "rep_latitud"
[Method: GET, Route: admin/mapa]
in APPPATH\Views\admin\vw_mapa.php on line 81.
 1 APPPATH\Views\admin\vw_mapa.php(81): CodeIgniter\Debug\Exceptions->errorHandler(2, 'Undefined array key "rep_latitud"', 'C:\\xampp\\htdocs\\ecovision\\app\\Views\\admin\\vw_mapa.php', 81)
 2 SYSTEMPATH\View\View.php(226): include('C:\\xampp\\htdocs\\ecovision\\app\\Views\\admin\\vw_mapa.php')
 3 SYSTEMPATH\View\View.php(229): CodeIgniter\View\View->CodeIgniter\View\{closure}()
 4 SYSTEMPATH\Common.php(1167): CodeIgniter\View\View->render('admin/vw_mapa', [], true)
 5 APPPATH\Controllers\MapaController.php(27): view('admin/vw_mapa', [...])
 6 SYSTEMPATH\CodeIgniter.php(933): App\Controllers\MapaController->index()
 7 SYSTEMPATH\CodeIgniter.php(507): CodeIgniter\CodeIgniter->runController(Object(App\Controllers\MapaController))
 8 SYSTEMPATH\CodeIgniter.php(354): CodeIgniter\CodeIgniter->handleRequest(null, Object(Config\Cache), false)
 9 SYSTEMPATH\Boot.php(363): CodeIgniter\CodeIgniter->run()
10 SYSTEMPATH\Boot.php(68): CodeIgniter\Boot::runCodeIgniter(Object(CodeIgniter\CodeIgniter))
11 FCPATH\index.php(59): CodeIgniter\Boot::bootWeb(Object(Config\Paths))
DEBUG - 2025-11-09 13:37:14 --> Session: Class initialized using 'CodeIgniter\Session\Handlers\FileHandler' driver.
WARNING - 2025-11-09 13:37:14 --> [DEPRECATED] ucfirst(): Passing null to parameter #1 ($string) of type string is deprecated in APPPATH\Views\admin\vw_mapa.php on line 54.
 1 APPPATH\Views\admin\vw_mapa.php(54): ucfirst(null)
 2 SYSTEMPATH\View\View.php(226): include('C:\\xampp\\htdocs\\ecovision\\app\\Views\\admin\\vw_mapa.php')
 3 SYSTEMPATH\View\View.php(229): CodeIgniter\View\View->CodeIgniter\View\{closure}()
 4 SYSTEMPATH\Common.php(1167): CodeIgniter\View\View->render('admin/vw_mapa', [], true)
 5 APPPATH\Controllers\MapaController.php(27): view('admin/vw_mapa', [...])
 6 SYSTEMPATH\CodeIgniter.php(933): App\Controllers\MapaController->index()
 7 SYSTEMPATH\CodeIgniter.php(507): CodeIgniter\CodeIgniter->runController(Object(App\Controllers\MapaController))
 8 SYSTEMPATH\CodeIgniter.php(354): CodeIgniter\CodeIgniter->handleRequest(null, Object(Config\Cache), false)
 9 SYSTEMPATH\Boot.php(363): CodeIgniter\CodeIgniter->run()
10 SYSTEMPATH\Boot.php(68): CodeIgniter\Boot::runCodeIgniter(Object(CodeIgniter\CodeIgniter))
11 FCPATH\index.php(59): CodeIgniter\Boot::bootWeb(Object(Config\Paths))
WARNING - 2025-11-09 13:37:14 --> [DEPRECATED] ucfirst(): Passing null to parameter #1 ($string) of type string is deprecated in APPPATH\Views\admin\vw_mapa.php on line 54.
 1 APPPATH\Views\admin\vw_mapa.php(54): ucfirst(null)
 2 SYSTEMPATH\View\View.php(226): include('C:\\xampp\\htdocs\\ecovision\\app\\Views\\admin\\vw_mapa.php')
 3 SYSTEMPATH\View\View.php(229): CodeIgniter\View\View->CodeIgniter\View\{closure}()
 4 SYSTEMPATH\Common.php(1167): CodeIgniter\View\View->render('admin/vw_mapa', [], true)
 5 APPPATH\Controllers\MapaController.php(27): view('admin/vw_mapa', [...])
 6 SYSTEMPATH\CodeIgniter.php(933): App\Controllers\MapaController->index()
 7 SYSTEMPATH\CodeIgniter.php(507): CodeIgniter\CodeIgniter->runController(Object(App\Controllers\MapaController))
 8 SYSTEMPATH\CodeIgniter.php(354): CodeIgniter\CodeIgniter->handleRequest(null, Object(Config\Cache), false)
 9 SYSTEMPATH\Boot.php(363): CodeIgniter\CodeIgniter->run()
10 SYSTEMPATH\Boot.php(68): CodeIgniter\Boot::runCodeIgniter(Object(CodeIgniter\CodeIgniter))
11 FCPATH\index.php(59): CodeIgniter\Boot::bootWeb(Object(Config\Paths))
WARNING - 2025-11-09 13:37:14 --> [DEPRECATED] ucfirst(): Passing null to parameter #1 ($string) of type string is deprecated in APPPATH\Views\admin\vw_mapa.php on line 54.
 1 APPPATH\Views\admin\vw_mapa.php(54): ucfirst(null)
 2 SYSTEMPATH\View\View.php(226): include('C:\\xampp\\htdocs\\ecovision\\app\\Views\\admin\\vw_mapa.php')
 3 SYSTEMPATH\View\View.php(229): CodeIgniter\View\View->CodeIgniter\View\{closure}()
 4 SYSTEMPATH\Common.php(1167): CodeIgniter\View\View->render('admin/vw_mapa', [], true)
 5 APPPATH\Controllers\MapaController.php(27): view('admin/vw_mapa', [...])
 6 SYSTEMPATH\CodeIgniter.php(933): App\Controllers\MapaController->index()
 7 SYSTEMPATH\CodeIgniter.php(507): CodeIgniter\CodeIgniter->runController(Object(App\Controllers\MapaController))
 8 SYSTEMPATH\CodeIgniter.php(354): CodeIgniter\CodeIgniter->handleRequest(null, Object(Config\Cache), false)
 9 SYSTEMPATH\Boot.php(363): CodeIgniter\CodeIgniter->run()
10 SYSTEMPATH\Boot.php(68): CodeIgniter\Boot::runCodeIgniter(Object(CodeIgniter\CodeIgniter))
11 FCPATH\index.php(59): CodeIgniter\Boot::bootWeb(Object(Config\Paths))
WARNING - 2025-11-09 13:37:14 --> [DEPRECATED] ucfirst(): Passing null to parameter #1 ($string) of type string is deprecated in APPPATH\Views\admin\vw_mapa.php on line 54.
 1 APPPATH\Views\admin\vw_mapa.php(54): ucfirst(null)
 2 SYSTEMPATH\View\View.php(226): include('C:\\xampp\\htdocs\\ecovision\\app\\Views\\admin\\vw_mapa.php')
 3 SYSTEMPATH\View\View.php(229): CodeIgniter\View\View->CodeIgniter\View\{closure}()
 4 SYSTEMPATH\Common.php(1167): CodeIgniter\View\View->render('admin/vw_mapa', [], true)
 5 APPPATH\Controllers\MapaController.php(27): view('admin/vw_mapa', [...])
 6 SYSTEMPATH\CodeIgniter.php(933): App\Controllers\MapaController->index()
 7 SYSTEMPATH\CodeIgniter.php(507): CodeIgniter\CodeIgniter->runController(Object(App\Controllers\MapaController))
 8 SYSTEMPATH\CodeIgniter.php(354): CodeIgniter\CodeIgniter->handleRequest(null, Object(Config\Cache), false)
 9 SYSTEMPATH\Boot.php(363): CodeIgniter\CodeIgniter->run()
10 SYSTEMPATH\Boot.php(68): CodeIgniter\Boot::runCodeIgniter(Object(CodeIgniter\CodeIgniter))
11 FCPATH\index.php(59): CodeIgniter\Boot::bootWeb(Object(Config\Paths))
WARNING - 2025-11-09 13:37:14 --> [DEPRECATED] ucfirst(): Passing null to parameter #1 ($string) of type string is deprecated in APPPATH\Views\admin\vw_mapa.php on line 54.
 1 APPPATH\Views\admin\vw_mapa.php(54): ucfirst(null)
 2 SYSTEMPATH\View\View.php(226): include('C:\\xampp\\htdocs\\ecovision\\app\\Views\\admin\\vw_mapa.php')
 3 SYSTEMPATH\View\View.php(229): CodeIgniter\View\View->CodeIgniter\View\{closure}()
 4 SYSTEMPATH\Common.php(1167): CodeIgniter\View\View->render('admin/vw_mapa', [], true)
 5 APPPATH\Controllers\MapaController.php(27): view('admin/vw_mapa', [...])
 6 SYSTEMPATH\CodeIgniter.php(933): App\Controllers\MapaController->index()
 7 SYSTEMPATH\CodeIgniter.php(507): CodeIgniter\CodeIgniter->runController(Object(App\Controllers\MapaController))
 8 SYSTEMPATH\CodeIgniter.php(354): CodeIgniter\CodeIgniter->handleRequest(null, Object(Config\Cache), false)
 9 SYSTEMPATH\Boot.php(363): CodeIgniter\CodeIgniter->run()
10 SYSTEMPATH\Boot.php(68): CodeIgniter\Boot::runCodeIgniter(Object(CodeIgniter\CodeIgniter))
11 FCPATH\index.php(59): CodeIgniter\Boot::bootWeb(Object(Config\Paths))
WARNING - 2025-11-09 13:37:14 --> [DEPRECATED] ucfirst(): Passing null to parameter #1 ($string) of type string is deprecated in APPPATH\Views\admin\vw_mapa.php on line 83.
 1 APPPATH\Views\admin\vw_mapa.php(83): ucfirst(null)
 2 SYSTEMPATH\View\View.php(226): include('C:\\xampp\\htdocs\\ecovision\\app\\Views\\admin\\vw_mapa.php')
 3 SYSTEMPATH\View\View.php(229): CodeIgniter\View\View->CodeIgniter\View\{closure}()
 4 SYSTEMPATH\Common.php(1167): CodeIgniter\View\View->render('admin/vw_mapa', [], true)
 5 APPPATH\Controllers\MapaController.php(27): view('admin/vw_mapa', [...])
 6 SYSTEMPATH\CodeIgniter.php(933): App\Controllers\MapaController->index()
 7 SYSTEMPATH\CodeIgniter.php(507): CodeIgniter\CodeIgniter->runController(Object(App\Controllers\MapaController))
 8 SYSTEMPATH\CodeIgniter.php(354): CodeIgniter\CodeIgniter->handleRequest(null, Object(Config\Cache), false)
 9 SYSTEMPATH\Boot.php(363): CodeIgniter\CodeIgniter->run()
10 SYSTEMPATH\Boot.php(68): CodeIgniter\Boot::runCodeIgniter(Object(CodeIgniter\CodeIgniter))
11 FCPATH\index.php(59): CodeIgniter\Boot::bootWeb(Object(Config\Paths))
WARNING - 2025-11-09 13:37:14 --> [DEPRECATED] ucfirst(): Passing null to parameter #1 ($string) of type string is deprecated in APPPATH\Views\admin\vw_mapa.php on line 83.
 1 APPPATH\Views\admin\vw_mapa.php(83): ucfirst(null)
 2 SYSTEMPATH\View\View.php(226): include('C:\\xampp\\htdocs\\ecovision\\app\\Views\\admin\\vw_mapa.php')
 3 SYSTEMPATH\View\View.php(229): CodeIgniter\View\View->CodeIgniter\View\{closure}()
 4 SYSTEMPATH\Common.php(1167): CodeIgniter\View\View->render('admin/vw_mapa', [], true)
 5 APPPATH\Controllers\MapaController.php(27): view('admin/vw_mapa', [...])
 6 SYSTEMPATH\CodeIgniter.php(933): App\Controllers\MapaController->index()
 7 SYSTEMPATH\CodeIgniter.php(507): CodeIgniter\CodeIgniter->runController(Object(App\Controllers\MapaController))
 8 SYSTEMPATH\CodeIgniter.php(354): CodeIgniter\CodeIgniter->handleRequest(null, Object(Config\Cache), false)
 9 SYSTEMPATH\Boot.php(363): CodeIgniter\CodeIgniter->run()
10 SYSTEMPATH\Boot.php(68): CodeIgniter\Boot::runCodeIgniter(Object(CodeIgniter\CodeIgniter))
11 FCPATH\index.php(59): CodeIgniter\Boot::bootWeb(Object(Config\Paths))
WARNING - 2025-11-09 13:37:14 --> [DEPRECATED] ucfirst(): Passing null to parameter #1 ($string) of type string is deprecated in APPPATH\Views\admin\vw_mapa.php on line 83.
 1 APPPATH\Views\admin\vw_mapa.php(83): ucfirst(null)
 2 SYSTEMPATH\View\View.php(226): include('C:\\xampp\\htdocs\\ecovision\\app\\Views\\admin\\vw_mapa.php')
 3 SYSTEMPATH\View\View.php(229): CodeIgniter\View\View->CodeIgniter\View\{closure}()
 4 SYSTEMPATH\Common.php(1167): CodeIgniter\View\View->render('admin/vw_mapa', [], true)
 5 APPPATH\Controllers\MapaController.php(27): view('admin/vw_mapa', [...])
 6 SYSTEMPATH\CodeIgniter.php(933): App\Controllers\MapaController->index()
 7 SYSTEMPATH\CodeIgniter.php(507): CodeIgniter\CodeIgniter->runController(Object(App\Controllers\MapaController))
 8 SYSTEMPATH\CodeIgniter.php(354): CodeIgniter\CodeIgniter->handleRequest(null, Object(Config\Cache), false)
 9 SYSTEMPATH\Boot.php(363): CodeIgniter\CodeIgniter->run()
10 SYSTEMPATH\Boot.php(68): CodeIgniter\Boot::runCodeIgniter(Object(CodeIgniter\CodeIgniter))
11 FCPATH\index.php(59): CodeIgniter\Boot::bootWeb(Object(Config\Paths))
WARNING - 2025-11-09 13:37:14 --> [DEPRECATED] ucfirst(): Passing null to parameter #1 ($string) of type string is deprecated in APPPATH\Views\admin\vw_mapa.php on line 83.
 1 APPPATH\Views\admin\vw_mapa.php(83): ucfirst(null)
 2 SYSTEMPATH\View\View.php(226): include('C:\\xampp\\htdocs\\ecovision\\app\\Views\\admin\\vw_mapa.php')
 3 SYSTEMPATH\View\View.php(229): CodeIgniter\View\View->CodeIgniter\View\{closure}()
 4 SYSTEMPATH\Common.php(1167): CodeIgniter\View\View->render('admin/vw_mapa', [], true)
 5 APPPATH\Controllers\MapaController.php(27): view('admin/vw_mapa', [...])
 6 SYSTEMPATH\CodeIgniter.php(933): App\Controllers\MapaController->index()
 7 SYSTEMPATH\CodeIgniter.php(507): CodeIgniter\CodeIgniter->runController(Object(App\Controllers\MapaController))
 8 SYSTEMPATH\CodeIgniter.php(354): CodeIgniter\CodeIgniter->handleRequest(null, Object(Config\Cache), false)
 9 SYSTEMPATH\Boot.php(363): CodeIgniter\CodeIgniter->run()
10 SYSTEMPATH\Boot.php(68): CodeIgniter\Boot::runCodeIgniter(Object(CodeIgniter\CodeIgniter))
11 FCPATH\index.php(59): CodeIgniter\Boot::bootWeb(Object(Config\Paths))
WARNING - 2025-11-09 13:37:14 --> [DEPRECATED] ucfirst(): Passing null to parameter #1 ($string) of type string is deprecated in APPPATH\Views\admin\vw_mapa.php on line 83.
 1 APPPATH\Views\admin\vw_mapa.php(83): ucfirst(null)
 2 SYSTEMPATH\View\View.php(226): include('C:\\xampp\\htdocs\\ecovision\\app\\Views\\admin\\vw_mapa.php')
 3 SYSTEMPATH\View\View.php(229): CodeIgniter\View\View->CodeIgniter\View\{closure}()
 4 SYSTEMPATH\Common.php(1167): CodeIgniter\View\View->render('admin/vw_mapa', [], true)
 5 APPPATH\Controllers\MapaController.php(27): view('admin/vw_mapa', [...])
 6 SYSTEMPATH\CodeIgniter.php(933): App\Controllers\MapaController->index()
 7 SYSTEMPATH\CodeIgniter.php(507): CodeIgniter\CodeIgniter->runController(Object(App\Controllers\MapaController))
 8 SYSTEMPATH\CodeIgniter.php(354): CodeIgniter\CodeIgniter->handleRequest(null, Object(Config\Cache), false)
 9 SYSTEMPATH\Boot.php(363): CodeIgniter\CodeIgniter->run()
10 SYSTEMPATH\Boot.php(68): CodeIgniter\Boot::runCodeIgniter(Object(CodeIgniter\CodeIgniter))
11 FCPATH\index.php(59): CodeIgniter\Boot::bootWeb(Object(Config\Paths))
DEBUG - 2025-11-09 13:40:57 --> Session: Class initialized using 'CodeIgniter\Session\Handlers\FileHandler' driver.
DEBUG - 2025-11-09 13:41:35 --> Session: Class initialized using 'CodeIgniter\Session\Handlers\FileHandler' driver.
WARNING - 2025-11-09 13:41:35 --> [DEPRECATED] ucfirst(): Passing null to parameter #1 ($string) of type string is deprecated in APPPATH\Views\admin\vw_mapacalor.php on line 58.
 1 APPPATH\Views\admin\vw_mapacalor.php(58): ucfirst(null)
 2 SYSTEMPATH\View\View.php(226): include('C:\\xampp\\htdocs\\ecovision\\app\\Views\\admin\\vw_mapacalor.php')
 3 SYSTEMPATH\View\View.php(229): CodeIgniter\View\View->CodeIgniter\View\{closure}()
 4 SYSTEMPATH\Common.php(1167): CodeIgniter\View\View->render('admin/vw_mapacalor', [], true)
 5 APPPATH\Controllers\MapaController.php(27): view('admin/vw_mapacalor', [...])
 6 SYSTEMPATH\CodeIgniter.php(933): App\Controllers\MapaController->index()
 7 SYSTEMPATH\CodeIgniter.php(507): CodeIgniter\CodeIgniter->runController(Object(App\Controllers\MapaController))
 8 SYSTEMPATH\CodeIgniter.php(354): CodeIgniter\CodeIgniter->handleRequest(null, Object(Config\Cache), false)
 9 SYSTEMPATH\Boot.php(363): CodeIgniter\CodeIgniter->run()
10 SYSTEMPATH\Boot.php(68): CodeIgniter\Boot::runCodeIgniter(Object(CodeIgniter\CodeIgniter))
11 FCPATH\index.php(59): CodeIgniter\Boot::bootWeb(Object(Config\Paths))
WARNING - 2025-11-09 13:41:35 --> [DEPRECATED] ucfirst(): Passing null to parameter #1 ($string) of type string is deprecated in APPPATH\Views\admin\vw_mapacalor.php on line 58.
 1 APPPATH\Views\admin\vw_mapacalor.php(58): ucfirst(null)
 2 SYSTEMPATH\View\View.php(226): include('C:\\xampp\\htdocs\\ecovision\\app\\Views\\admin\\vw_mapacalor.php')
 3 SYSTEMPATH\View\View.php(229): CodeIgniter\View\View->CodeIgniter\View\{closure}()
 4 SYSTEMPATH\Common.php(1167): CodeIgniter\View\View->render('admin/vw_mapacalor', [], true)
 5 APPPATH\Controllers\MapaController.php(27): view('admin/vw_mapacalor', [...])
 6 SYSTEMPATH\CodeIgniter.php(933): App\Controllers\MapaController->index()
 7 SYSTEMPATH\CodeIgniter.php(507): CodeIgniter\CodeIgniter->runController(Object(App\Controllers\MapaController))
 8 SYSTEMPATH\CodeIgniter.php(354): CodeIgniter\CodeIgniter->handleRequest(null, Object(Config\Cache), false)
 9 SYSTEMPATH\Boot.php(363): CodeIgniter\CodeIgniter->run()
10 SYSTEMPATH\Boot.php(68): CodeIgniter\Boot::runCodeIgniter(Object(CodeIgniter\CodeIgniter))
11 FCPATH\index.php(59): CodeIgniter\Boot::bootWeb(Object(Config\Paths))
WARNING - 2025-11-09 13:41:35 --> [DEPRECATED] ucfirst(): Passing null to parameter #1 ($string) of type string is deprecated in APPPATH\Views\admin\vw_mapacalor.php on line 58.
 1 APPPATH\Views\admin\vw_mapacalor.php(58): ucfirst(null)
 2 SYSTEMPATH\View\View.php(226): include('C:\\xampp\\htdocs\\ecovision\\app\\Views\\admin\\vw_mapacalor.php')
 3 SYSTEMPATH\View\View.php(229): CodeIgniter\View\View->CodeIgniter\View\{closure}()
 4 SYSTEMPATH\Common.php(1167): CodeIgniter\View\View->render('admin/vw_mapacalor', [], true)
 5 APPPATH\Controllers\MapaController.php(27): view('admin/vw_mapacalor', [...])
 6 SYSTEMPATH\CodeIgniter.php(933): App\Controllers\MapaController->index()
 7 SYSTEMPATH\CodeIgniter.php(507): CodeIgniter\CodeIgniter->runController(Object(App\Controllers\MapaController))
 8 SYSTEMPATH\CodeIgniter.php(354): CodeIgniter\CodeIgniter->handleRequest(null, Object(Config\Cache), false)
 9 SYSTEMPATH\Boot.php(363): CodeIgniter\CodeIgniter->run()
10 SYSTEMPATH\Boot.php(68): CodeIgniter\Boot::runCodeIgniter(Object(CodeIgniter\CodeIgniter))
11 FCPATH\index.php(59): CodeIgniter\Boot::bootWeb(Object(Config\Paths))
WARNING - 2025-11-09 13:41:35 --> [DEPRECATED] ucfirst(): Passing null to parameter #1 ($string) of type string is deprecated in APPPATH\Views\admin\vw_mapacalor.php on line 58.
 1 APPPATH\Views\admin\vw_mapacalor.php(58): ucfirst(null)
 2 SYSTEMPATH\View\View.php(226): include('C:\\xampp\\htdocs\\ecovision\\app\\Views\\admin\\vw_mapacalor.php')
 3 SYSTEMPATH\View\View.php(229): CodeIgniter\View\View->CodeIgniter\View\{closure}()
 4 SYSTEMPATH\Common.php(1167): CodeIgniter\View\View->render('admin/vw_mapacalor', [], true)
 5 APPPATH\Controllers\MapaController.php(27): view('admin/vw_mapacalor', [...])
 6 SYSTEMPATH\CodeIgniter.php(933): App\Controllers\MapaController->index()
 7 SYSTEMPATH\CodeIgniter.php(507): CodeIgniter\CodeIgniter->runController(Object(App\Controllers\MapaController))
 8 SYSTEMPATH\CodeIgniter.php(354): CodeIgniter\CodeIgniter->handleRequest(null, Object(Config\Cache), false)
 9 SYSTEMPATH\Boot.php(363): CodeIgniter\CodeIgniter->run()
10 SYSTEMPATH\Boot.php(68): CodeIgniter\Boot::runCodeIgniter(Object(CodeIgniter\CodeIgniter))
11 FCPATH\index.php(59): CodeIgniter\Boot::bootWeb(Object(Config\Paths))
WARNING - 2025-11-09 13:41:35 --> [DEPRECATED] ucfirst(): Passing null to parameter #1 ($string) of type string is deprecated in APPPATH\Views\admin\vw_mapacalor.php on line 58.
 1 APPPATH\Views\admin\vw_mapacalor.php(58): ucfirst(null)
 2 SYSTEMPATH\View\View.php(226): include('C:\\xampp\\htdocs\\ecovision\\app\\Views\\admin\\vw_mapacalor.php')
 3 SYSTEMPATH\View\View.php(229): CodeIgniter\View\View->CodeIgniter\View\{closure}()
 4 SYSTEMPATH\Common.php(1167): CodeIgniter\View\View->render('admin/vw_mapacalor', [], true)
 5 APPPATH\Controllers\MapaController.php(27): view('admin/vw_mapacalor', [...])
 6 SYSTEMPATH\CodeIgniter.php(933): App\Controllers\MapaController->index()
 7 SYSTEMPATH\CodeIgniter.php(507): CodeIgniter\CodeIgniter->runController(Object(App\Controllers\MapaController))
 8 SYSTEMPATH\CodeIgniter.php(354): CodeIgniter\CodeIgniter->handleRequest(null, Object(Config\Cache), false)
 9 SYSTEMPATH\Boot.php(363): CodeIgniter\CodeIgniter->run()
10 SYSTEMPATH\Boot.php(68): CodeIgniter\Boot::runCodeIgniter(Object(CodeIgniter\CodeIgniter))
11 FCPATH\index.php(59): CodeIgniter\Boot::bootWeb(Object(Config\Paths))
WARNING - 2025-11-09 13:41:35 --> [DEPRECATED] ucfirst(): Passing null to parameter #1 ($string) of type string is deprecated in APPPATH\Views\admin\vw_mapacalor.php on line 83.
 1 APPPATH\Views\admin\vw_mapacalor.php(83): ucfirst(null)
 2 SYSTEMPATH\View\View.php(226): include('C:\\xampp\\htdocs\\ecovision\\app\\Views\\admin\\vw_mapacalor.php')
 3 SYSTEMPATH\View\View.php(229): CodeIgniter\View\View->CodeIgniter\View\{closure}()
 4 SYSTEMPATH\Common.php(1167): CodeIgniter\View\View->render('admin/vw_mapacalor', [], true)
 5 APPPATH\Controllers\MapaController.php(27): view('admin/vw_mapacalor', [...])
 6 SYSTEMPATH\CodeIgniter.php(933): App\Controllers\MapaController->index()
 7 SYSTEMPATH\CodeIgniter.php(507): CodeIgniter\CodeIgniter->runController(Object(App\Controllers\MapaController))
 8 SYSTEMPATH\CodeIgniter.php(354): CodeIgniter\CodeIgniter->handleRequest(null, Object(Config\Cache), false)
 9 SYSTEMPATH\Boot.php(363): CodeIgniter\CodeIgniter->run()
10 SYSTEMPATH\Boot.php(68): CodeIgniter\Boot::runCodeIgniter(Object(CodeIgniter\CodeIgniter))
11 FCPATH\index.php(59): CodeIgniter\Boot::bootWeb(Object(Config\Paths))
WARNING - 2025-11-09 13:41:35 --> [DEPRECATED] ucfirst(): Passing null to parameter #1 ($string) of type string is deprecated in APPPATH\Views\admin\vw_mapacalor.php on line 83.
 1 APPPATH\Views\admin\vw_mapacalor.php(83): ucfirst(null)
 2 SYSTEMPATH\View\View.php(226): include('C:\\xampp\\htdocs\\ecovision\\app\\Views\\admin\\vw_mapacalor.php')
 3 SYSTEMPATH\View\View.php(229): CodeIgniter\View\View->CodeIgniter\View\{closure}()
 4 SYSTEMPATH\Common.php(1167): CodeIgniter\View\View->render('admin/vw_mapacalor', [], true)
 5 APPPATH\Controllers\MapaController.php(27): view('admin/vw_mapacalor', [...])
 6 SYSTEMPATH\CodeIgniter.php(933): App\Controllers\MapaController->index()
 7 SYSTEMPATH\CodeIgniter.php(507): CodeIgniter\CodeIgniter->runController(Object(App\Controllers\MapaController))
 8 SYSTEMPATH\CodeIgniter.php(354): CodeIgniter\CodeIgniter->handleRequest(null, Object(Config\Cache), false)
 9 SYSTEMPATH\Boot.php(363): CodeIgniter\CodeIgniter->run()
10 SYSTEMPATH\Boot.php(68): CodeIgniter\Boot::runCodeIgniter(Object(CodeIgniter\CodeIgniter))
11 FCPATH\index.php(59): CodeIgniter\Boot::bootWeb(Object(Config\Paths))
WARNING - 2025-11-09 13:41:35 --> [DEPRECATED] ucfirst(): Passing null to parameter #1 ($string) of type string is deprecated in APPPATH\Views\admin\vw_mapacalor.php on line 83.
 1 APPPATH\Views\admin\vw_mapacalor.php(83): ucfirst(null)
 2 SYSTEMPATH\View\View.php(226): include('C:\\xampp\\htdocs\\ecovision\\app\\Views\\admin\\vw_mapacalor.php')
 3 SYSTEMPATH\View\View.php(229): CodeIgniter\View\View->CodeIgniter\View\{closure}()
 4 SYSTEMPATH\Common.php(1167): CodeIgniter\View\View->render('admin/vw_mapacalor', [], true)
 5 APPPATH\Controllers\MapaController.php(27): view('admin/vw_mapacalor', [...])
 6 SYSTEMPATH\CodeIgniter.php(933): App\Controllers\MapaController->index()
 7 SYSTEMPATH\CodeIgniter.php(507): CodeIgniter\CodeIgniter->runController(Object(App\Controllers\MapaController))
 8 SYSTEMPATH\CodeIgniter.php(354): CodeIgniter\CodeIgniter->handleRequest(null, Object(Config\Cache), false)
 9 SYSTEMPATH\Boot.php(363): CodeIgniter\CodeIgniter->run()
10 SYSTEMPATH\Boot.php(68): CodeIgniter\Boot::runCodeIgniter(Object(CodeIgniter\CodeIgniter))
11 FCPATH\index.php(59): CodeIgniter\Boot::bootWeb(Object(Config\Paths))
WARNING - 2025-11-09 13:41:35 --> [DEPRECATED] ucfirst(): Passing null to parameter #1 ($string) of type string is deprecated in APPPATH\Views\admin\vw_mapacalor.php on line 83.
 1 APPPATH\Views\admin\vw_mapacalor.php(83): ucfirst(null)
 2 SYSTEMPATH\View\View.php(226): include('C:\\xampp\\htdocs\\ecovision\\app\\Views\\admin\\vw_mapacalor.php')
 3 SYSTEMPATH\View\View.php(229): CodeIgniter\View\View->CodeIgniter\View\{closure}()
 4 SYSTEMPATH\Common.php(1167): CodeIgniter\View\View->render('admin/vw_mapacalor', [], true)
 5 APPPATH\Controllers\MapaController.php(27): view('admin/vw_mapacalor', [...])
 6 SYSTEMPATH\CodeIgniter.php(933): App\Controllers\MapaController->index()
 7 SYSTEMPATH\CodeIgniter.php(507): CodeIgniter\CodeIgniter->runController(Object(App\Controllers\MapaController))
 8 SYSTEMPATH\CodeIgniter.php(354): CodeIgniter\CodeIgniter->handleRequest(null, Object(Config\Cache), false)
 9 SYSTEMPATH\Boot.php(363): CodeIgniter\CodeIgniter->run()
10 SYSTEMPATH\Boot.php(68): CodeIgniter\Boot::runCodeIgniter(Object(CodeIgniter\CodeIgniter))
11 FCPATH\index.php(59): CodeIgniter\Boot::bootWeb(Object(Config\Paths))
WARNING - 2025-11-09 13:41:35 --> [DEPRECATED] ucfirst(): Passing null to parameter #1 ($string) of type string is deprecated in APPPATH\Views\admin\vw_mapacalor.php on line 83.
 1 APPPATH\Views\admin\vw_mapacalor.php(83): ucfirst(null)
 2 SYSTEMPATH\View\View.php(226): include('C:\\xampp\\htdocs\\ecovision\\app\\Views\\admin\\vw_mapacalor.php')
 3 SYSTEMPATH\View\View.php(229): CodeIgniter\View\View->CodeIgniter\View\{closure}()
 4 SYSTEMPATH\Common.php(1167): CodeIgniter\View\View->render('admin/vw_mapacalor', [], true)
 5 APPPATH\Controllers\MapaController.php(27): view('admin/vw_mapacalor', [...])
 6 SYSTEMPATH\CodeIgniter.php(933): App\Controllers\MapaController->index()
 7 SYSTEMPATH\CodeIgniter.php(507): CodeIgniter\CodeIgniter->runController(Object(App\Controllers\MapaController))
 8 SYSTEMPATH\CodeIgniter.php(354): CodeIgniter\CodeIgniter->handleRequest(null, Object(Config\Cache), false)
 9 SYSTEMPATH\Boot.php(363): CodeIgniter\CodeIgniter->run()
10 SYSTEMPATH\Boot.php(68): CodeIgniter\Boot::runCodeIgniter(Object(CodeIgniter\CodeIgniter))
11 FCPATH\index.php(59): CodeIgniter\Boot::bootWeb(Object(Config\Paths))
DEBUG - 2025-11-09 13:41:35 --> Session: Class initialized using 'CodeIgniter\Session\Handlers\FileHandler' driver.
WARNING - 2025-11-09 13:41:35 --> [DEPRECATED] ucfirst(): Passing null to parameter #1 ($string) of type string is deprecated in APPPATH\Views\admin\vw_mapacalor.php on line 58.
 1 APPPATH\Views\admin\vw_mapacalor.php(58): ucfirst(null)
 2 SYSTEMPATH\View\View.php(226): include('C:\\xampp\\htdocs\\ecovision\\app\\Views\\admin\\vw_mapacalor.php')
 3 SYSTEMPATH\View\View.php(229): CodeIgniter\View\View->CodeIgniter\View\{closure}()
 4 SYSTEMPATH\Common.php(1167): CodeIgniter\View\View->render('admin/vw_mapacalor', [], true)
 5 APPPATH\Controllers\MapaController.php(27): view('admin/vw_mapacalor', [...])
 6 SYSTEMPATH\CodeIgniter.php(933): App\Controllers\MapaController->index()
 7 SYSTEMPATH\CodeIgniter.php(507): CodeIgniter\CodeIgniter->runController(Object(App\Controllers\MapaController))
 8 SYSTEMPATH\CodeIgniter.php(354): CodeIgniter\CodeIgniter->handleRequest(null, Object(Config\Cache), false)
 9 SYSTEMPATH\Boot.php(363): CodeIgniter\CodeIgniter->run()
10 SYSTEMPATH\Boot.php(68): CodeIgniter\Boot::runCodeIgniter(Object(CodeIgniter\CodeIgniter))
11 FCPATH\index.php(59): CodeIgniter\Boot::bootWeb(Object(Config\Paths))
WARNING - 2025-11-09 13:41:36 --> [DEPRECATED] ucfirst(): Passing null to parameter #1 ($string) of type string is deprecated in APPPATH\Views\admin\vw_mapacalor.php on line 58.
 1 APPPATH\Views\admin\vw_mapacalor.php(58): ucfirst(null)
 2 SYSTEMPATH\View\View.php(226): include('C:\\xampp\\htdocs\\ecovision\\app\\Views\\admin\\vw_mapacalor.php')
 3 SYSTEMPATH\View\View.php(229): CodeIgniter\View\View->CodeIgniter\View\{closure}()
 4 SYSTEMPATH\Common.php(1167): CodeIgniter\View\View->render('admin/vw_mapacalor', [], true)
 5 APPPATH\Controllers\MapaController.php(27): view('admin/vw_mapacalor', [...])
 6 SYSTEMPATH\CodeIgniter.php(933): App\Controllers\MapaController->index()
 7 SYSTEMPATH\CodeIgniter.php(507): CodeIgniter\CodeIgniter->runController(Object(App\Controllers\MapaController))
 8 SYSTEMPATH\CodeIgniter.php(354): CodeIgniter\CodeIgniter->handleRequest(null, Object(Config\Cache), false)
 9 SYSTEMPATH\Boot.php(363): CodeIgniter\CodeIgniter->run()
10 SYSTEMPATH\Boot.php(68): CodeIgniter\Boot::runCodeIgniter(Object(CodeIgniter\CodeIgniter))
11 FCPATH\index.php(59): CodeIgniter\Boot::bootWeb(Object(Config\Paths))
WARNING - 2025-11-09 13:41:36 --> [DEPRECATED] ucfirst(): Passing null to parameter #1 ($string) of type string is deprecated in APPPATH\Views\admin\vw_mapacalor.php on line 58.
 1 APPPATH\Views\admin\vw_mapacalor.php(58): ucfirst(null)
 2 SYSTEMPATH\View\View.php(226): include('C:\\xampp\\htdocs\\ecovision\\app\\Views\\admin\\vw_mapacalor.php')
 3 SYSTEMPATH\View\View.php(229): CodeIgniter\View\View->CodeIgniter\View\{closure}()
 4 SYSTEMPATH\Common.php(1167): CodeIgniter\View\View->render('admin/vw_mapacalor', [], true)
 5 APPPATH\Controllers\MapaController.php(27): view('admin/vw_mapacalor', [...])
 6 SYSTEMPATH\CodeIgniter.php(933): App\Controllers\MapaController->index()
 7 SYSTEMPATH\CodeIgniter.php(507): CodeIgniter\CodeIgniter->runController(Object(App\Controllers\MapaController))
 8 SYSTEMPATH\CodeIgniter.php(354): CodeIgniter\CodeIgniter->handleRequest(null, Object(Config\Cache), false)
 9 SYSTEMPATH\Boot.php(363): CodeIgniter\CodeIgniter->run()
10 SYSTEMPATH\Boot.php(68): CodeIgniter\Boot::runCodeIgniter(Object(CodeIgniter\CodeIgniter))
11 FCPATH\index.php(59): CodeIgniter\Boot::bootWeb(Object(Config\Paths))
WARNING - 2025-11-09 13:41:36 --> [DEPRECATED] ucfirst(): Passing null to parameter #1 ($string) of type string is deprecated in APPPATH\Views\admin\vw_mapacalor.php on line 58.
 1 APPPATH\Views\admin\vw_mapacalor.php(58): ucfirst(null)
 2 SYSTEMPATH\View\View.php(226): include('C:\\xampp\\htdocs\\ecovision\\app\\Views\\admin\\vw_mapacalor.php')
 3 SYSTEMPATH\View\View.php(229): CodeIgniter\View\View->CodeIgniter\View\{closure}()
 4 SYSTEMPATH\Common.php(1167): CodeIgniter\View\View->render('admin/vw_mapacalor', [], true)
 5 APPPATH\Controllers\MapaController.php(27): view('admin/vw_mapacalor', [...])
 6 SYSTEMPATH\CodeIgniter.php(933): App\Controllers\MapaController->index()
 7 SYSTEMPATH\CodeIgniter.php(507): CodeIgniter\CodeIgniter->runController(Object(App\Controllers\MapaController))
 8 SYSTEMPATH\CodeIgniter.php(354): CodeIgniter\CodeIgniter->handleRequest(null, Object(Config\Cache), false)
 9 SYSTEMPATH\Boot.php(363): CodeIgniter\CodeIgniter->run()
10 SYSTEMPATH\Boot.php(68): CodeIgniter\Boot::runCodeIgniter(Object(CodeIgniter\CodeIgniter))
11 FCPATH\index.php(59): CodeIgniter\Boot::bootWeb(Object(Config\Paths))
WARNING - 2025-11-09 13:41:36 --> [DEPRECATED] ucfirst(): Passing null to parameter #1 ($string) of type string is deprecated in APPPATH\Views\admin\vw_mapacalor.php on line 58.
 1 APPPATH\Views\admin\vw_mapacalor.php(58): ucfirst(null)
 2 SYSTEMPATH\View\View.php(226): include('C:\\xampp\\htdocs\\ecovision\\app\\Views\\admin\\vw_mapacalor.php')
 3 SYSTEMPATH\View\View.php(229): CodeIgniter\View\View->CodeIgniter\View\{closure}()
 4 SYSTEMPATH\Common.php(1167): CodeIgniter\View\View->render('admin/vw_mapacalor', [], true)
 5 APPPATH\Controllers\MapaController.php(27): view('admin/vw_mapacalor', [...])
 6 SYSTEMPATH\CodeIgniter.php(933): App\Controllers\MapaController->index()
 7 SYSTEMPATH\CodeIgniter.php(507): CodeIgniter\CodeIgniter->runController(Object(App\Controllers\MapaController))
 8 SYSTEMPATH\CodeIgniter.php(354): CodeIgniter\CodeIgniter->handleRequest(null, Object(Config\Cache), false)
 9 SYSTEMPATH\Boot.php(363): CodeIgniter\CodeIgniter->run()
10 SYSTEMPATH\Boot.php(68): CodeIgniter\Boot::runCodeIgniter(Object(CodeIgniter\CodeIgniter))
11 FCPATH\index.php(59): CodeIgniter\Boot::bootWeb(Object(Config\Paths))
WARNING - 2025-11-09 13:41:36 --> [DEPRECATED] ucfirst(): Passing null to parameter #1 ($string) of type string is deprecated in APPPATH\Views\admin\vw_mapacalor.php on line 83.
 1 APPPATH\Views\admin\vw_mapacalor.php(83): ucfirst(null)
 2 SYSTEMPATH\View\View.php(226): include('C:\\xampp\\htdocs\\ecovision\\app\\Views\\admin\\vw_mapacalor.php')
 3 SYSTEMPATH\View\View.php(229): CodeIgniter\View\View->CodeIgniter\View\{closure}()
 4 SYSTEMPATH\Common.php(1167): CodeIgniter\View\View->render('admin/vw_mapacalor', [], true)
 5 APPPATH\Controllers\MapaController.php(27): view('admin/vw_mapacalor', [...])
 6 SYSTEMPATH\CodeIgniter.php(933): App\Controllers\MapaController->index()
 7 SYSTEMPATH\CodeIgniter.php(507): CodeIgniter\CodeIgniter->runController(Object(App\Controllers\MapaController))
 8 SYSTEMPATH\CodeIgniter.php(354): CodeIgniter\CodeIgniter->handleRequest(null, Object(Config\Cache), false)
 9 SYSTEMPATH\Boot.php(363): CodeIgniter\CodeIgniter->run()
10 SYSTEMPATH\Boot.php(68): CodeIgniter\Boot::runCodeIgniter(Object(CodeIgniter\CodeIgniter))
11 FCPATH\index.php(59): CodeIgniter\Boot::bootWeb(Object(Config\Paths))
WARNING - 2025-11-09 13:41:36 --> [DEPRECATED] ucfirst(): Passing null to parameter #1 ($string) of type string is deprecated in APPPATH\Views\admin\vw_mapacalor.php on line 83.
 1 APPPATH\Views\admin\vw_mapacalor.php(83): ucfirst(null)
 2 SYSTEMPATH\View\View.php(226): include('C:\\xampp\\htdocs\\ecovision\\app\\Views\\admin\\vw_mapacalor.php')
 3 SYSTEMPATH\View\View.php(229): CodeIgniter\View\View->CodeIgniter\View\{closure}()
 4 SYSTEMPATH\Common.php(1167): CodeIgniter\View\View->render('admin/vw_mapacalor', [], true)
 5 APPPATH\Controllers\MapaController.php(27): view('admin/vw_mapacalor', [...])
 6 SYSTEMPATH\CodeIgniter.php(933): App\Controllers\MapaController->index()
 7 SYSTEMPATH\CodeIgniter.php(507): CodeIgniter\CodeIgniter->runController(Object(App\Controllers\MapaController))
 8 SYSTEMPATH\CodeIgniter.php(354): CodeIgniter\CodeIgniter->handleRequest(null, Object(Config\Cache), false)
 9 SYSTEMPATH\Boot.php(363): CodeIgniter\CodeIgniter->run()
10 SYSTEMPATH\Boot.php(68): CodeIgniter\Boot::runCodeIgniter(Object(CodeIgniter\CodeIgniter))
11 FCPATH\index.php(59): CodeIgniter\Boot::bootWeb(Object(Config\Paths))
WARNING - 2025-11-09 13:41:36 --> [DEPRECATED] ucfirst(): Passing null to parameter #1 ($string) of type string is deprecated in APPPATH\Views\admin\vw_mapacalor.php on line 83.
 1 APPPATH\Views\admin\vw_mapacalor.php(83): ucfirst(null)
 2 SYSTEMPATH\View\View.php(226): include('C:\\xampp\\htdocs\\ecovision\\app\\Views\\admin\\vw_mapacalor.php')
 3 SYSTEMPATH\View\View.php(229): CodeIgniter\View\View->CodeIgniter\View\{closure}()
 4 SYSTEMPATH\Common.php(1167): CodeIgniter\View\View->render('admin/vw_mapacalor', [], true)
 5 APPPATH\Controllers\MapaController.php(27): view('admin/vw_mapacalor', [...])
 6 SYSTEMPATH\CodeIgniter.php(933): App\Controllers\MapaController->index()
 7 SYSTEMPATH\CodeIgniter.php(507): CodeIgniter\CodeIgniter->runController(Object(App\Controllers\MapaController))
 8 SYSTEMPATH\CodeIgniter.php(354): CodeIgniter\CodeIgniter->handleRequest(null, Object(Config\Cache), false)
 9 SYSTEMPATH\Boot.php(363): CodeIgniter\CodeIgniter->run()
10 SYSTEMPATH\Boot.php(68): CodeIgniter\Boot::runCodeIgniter(Object(CodeIgniter\CodeIgniter))
11 FCPATH\index.php(59): CodeIgniter\Boot::bootWeb(Object(Config\Paths))
WARNING - 2025-11-09 13:41:36 --> [DEPRECATED] ucfirst(): Passing null to parameter #1 ($string) of type string is deprecated in APPPATH\Views\admin\vw_mapacalor.php on line 83.
 1 APPPATH\Views\admin\vw_mapacalor.php(83): ucfirst(null)
 2 SYSTEMPATH\View\View.php(226): include('C:\\xampp\\htdocs\\ecovision\\app\\Views\\admin\\vw_mapacalor.php')
 3 SYSTEMPATH\View\View.php(229): CodeIgniter\View\View->CodeIgniter\View\{closure}()
 4 SYSTEMPATH\Common.php(1167): CodeIgniter\View\View->render('admin/vw_mapacalor', [], true)
 5 APPPATH\Controllers\MapaController.php(27): view('admin/vw_mapacalor', [...])
 6 SYSTEMPATH\CodeIgniter.php(933): App\Controllers\MapaController->index()
 7 SYSTEMPATH\CodeIgniter.php(507): CodeIgniter\CodeIgniter->runController(Object(App\Controllers\MapaController))
 8 SYSTEMPATH\CodeIgniter.php(354): CodeIgniter\CodeIgniter->handleRequest(null, Object(Config\Cache), false)
 9 SYSTEMPATH\Boot.php(363): CodeIgniter\CodeIgniter->run()
10 SYSTEMPATH\Boot.php(68): CodeIgniter\Boot::runCodeIgniter(Object(CodeIgniter\CodeIgniter))
11 FCPATH\index.php(59): CodeIgniter\Boot::bootWeb(Object(Config\Paths))
WARNING - 2025-11-09 13:41:36 --> [DEPRECATED] ucfirst(): Passing null to parameter #1 ($string) of type string is deprecated in APPPATH\Views\admin\vw_mapacalor.php on line 83.
 1 APPPATH\Views\admin\vw_mapacalor.php(83): ucfirst(null)
 2 SYSTEMPATH\View\View.php(226): include('C:\\xampp\\htdocs\\ecovision\\app\\Views\\admin\\vw_mapacalor.php')
 3 SYSTEMPATH\View\View.php(229): CodeIgniter\View\View->CodeIgniter\View\{closure}()
 4 SYSTEMPATH\Common.php(1167): CodeIgniter\View\View->render('admin/vw_mapacalor', [], true)
 5 APPPATH\Controllers\MapaController.php(27): view('admin/vw_mapacalor', [...])
 6 SYSTEMPATH\CodeIgniter.php(933): App\Controllers\MapaController->index()
 7 SYSTEMPATH\CodeIgniter.php(507): CodeIgniter\CodeIgniter->runController(Object(App\Controllers\MapaController))
 8 SYSTEMPATH\CodeIgniter.php(354): CodeIgniter\CodeIgniter->handleRequest(null, Object(Config\Cache), false)
 9 SYSTEMPATH\Boot.php(363): CodeIgniter\CodeIgniter->run()
10 SYSTEMPATH\Boot.php(68): CodeIgniter\Boot::runCodeIgniter(Object(CodeIgniter\CodeIgniter))
11 FCPATH\index.php(59): CodeIgniter\Boot::bootWeb(Object(Config\Paths))
DEBUG - 2025-11-09 13:42:46 --> Session: Class initialized using 'CodeIgniter\Session\Handlers\FileHandler' driver.
WARNING - 2025-11-09 13:42:46 --> [DEPRECATED] ucfirst(): Passing null to parameter #1 ($string) of type string is deprecated in APPPATH\Views\admin\vw_mapacalor.php on line 55.
 1 APPPATH\Views\admin\vw_mapacalor.php(55): ucfirst(null)
 2 SYSTEMPATH\View\View.php(226): include('C:\\xampp\\htdocs\\ecovision\\app\\Views\\admin\\vw_mapacalor.php')
 3 SYSTEMPATH\View\View.php(229): CodeIgniter\View\View->CodeIgniter\View\{closure}()
 4 SYSTEMPATH\Common.php(1167): CodeIgniter\View\View->render('admin/vw_mapacalor', [], true)
 5 APPPATH\Controllers\MapaController.php(27): view('admin/vw_mapacalor', [...])
 6 SYSTEMPATH\CodeIgniter.php(933): App\Controllers\MapaController->index()
 7 SYSTEMPATH\CodeIgniter.php(507): CodeIgniter\CodeIgniter->runController(Object(App\Controllers\MapaController))
 8 SYSTEMPATH\CodeIgniter.php(354): CodeIgniter\CodeIgniter->handleRequest(null, Object(Config\Cache), false)
 9 SYSTEMPATH\Boot.php(363): CodeIgniter\CodeIgniter->run()
10 SYSTEMPATH\Boot.php(68): CodeIgniter\Boot::runCodeIgniter(Object(CodeIgniter\CodeIgniter))
11 FCPATH\index.php(59): CodeIgniter\Boot::bootWeb(Object(Config\Paths))
WARNING - 2025-11-09 13:42:46 --> [DEPRECATED] ucfirst(): Passing null to parameter #1 ($string) of type string is deprecated in APPPATH\Views\admin\vw_mapacalor.php on line 55.
 1 APPPATH\Views\admin\vw_mapacalor.php(55): ucfirst(null)
 2 SYSTEMPATH\View\View.php(226): include('C:\\xampp\\htdocs\\ecovision\\app\\Views\\admin\\vw_mapacalor.php')
 3 SYSTEMPATH\View\View.php(229): CodeIgniter\View\View->CodeIgniter\View\{closure}()
 4 SYSTEMPATH\Common.php(1167): CodeIgniter\View\View->render('admin/vw_mapacalor', [], true)
 5 APPPATH\Controllers\MapaController.php(27): view('admin/vw_mapacalor', [...])
 6 SYSTEMPATH\CodeIgniter.php(933): App\Controllers\MapaController->index()
 7 SYSTEMPATH\CodeIgniter.php(507): CodeIgniter\CodeIgniter->runController(Object(App\Controllers\MapaController))
 8 SYSTEMPATH\CodeIgniter.php(354): CodeIgniter\CodeIgniter->handleRequest(null, Object(Config\Cache), false)
 9 SYSTEMPATH\Boot.php(363): CodeIgniter\CodeIgniter->run()
10 SYSTEMPATH\Boot.php(68): CodeIgniter\Boot::runCodeIgniter(Object(CodeIgniter\CodeIgniter))
11 FCPATH\index.php(59): CodeIgniter\Boot::bootWeb(Object(Config\Paths))
WARNING - 2025-11-09 13:42:46 --> [DEPRECATED] ucfirst(): Passing null to parameter #1 ($string) of type string is deprecated in APPPATH\Views\admin\vw_mapacalor.php on line 55.
 1 APPPATH\Views\admin\vw_mapacalor.php(55): ucfirst(null)
 2 SYSTEMPATH\View\View.php(226): include('C:\\xampp\\htdocs\\ecovision\\app\\Views\\admin\\vw_mapacalor.php')
 3 SYSTEMPATH\View\View.php(229): CodeIgniter\View\View->CodeIgniter\View\{closure}()
 4 SYSTEMPATH\Common.php(1167): CodeIgniter\View\View->render('admin/vw_mapacalor', [], true)
 5 APPPATH\Controllers\MapaController.php(27): view('admin/vw_mapacalor', [...])
 6 SYSTEMPATH\CodeIgniter.php(933): App\Controllers\MapaController->index()
 7 SYSTEMPATH\CodeIgniter.php(507): CodeIgniter\CodeIgniter->runController(Object(App\Controllers\MapaController))
 8 SYSTEMPATH\CodeIgniter.php(354): CodeIgniter\CodeIgniter->handleRequest(null, Object(Config\Cache), false)
 9 SYSTEMPATH\Boot.php(363): CodeIgniter\CodeIgniter->run()
10 SYSTEMPATH\Boot.php(68): CodeIgniter\Boot::runCodeIgniter(Object(CodeIgniter\CodeIgniter))
11 FCPATH\index.php(59): CodeIgniter\Boot::bootWeb(Object(Config\Paths))
WARNING - 2025-11-09 13:42:46 --> [DEPRECATED] ucfirst(): Passing null to parameter #1 ($string) of type string is deprecated in APPPATH\Views\admin\vw_mapacalor.php on line 55.
 1 APPPATH\Views\admin\vw_mapacalor.php(55): ucfirst(null)
 2 SYSTEMPATH\View\View.php(226): include('C:\\xampp\\htdocs\\ecovision\\app\\Views\\admin\\vw_mapacalor.php')
 3 SYSTEMPATH\View\View.php(229): CodeIgniter\View\View->CodeIgniter\View\{closure}()
 4 SYSTEMPATH\Common.php(1167): CodeIgniter\View\View->render('admin/vw_mapacalor', [], true)
 5 APPPATH\Controllers\MapaController.php(27): view('admin/vw_mapacalor', [...])
 6 SYSTEMPATH\CodeIgniter.php(933): App\Controllers\MapaController->index()
 7 SYSTEMPATH\CodeIgniter.php(507): CodeIgniter\CodeIgniter->runController(Object(App\Controllers\MapaController))
 8 SYSTEMPATH\CodeIgniter.php(354): CodeIgniter\CodeIgniter->handleRequest(null, Object(Config\Cache), false)
 9 SYSTEMPATH\Boot.php(363): CodeIgniter\CodeIgniter->run()
10 SYSTEMPATH\Boot.php(68): CodeIgniter\Boot::runCodeIgniter(Object(CodeIgniter\CodeIgniter))
11 FCPATH\index.php(59): CodeIgniter\Boot::bootWeb(Object(Config\Paths))
WARNING - 2025-11-09 13:42:46 --> [DEPRECATED] ucfirst(): Passing null to parameter #1 ($string) of type string is deprecated in APPPATH\Views\admin\vw_mapacalor.php on line 55.
 1 APPPATH\Views\admin\vw_mapacalor.php(55): ucfirst(null)
 2 SYSTEMPATH\View\View.php(226): include('C:\\xampp\\htdocs\\ecovision\\app\\Views\\admin\\vw_mapacalor.php')
 3 SYSTEMPATH\View\View.php(229): CodeIgniter\View\View->CodeIgniter\View\{closure}()
 4 SYSTEMPATH\Common.php(1167): CodeIgniter\View\View->render('admin/vw_mapacalor', [], true)
 5 APPPATH\Controllers\MapaController.php(27): view('admin/vw_mapacalor', [...])
 6 SYSTEMPATH\CodeIgniter.php(933): App\Controllers\MapaController->index()
 7 SYSTEMPATH\CodeIgniter.php(507): CodeIgniter\CodeIgniter->runController(Object(App\Controllers\MapaController))
 8 SYSTEMPATH\CodeIgniter.php(354): CodeIgniter\CodeIgniter->handleRequest(null, Object(Config\Cache), false)
 9 SYSTEMPATH\Boot.php(363): CodeIgniter\CodeIgniter->run()
10 SYSTEMPATH\Boot.php(68): CodeIgniter\Boot::runCodeIgniter(Object(CodeIgniter\CodeIgniter))
11 FCPATH\index.php(59): CodeIgniter\Boot::bootWeb(Object(Config\Paths))
WARNING - 2025-11-09 13:42:46 --> [DEPRECATED] ucfirst(): Passing null to parameter #1 ($string) of type string is deprecated in APPPATH\Views\admin\vw_mapacalor.php on line 80.
 1 APPPATH\Views\admin\vw_mapacalor.php(80): ucfirst(null)
 2 SYSTEMPATH\View\View.php(226): include('C:\\xampp\\htdocs\\ecovision\\app\\Views\\admin\\vw_mapacalor.php')
 3 SYSTEMPATH\View\View.php(229): CodeIgniter\View\View->CodeIgniter\View\{closure}()
 4 SYSTEMPATH\Common.php(1167): CodeIgniter\View\View->render('admin/vw_mapacalor', [], true)
 5 APPPATH\Controllers\MapaController.php(27): view('admin/vw_mapacalor', [...])
 6 SYSTEMPATH\CodeIgniter.php(933): App\Controllers\MapaController->index()
 7 SYSTEMPATH\CodeIgniter.php(507): CodeIgniter\CodeIgniter->runController(Object(App\Controllers\MapaController))
 8 SYSTEMPATH\CodeIgniter.php(354): CodeIgniter\CodeIgniter->handleRequest(null, Object(Config\Cache), false)
 9 SYSTEMPATH\Boot.php(363): CodeIgniter\CodeIgniter->run()
10 SYSTEMPATH\Boot.php(68): CodeIgniter\Boot::runCodeIgniter(Object(CodeIgniter\CodeIgniter))
11 FCPATH\index.php(59): CodeIgniter\Boot::bootWeb(Object(Config\Paths))
WARNING - 2025-11-09 13:42:46 --> [DEPRECATED] ucfirst(): Passing null to parameter #1 ($string) of type string is deprecated in APPPATH\Views\admin\vw_mapacalor.php on line 80.
 1 APPPATH\Views\admin\vw_mapacalor.php(80): ucfirst(null)
 2 SYSTEMPATH\View\View.php(226): include('C:\\xampp\\htdocs\\ecovision\\app\\Views\\admin\\vw_mapacalor.php')
 3 SYSTEMPATH\View\View.php(229): CodeIgniter\View\View->CodeIgniter\View\{closure}()
 4 SYSTEMPATH\Common.php(1167): CodeIgniter\View\View->render('admin/vw_mapacalor', [], true)
 5 APPPATH\Controllers\MapaController.php(27): view('admin/vw_mapacalor', [...])
 6 SYSTEMPATH\CodeIgniter.php(933): App\Controllers\MapaController->index()
 7 SYSTEMPATH\CodeIgniter.php(507): CodeIgniter\CodeIgniter->runController(Object(App\Controllers\MapaController))
 8 SYSTEMPATH\CodeIgniter.php(354): CodeIgniter\CodeIgniter->handleRequest(null, Object(Config\Cache), false)
 9 SYSTEMPATH\Boot.php(363): CodeIgniter\CodeIgniter->run()
10 SYSTEMPATH\Boot.php(68): CodeIgniter\Boot::runCodeIgniter(Object(CodeIgniter\CodeIgniter))
11 FCPATH\index.php(59): CodeIgniter\Boot::bootWeb(Object(Config\Paths))
WARNING - 2025-11-09 13:42:46 --> [DEPRECATED] ucfirst(): Passing null to parameter #1 ($string) of type string is deprecated in APPPATH\Views\admin\vw_mapacalor.php on line 80.
 1 APPPATH\Views\admin\vw_mapacalor.php(80): ucfirst(null)
 2 SYSTEMPATH\View\View.php(226): include('C:\\xampp\\htdocs\\ecovision\\app\\Views\\admin\\vw_mapacalor.php')
 3 SYSTEMPATH\View\View.php(229): CodeIgniter\View\View->CodeIgniter\View\{closure}()
 4 SYSTEMPATH\Common.php(1167): CodeIgniter\View\View->render('admin/vw_mapacalor', [], true)
 5 APPPATH\Controllers\MapaController.php(27): view('admin/vw_mapacalor', [...])
 6 SYSTEMPATH\CodeIgniter.php(933): App\Controllers\MapaController->index()
 7 SYSTEMPATH\CodeIgniter.php(507): CodeIgniter\CodeIgniter->runController(Object(App\Controllers\MapaController))
 8 SYSTEMPATH\CodeIgniter.php(354): CodeIgniter\CodeIgniter->handleRequest(null, Object(Config\Cache), false)
 9 SYSTEMPATH\Boot.php(363): CodeIgniter\CodeIgniter->run()
10 SYSTEMPATH\Boot.php(68): CodeIgniter\Boot::runCodeIgniter(Object(CodeIgniter\CodeIgniter))
11 FCPATH\index.php(59): CodeIgniter\Boot::bootWeb(Object(Config\Paths))
WARNING - 2025-11-09 13:42:46 --> [DEPRECATED] ucfirst(): Passing null to parameter #1 ($string) of type string is deprecated in APPPATH\Views\admin\vw_mapacalor.php on line 80.
 1 APPPATH\Views\admin\vw_mapacalor.php(80): ucfirst(null)
 2 SYSTEMPATH\View\View.php(226): include('C:\\xampp\\htdocs\\ecovision\\app\\Views\\admin\\vw_mapacalor.php')
 3 SYSTEMPATH\View\View.php(229): CodeIgniter\View\View->CodeIgniter\View\{closure}()
 4 SYSTEMPATH\Common.php(1167): CodeIgniter\View\View->render('admin/vw_mapacalor', [], true)
 5 APPPATH\Controllers\MapaController.php(27): view('admin/vw_mapacalor', [...])
 6 SYSTEMPATH\CodeIgniter.php(933): App\Controllers\MapaController->index()
 7 SYSTEMPATH\CodeIgniter.php(507): CodeIgniter\CodeIgniter->runController(Object(App\Controllers\MapaController))
 8 SYSTEMPATH\CodeIgniter.php(354): CodeIgniter\CodeIgniter->handleRequest(null, Object(Config\Cache), false)
 9 SYSTEMPATH\Boot.php(363): CodeIgniter\CodeIgniter->run()
10 SYSTEMPATH\Boot.php(68): CodeIgniter\Boot::runCodeIgniter(Object(CodeIgniter\CodeIgniter))
11 FCPATH\index.php(59): CodeIgniter\Boot::bootWeb(Object(Config\Paths))
WARNING - 2025-11-09 13:42:46 --> [DEPRECATED] ucfirst(): Passing null to parameter #1 ($string) of type string is deprecated in APPPATH\Views\admin\vw_mapacalor.php on line 80.
 1 APPPATH\Views\admin\vw_mapacalor.php(80): ucfirst(null)
 2 SYSTEMPATH\View\View.php(226): include('C:\\xampp\\htdocs\\ecovision\\app\\Views\\admin\\vw_mapacalor.php')
 3 SYSTEMPATH\View\View.php(229): CodeIgniter\View\View->CodeIgniter\View\{closure}()
 4 SYSTEMPATH\Common.php(1167): CodeIgniter\View\View->render('admin/vw_mapacalor', [], true)
 5 APPPATH\Controllers\MapaController.php(27): view('admin/vw_mapacalor', [...])
 6 SYSTEMPATH\CodeIgniter.php(933): App\Controllers\MapaController->index()
 7 SYSTEMPATH\CodeIgniter.php(507): CodeIgniter\CodeIgniter->runController(Object(App\Controllers\MapaController))
 8 SYSTEMPATH\CodeIgniter.php(354): CodeIgniter\CodeIgniter->handleRequest(null, Object(Config\Cache), false)
 9 SYSTEMPATH\Boot.php(363): CodeIgniter\CodeIgniter->run()
10 SYSTEMPATH\Boot.php(68): CodeIgniter\Boot::runCodeIgniter(Object(CodeIgniter\CodeIgniter))
11 FCPATH\index.php(59): CodeIgniter\Boot::bootWeb(Object(Config\Paths))
DEBUG - 2025-11-09 13:42:46 --> Session: Class initialized using 'CodeIgniter\Session\Handlers\FileHandler' driver.
WARNING - 2025-11-09 13:42:46 --> [DEPRECATED] ucfirst(): Passing null to parameter #1 ($string) of type string is deprecated in APPPATH\Views\admin\vw_mapacalor.php on line 55.
 1 APPPATH\Views\admin\vw_mapacalor.php(55): ucfirst(null)
 2 SYSTEMPATH\View\View.php(226): include('C:\\xampp\\htdocs\\ecovision\\app\\Views\\admin\\vw_mapacalor.php')
 3 SYSTEMPATH\View\View.php(229): CodeIgniter\View\View->CodeIgniter\View\{closure}()
 4 SYSTEMPATH\Common.php(1167): CodeIgniter\View\View->render('admin/vw_mapacalor', [], true)
 5 APPPATH\Controllers\MapaController.php(27): view('admin/vw_mapacalor', [...])
 6 SYSTEMPATH\CodeIgniter.php(933): App\Controllers\MapaController->index()
 7 SYSTEMPATH\CodeIgniter.php(507): CodeIgniter\CodeIgniter->runController(Object(App\Controllers\MapaController))
 8 SYSTEMPATH\CodeIgniter.php(354): CodeIgniter\CodeIgniter->handleRequest(null, Object(Config\Cache), false)
 9 SYSTEMPATH\Boot.php(363): CodeIgniter\CodeIgniter->run()
10 SYSTEMPATH\Boot.php(68): CodeIgniter\Boot::runCodeIgniter(Object(CodeIgniter\CodeIgniter))
11 FCPATH\index.php(59): CodeIgniter\Boot::bootWeb(Object(Config\Paths))
WARNING - 2025-11-09 13:42:46 --> [DEPRECATED] ucfirst(): Passing null to parameter #1 ($string) of type string is deprecated in APPPATH\Views\admin\vw_mapacalor.php on line 55.
 1 APPPATH\Views\admin\vw_mapacalor.php(55): ucfirst(null)
 2 SYSTEMPATH\View\View.php(226): include('C:\\xampp\\htdocs\\ecovision\\app\\Views\\admin\\vw_mapacalor.php')
 3 SYSTEMPATH\View\View.php(229): CodeIgniter\View\View->CodeIgniter\View\{closure}()
 4 SYSTEMPATH\Common.php(1167): CodeIgniter\View\View->render('admin/vw_mapacalor', [], true)
 5 APPPATH\Controllers\MapaController.php(27): view('admin/vw_mapacalor', [...])
 6 SYSTEMPATH\CodeIgniter.php(933): App\Controllers\MapaController->index()
 7 SYSTEMPATH\CodeIgniter.php(507): CodeIgniter\CodeIgniter->runController(Object(App\Controllers\MapaController))
 8 SYSTEMPATH\CodeIgniter.php(354): CodeIgniter\CodeIgniter->handleRequest(null, Object(Config\Cache), false)
 9 SYSTEMPATH\Boot.php(363): CodeIgniter\CodeIgniter->run()
10 SYSTEMPATH\Boot.php(68): CodeIgniter\Boot::runCodeIgniter(Object(CodeIgniter\CodeIgniter))
11 FCPATH\index.php(59): CodeIgniter\Boot::bootWeb(Object(Config\Paths))
WARNING - 2025-11-09 13:42:46 --> [DEPRECATED] ucfirst(): Passing null to parameter #1 ($string) of type string is deprecated in APPPATH\Views\admin\vw_mapacalor.php on line 55.
 1 APPPATH\Views\admin\vw_mapacalor.php(55): ucfirst(null)
 2 SYSTEMPATH\View\View.php(226): include('C:\\xampp\\htdocs\\ecovision\\app\\Views\\admin\\vw_mapacalor.php')
 3 SYSTEMPATH\View\View.php(229): CodeIgniter\View\View->CodeIgniter\View\{closure}()
 4 SYSTEMPATH\Common.php(1167): CodeIgniter\View\View->render('admin/vw_mapacalor', [], true)
 5 APPPATH\Controllers\MapaController.php(27): view('admin/vw_mapacalor', [...])
 6 SYSTEMPATH\CodeIgniter.php(933): App\Controllers\MapaController->index()
 7 SYSTEMPATH\CodeIgniter.php(507): CodeIgniter\CodeIgniter->runController(Object(App\Controllers\MapaController))
 8 SYSTEMPATH\CodeIgniter.php(354): CodeIgniter\CodeIgniter->handleRequest(null, Object(Config\Cache), false)
 9 SYSTEMPATH\Boot.php(363): CodeIgniter\CodeIgniter->run()
10 SYSTEMPATH\Boot.php(68): CodeIgniter\Boot::runCodeIgniter(Object(CodeIgniter\CodeIgniter))
11 FCPATH\index.php(59): CodeIgniter\Boot::bootWeb(Object(Config\Paths))
WARNING - 2025-11-09 13:42:46 --> [DEPRECATED] ucfirst(): Passing null to parameter #1 ($string) of type string is deprecated in APPPATH\Views\admin\vw_mapacalor.php on line 55.
 1 APPPATH\Views\admin\vw_mapacalor.php(55): ucfirst(null)
 2 SYSTEMPATH\View\View.php(226): include('C:\\xampp\\htdocs\\ecovision\\app\\Views\\admin\\vw_mapacalor.php')
 3 SYSTEMPATH\View\View.php(229): CodeIgniter\View\View->CodeIgniter\View\{closure}()
 4 SYSTEMPATH\Common.php(1167): CodeIgniter\View\View->render('admin/vw_mapacalor', [], true)
 5 APPPATH\Controllers\MapaController.php(27): view('admin/vw_mapacalor', [...])
 6 SYSTEMPATH\CodeIgniter.php(933): App\Controllers\MapaController->index()
 7 SYSTEMPATH\CodeIgniter.php(507): CodeIgniter\CodeIgniter->runController(Object(App\Controllers\MapaController))
 8 SYSTEMPATH\CodeIgniter.php(354): CodeIgniter\CodeIgniter->handleRequest(null, Object(Config\Cache), false)
 9 SYSTEMPATH\Boot.php(363): CodeIgniter\CodeIgniter->run()
10 SYSTEMPATH\Boot.php(68): CodeIgniter\Boot::runCodeIgniter(Object(CodeIgniter\CodeIgniter))
11 FCPATH\index.php(59): CodeIgniter\Boot::bootWeb(Object(Config\Paths))
WARNING - 2025-11-09 13:42:46 --> [DEPRECATED] ucfirst(): Passing null to parameter #1 ($string) of type string is deprecated in APPPATH\Views\admin\vw_mapacalor.php on line 55.
 1 APPPATH\Views\admin\vw_mapacalor.php(55): ucfirst(null)
 2 SYSTEMPATH\View\View.php(226): include('C:\\xampp\\htdocs\\ecovision\\app\\Views\\admin\\vw_mapacalor.php')
 3 SYSTEMPATH\View\View.php(229): CodeIgniter\View\View->CodeIgniter\View\{closure}()
 4 SYSTEMPATH\Common.php(1167): CodeIgniter\View\View->render('admin/vw_mapacalor', [], true)
 5 APPPATH\Controllers\MapaController.php(27): view('admin/vw_mapacalor', [...])
 6 SYSTEMPATH\CodeIgniter.php(933): App\Controllers\MapaController->index()
 7 SYSTEMPATH\CodeIgniter.php(507): CodeIgniter\CodeIgniter->runController(Object(App\Controllers\MapaController))
 8 SYSTEMPATH\CodeIgniter.php(354): CodeIgniter\CodeIgniter->handleRequest(null, Object(Config\Cache), false)
 9 SYSTEMPATH\Boot.php(363): CodeIgniter\CodeIgniter->run()
10 SYSTEMPATH\Boot.php(68): CodeIgniter\Boot::runCodeIgniter(Object(CodeIgniter\CodeIgniter))
11 FCPATH\index.php(59): CodeIgniter\Boot::bootWeb(Object(Config\Paths))
WARNING - 2025-11-09 13:42:46 --> [DEPRECATED] ucfirst(): Passing null to parameter #1 ($string) of type string is deprecated in APPPATH\Views\admin\vw_mapacalor.php on line 80.
 1 APPPATH\Views\admin\vw_mapacalor.php(80): ucfirst(null)
 2 SYSTEMPATH\View\View.php(226): include('C:\\xampp\\htdocs\\ecovision\\app\\Views\\admin\\vw_mapacalor.php')
 3 SYSTEMPATH\View\View.php(229): CodeIgniter\View\View->CodeIgniter\View\{closure}()
 4 SYSTEMPATH\Common.php(1167): CodeIgniter\View\View->render('admin/vw_mapacalor', [], true)
 5 APPPATH\Controllers\MapaController.php(27): view('admin/vw_mapacalor', [...])
 6 SYSTEMPATH\CodeIgniter.php(933): App\Controllers\MapaController->index()
 7 SYSTEMPATH\CodeIgniter.php(507): CodeIgniter\CodeIgniter->runController(Object(App\Controllers\MapaController))
 8 SYSTEMPATH\CodeIgniter.php(354): CodeIgniter\CodeIgniter->handleRequest(null, Object(Config\Cache), false)
 9 SYSTEMPATH\Boot.php(363): CodeIgniter\CodeIgniter->run()
10 SYSTEMPATH\Boot.php(68): CodeIgniter\Boot::runCodeIgniter(Object(CodeIgniter\CodeIgniter))
11 FCPATH\index.php(59): CodeIgniter\Boot::bootWeb(Object(Config\Paths))
WARNING - 2025-11-09 13:42:46 --> [DEPRECATED] ucfirst(): Passing null to parameter #1 ($string) of type string is deprecated in APPPATH\Views\admin\vw_mapacalor.php on line 80.
 1 APPPATH\Views\admin\vw_mapacalor.php(80): ucfirst(null)
 2 SYSTEMPATH\View\View.php(226): include('C:\\xampp\\htdocs\\ecovision\\app\\Views\\admin\\vw_mapacalor.php')
 3 SYSTEMPATH\View\View.php(229): CodeIgniter\View\View->CodeIgniter\View\{closure}()
 4 SYSTEMPATH\Common.php(1167): CodeIgniter\View\View->render('admin/vw_mapacalor', [], true)
 5 APPPATH\Controllers\MapaController.php(27): view('admin/vw_mapacalor', [...])
 6 SYSTEMPATH\CodeIgniter.php(933): App\Controllers\MapaController->index()
 7 SYSTEMPATH\CodeIgniter.php(507): CodeIgniter\CodeIgniter->runController(Object(App\Controllers\MapaController))
 8 SYSTEMPATH\CodeIgniter.php(354): CodeIgniter\CodeIgniter->handleRequest(null, Object(Config\Cache), false)
 9 SYSTEMPATH\Boot.php(363): CodeIgniter\CodeIgniter->run()
10 SYSTEMPATH\Boot.php(68): CodeIgniter\Boot::runCodeIgniter(Object(CodeIgniter\CodeIgniter))
11 FCPATH\index.php(59): CodeIgniter\Boot::bootWeb(Object(Config\Paths))
WARNING - 2025-11-09 13:42:46 --> [DEPRECATED] ucfirst(): Passing null to parameter #1 ($string) of type string is deprecated in APPPATH\Views\admin\vw_mapacalor.php on line 80.
 1 APPPATH\Views\admin\vw_mapacalor.php(80): ucfirst(null)
 2 SYSTEMPATH\View\View.php(226): include('C:\\xampp\\htdocs\\ecovision\\app\\Views\\admin\\vw_mapacalor.php')
 3 SYSTEMPATH\View\View.php(229): CodeIgniter\View\View->CodeIgniter\View\{closure}()
 4 SYSTEMPATH\Common.php(1167): CodeIgniter\View\View->render('admin/vw_mapacalor', [], true)
 5 APPPATH\Controllers\MapaController.php(27): view('admin/vw_mapacalor', [...])
 6 SYSTEMPATH\CodeIgniter.php(933): App\Controllers\MapaController->index()
 7 SYSTEMPATH\CodeIgniter.php(507): CodeIgniter\CodeIgniter->runController(Object(App\Controllers\MapaController))
 8 SYSTEMPATH\CodeIgniter.php(354): CodeIgniter\CodeIgniter->handleRequest(null, Object(Config\Cache), false)
 9 SYSTEMPATH\Boot.php(363): CodeIgniter\CodeIgniter->run()
10 SYSTEMPATH\Boot.php(68): CodeIgniter\Boot::runCodeIgniter(Object(CodeIgniter\CodeIgniter))
11 FCPATH\index.php(59): CodeIgniter\Boot::bootWeb(Object(Config\Paths))
WARNING - 2025-11-09 13:42:46 --> [DEPRECATED] ucfirst(): Passing null to parameter #1 ($string) of type string is deprecated in APPPATH\Views\admin\vw_mapacalor.php on line 80.
 1 APPPATH\Views\admin\vw_mapacalor.php(80): ucfirst(null)
 2 SYSTEMPATH\View\View.php(226): include('C:\\xampp\\htdocs\\ecovision\\app\\Views\\admin\\vw_mapacalor.php')
 3 SYSTEMPATH\View\View.php(229): CodeIgniter\View\View->CodeIgniter\View\{closure}()
 4 SYSTEMPATH\Common.php(1167): CodeIgniter\View\View->render('admin/vw_mapacalor', [], true)
 5 APPPATH\Controllers\MapaController.php(27): view('admin/vw_mapacalor', [...])
 6 SYSTEMPATH\CodeIgniter.php(933): App\Controllers\MapaController->index()
 7 SYSTEMPATH\CodeIgniter.php(507): CodeIgniter\CodeIgniter->runController(Object(App\Controllers\MapaController))
 8 SYSTEMPATH\CodeIgniter.php(354): CodeIgniter\CodeIgniter->handleRequest(null, Object(Config\Cache), false)
 9 SYSTEMPATH\Boot.php(363): CodeIgniter\CodeIgniter->run()
10 SYSTEMPATH\Boot.php(68): CodeIgniter\Boot::runCodeIgniter(Object(CodeIgniter\CodeIgniter))
11 FCPATH\index.php(59): CodeIgniter\Boot::bootWeb(Object(Config\Paths))
WARNING - 2025-11-09 13:42:46 --> [DEPRECATED] ucfirst(): Passing null to parameter #1 ($string) of type string is deprecated in APPPATH\Views\admin\vw_mapacalor.php on line 80.
 1 APPPATH\Views\admin\vw_mapacalor.php(80): ucfirst(null)
 2 SYSTEMPATH\View\View.php(226): include('C:\\xampp\\htdocs\\ecovision\\app\\Views\\admin\\vw_mapacalor.php')
 3 SYSTEMPATH\View\View.php(229): CodeIgniter\View\View->CodeIgniter\View\{closure}()
 4 SYSTEMPATH\Common.php(1167): CodeIgniter\View\View->render('admin/vw_mapacalor', [], true)
 5 APPPATH\Controllers\MapaController.php(27): view('admin/vw_mapacalor', [...])
 6 SYSTEMPATH\CodeIgniter.php(933): App\Controllers\MapaController->index()
 7 SYSTEMPATH\CodeIgniter.php(507): CodeIgniter\CodeIgniter->runController(Object(App\Controllers\MapaController))
 8 SYSTEMPATH\CodeIgniter.php(354): CodeIgniter\CodeIgniter->handleRequest(null, Object(Config\Cache), false)
 9 SYSTEMPATH\Boot.php(363): CodeIgniter\CodeIgniter->run()
10 SYSTEMPATH\Boot.php(68): CodeIgniter\Boot::runCodeIgniter(Object(CodeIgniter\CodeIgniter))
11 FCPATH\index.php(59): CodeIgniter\Boot::bootWeb(Object(Config\Paths))
DEBUG - 2025-11-09 13:43:34 --> Session: Class initialized using 'CodeIgniter\Session\Handlers\FileHandler' driver.
WARNING - 2025-11-09 13:43:34 --> [DEPRECATED] ucfirst(): Passing null to parameter #1 ($string) of type string is deprecated in APPPATH\Views\admin\vw_mapacalor.php on line 54.
 1 APPPATH\Views\admin\vw_mapacalor.php(54): ucfirst(null)
 2 SYSTEMPATH\View\View.php(226): include('C:\\xampp\\htdocs\\ecovision\\app\\Views\\admin\\vw_mapacalor.php')
 3 SYSTEMPATH\View\View.php(229): CodeIgniter\View\View->CodeIgniter\View\{closure}()
 4 SYSTEMPATH\Common.php(1167): CodeIgniter\View\View->render('admin/vw_mapacalor', [], true)
 5 APPPATH\Controllers\MapaController.php(27): view('admin/vw_mapacalor', [...])
 6 SYSTEMPATH\CodeIgniter.php(933): App\Controllers\MapaController->index()
 7 SYSTEMPATH\CodeIgniter.php(507): CodeIgniter\CodeIgniter->runController(Object(App\Controllers\MapaController))
 8 SYSTEMPATH\CodeIgniter.php(354): CodeIgniter\CodeIgniter->handleRequest(null, Object(Config\Cache), false)
 9 SYSTEMPATH\Boot.php(363): CodeIgniter\CodeIgniter->run()
10 SYSTEMPATH\Boot.php(68): CodeIgniter\Boot::runCodeIgniter(Object(CodeIgniter\CodeIgniter))
11 FCPATH\index.php(59): CodeIgniter\Boot::bootWeb(Object(Config\Paths))
WARNING - 2025-11-09 13:43:34 --> [DEPRECATED] ucfirst(): Passing null to parameter #1 ($string) of type string is deprecated in APPPATH\Views\admin\vw_mapacalor.php on line 54.
 1 APPPATH\Views\admin\vw_mapacalor.php(54): ucfirst(null)
 2 SYSTEMPATH\View\View.php(226): include('C:\\xampp\\htdocs\\ecovision\\app\\Views\\admin\\vw_mapacalor.php')
 3 SYSTEMPATH\View\View.php(229): CodeIgniter\View\View->CodeIgniter\View\{closure}()
 4 SYSTEMPATH\Common.php(1167): CodeIgniter\View\View->render('admin/vw_mapacalor', [], true)
 5 APPPATH\Controllers\MapaController.php(27): view('admin/vw_mapacalor', [...])
 6 SYSTEMPATH\CodeIgniter.php(933): App\Controllers\MapaController->index()
 7 SYSTEMPATH\CodeIgniter.php(507): CodeIgniter\CodeIgniter->runController(Object(App\Controllers\MapaController))
 8 SYSTEMPATH\CodeIgniter.php(354): CodeIgniter\CodeIgniter->handleRequest(null, Object(Config\Cache), false)
 9 SYSTEMPATH\Boot.php(363): CodeIgniter\CodeIgniter->run()
10 SYSTEMPATH\Boot.php(68): CodeIgniter\Boot::runCodeIgniter(Object(CodeIgniter\CodeIgniter))
11 FCPATH\index.php(59): CodeIgniter\Boot::bootWeb(Object(Config\Paths))
WARNING - 2025-11-09 13:43:34 --> [DEPRECATED] ucfirst(): Passing null to parameter #1 ($string) of type string is deprecated in APPPATH\Views\admin\vw_mapacalor.php on line 54.
 1 APPPATH\Views\admin\vw_mapacalor.php(54): ucfirst(null)
 2 SYSTEMPATH\View\View.php(226): include('C:\\xampp\\htdocs\\ecovision\\app\\Views\\admin\\vw_mapacalor.php')
 3 SYSTEMPATH\View\View.php(229): CodeIgniter\View\View->CodeIgniter\View\{closure}()
 4 SYSTEMPATH\Common.php(1167): CodeIgniter\View\View->render('admin/vw_mapacalor', [], true)
 5 APPPATH\Controllers\MapaController.php(27): view('admin/vw_mapacalor', [...])
 6 SYSTEMPATH\CodeIgniter.php(933): App\Controllers\MapaController->index()
 7 SYSTEMPATH\CodeIgniter.php(507): CodeIgniter\CodeIgniter->runController(Object(App\Controllers\MapaController))
 8 SYSTEMPATH\CodeIgniter.php(354): CodeIgniter\CodeIgniter->handleRequest(null, Object(Config\Cache), false)
 9 SYSTEMPATH\Boot.php(363): CodeIgniter\CodeIgniter->run()
10 SYSTEMPATH\Boot.php(68): CodeIgniter\Boot::runCodeIgniter(Object(CodeIgniter\CodeIgniter))
11 FCPATH\index.php(59): CodeIgniter\Boot::bootWeb(Object(Config\Paths))
WARNING - 2025-11-09 13:43:34 --> [DEPRECATED] ucfirst(): Passing null to parameter #1 ($string) of type string is deprecated in APPPATH\Views\admin\vw_mapacalor.php on line 54.
 1 APPPATH\Views\admin\vw_mapacalor.php(54): ucfirst(null)
 2 SYSTEMPATH\View\View.php(226): include('C:\\xampp\\htdocs\\ecovision\\app\\Views\\admin\\vw_mapacalor.php')
 3 SYSTEMPATH\View\View.php(229): CodeIgniter\View\View->CodeIgniter\View\{closure}()
 4 SYSTEMPATH\Common.php(1167): CodeIgniter\View\View->render('admin/vw_mapacalor', [], true)
 5 APPPATH\Controllers\MapaController.php(27): view('admin/vw_mapacalor', [...])
 6 SYSTEMPATH\CodeIgniter.php(933): App\Controllers\MapaController->index()
 7 SYSTEMPATH\CodeIgniter.php(507): CodeIgniter\CodeIgniter->runController(Object(App\Controllers\MapaController))
 8 SYSTEMPATH\CodeIgniter.php(354): CodeIgniter\CodeIgniter->handleRequest(null, Object(Config\Cache), false)
 9 SYSTEMPATH\Boot.php(363): CodeIgniter\CodeIgniter->run()
10 SYSTEMPATH\Boot.php(68): CodeIgniter\Boot::runCodeIgniter(Object(CodeIgniter\CodeIgniter))
11 FCPATH\index.php(59): CodeIgniter\Boot::bootWeb(Object(Config\Paths))
WARNING - 2025-11-09 13:43:34 --> [DEPRECATED] ucfirst(): Passing null to parameter #1 ($string) of type string is deprecated in APPPATH\Views\admin\vw_mapacalor.php on line 54.
 1 APPPATH\Views\admin\vw_mapacalor.php(54): ucfirst(null)
 2 SYSTEMPATH\View\View.php(226): include('C:\\xampp\\htdocs\\ecovision\\app\\Views\\admin\\vw_mapacalor.php')
 3 SYSTEMPATH\View\View.php(229): CodeIgniter\View\View->CodeIgniter\View\{closure}()
 4 SYSTEMPATH\Common.php(1167): CodeIgniter\View\View->render('admin/vw_mapacalor', [], true)
 5 APPPATH\Controllers\MapaController.php(27): view('admin/vw_mapacalor', [...])
 6 SYSTEMPATH\CodeIgniter.php(933): App\Controllers\MapaController->index()
 7 SYSTEMPATH\CodeIgniter.php(507): CodeIgniter\CodeIgniter->runController(Object(App\Controllers\MapaController))
 8 SYSTEMPATH\CodeIgniter.php(354): CodeIgniter\CodeIgniter->handleRequest(null, Object(Config\Cache), false)
 9 SYSTEMPATH\Boot.php(363): CodeIgniter\CodeIgniter->run()
10 SYSTEMPATH\Boot.php(68): CodeIgniter\Boot::runCodeIgniter(Object(CodeIgniter\CodeIgniter))
11 FCPATH\index.php(59): CodeIgniter\Boot::bootWeb(Object(Config\Paths))
WARNING - 2025-11-09 13:43:34 --> [DEPRECATED] ucfirst(): Passing null to parameter #1 ($string) of type string is deprecated in APPPATH\Views\admin\vw_mapacalor.php on line 79.
 1 APPPATH\Views\admin\vw_mapacalor.php(79): ucfirst(null)
 2 SYSTEMPATH\View\View.php(226): include('C:\\xampp\\htdocs\\ecovision\\app\\Views\\admin\\vw_mapacalor.php')
 3 SYSTEMPATH\View\View.php(229): CodeIgniter\View\View->CodeIgniter\View\{closure}()
 4 SYSTEMPATH\Common.php(1167): CodeIgniter\View\View->render('admin/vw_mapacalor', [], true)
 5 APPPATH\Controllers\MapaController.php(27): view('admin/vw_mapacalor', [...])
 6 SYSTEMPATH\CodeIgniter.php(933): App\Controllers\MapaController->index()
 7 SYSTEMPATH\CodeIgniter.php(507): CodeIgniter\CodeIgniter->runController(Object(App\Controllers\MapaController))
 8 SYSTEMPATH\CodeIgniter.php(354): CodeIgniter\CodeIgniter->handleRequest(null, Object(Config\Cache), false)
 9 SYSTEMPATH\Boot.php(363): CodeIgniter\CodeIgniter->run()
10 SYSTEMPATH\Boot.php(68): CodeIgniter\Boot::runCodeIgniter(Object(CodeIgniter\CodeIgniter))
11 FCPATH\index.php(59): CodeIgniter\Boot::bootWeb(Object(Config\Paths))
WARNING - 2025-11-09 13:43:34 --> [DEPRECATED] ucfirst(): Passing null to parameter #1 ($string) of type string is deprecated in APPPATH\Views\admin\vw_mapacalor.php on line 79.
 1 APPPATH\Views\admin\vw_mapacalor.php(79): ucfirst(null)
 2 SYSTEMPATH\View\View.php(226): include('C:\\xampp\\htdocs\\ecovision\\app\\Views\\admin\\vw_mapacalor.php')
 3 SYSTEMPATH\View\View.php(229): CodeIgniter\View\View->CodeIgniter\View\{closure}()
 4 SYSTEMPATH\Common.php(1167): CodeIgniter\View\View->render('admin/vw_mapacalor', [], true)
 5 APPPATH\Controllers\MapaController.php(27): view('admin/vw_mapacalor', [...])
 6 SYSTEMPATH\CodeIgniter.php(933): App\Controllers\MapaController->index()
 7 SYSTEMPATH\CodeIgniter.php(507): CodeIgniter\CodeIgniter->runController(Object(App\Controllers\MapaController))
 8 SYSTEMPATH\CodeIgniter.php(354): CodeIgniter\CodeIgniter->handleRequest(null, Object(Config\Cache), false)
 9 SYSTEMPATH\Boot.php(363): CodeIgniter\CodeIgniter->run()
10 SYSTEMPATH\Boot.php(68): CodeIgniter\Boot::runCodeIgniter(Object(CodeIgniter\CodeIgniter))
11 FCPATH\index.php(59): CodeIgniter\Boot::bootWeb(Object(Config\Paths))
WARNING - 2025-11-09 13:43:34 --> [DEPRECATED] ucfirst(): Passing null to parameter #1 ($string) of type string is deprecated in APPPATH\Views\admin\vw_mapacalor.php on line 79.
 1 APPPATH\Views\admin\vw_mapacalor.php(79): ucfirst(null)
 2 SYSTEMPATH\View\View.php(226): include('C:\\xampp\\htdocs\\ecovision\\app\\Views\\admin\\vw_mapacalor.php')
 3 SYSTEMPATH\View\View.php(229): CodeIgniter\View\View->CodeIgniter\View\{closure}()
 4 SYSTEMPATH\Common.php(1167): CodeIgniter\View\View->render('admin/vw_mapacalor', [], true)
 5 APPPATH\Controllers\MapaController.php(27): view('admin/vw_mapacalor', [...])
 6 SYSTEMPATH\CodeIgniter.php(933): App\Controllers\MapaController->index()
 7 SYSTEMPATH\CodeIgniter.php(507): CodeIgniter\CodeIgniter->runController(Object(App\Controllers\MapaController))
 8 SYSTEMPATH\CodeIgniter.php(354): CodeIgniter\CodeIgniter->handleRequest(null, Object(Config\Cache), false)
 9 SYSTEMPATH\Boot.php(363): CodeIgniter\CodeIgniter->run()
10 SYSTEMPATH\Boot.php(68): CodeIgniter\Boot::runCodeIgniter(Object(CodeIgniter\CodeIgniter))
11 FCPATH\index.php(59): CodeIgniter\Boot::bootWeb(Object(Config\Paths))
WARNING - 2025-11-09 13:43:34 --> [DEPRECATED] ucfirst(): Passing null to parameter #1 ($string) of type string is deprecated in APPPATH\Views\admin\vw_mapacalor.php on line 79.
 1 APPPATH\Views\admin\vw_mapacalor.php(79): ucfirst(null)
 2 SYSTEMPATH\View\View.php(226): include('C:\\xampp\\htdocs\\ecovision\\app\\Views\\admin\\vw_mapacalor.php')
 3 SYSTEMPATH\View\View.php(229): CodeIgniter\View\View->CodeIgniter\View\{closure}()
 4 SYSTEMPATH\Common.php(1167): CodeIgniter\View\View->render('admin/vw_mapacalor', [], true)
 5 APPPATH\Controllers\MapaController.php(27): view('admin/vw_mapacalor', [...])
 6 SYSTEMPATH\CodeIgniter.php(933): App\Controllers\MapaController->index()
 7 SYSTEMPATH\CodeIgniter.php(507): CodeIgniter\CodeIgniter->runController(Object(App\Controllers\MapaController))
 8 SYSTEMPATH\CodeIgniter.php(354): CodeIgniter\CodeIgniter->handleRequest(null, Object(Config\Cache), false)
 9 SYSTEMPATH\Boot.php(363): CodeIgniter\CodeIgniter->run()
10 SYSTEMPATH\Boot.php(68): CodeIgniter\Boot::runCodeIgniter(Object(CodeIgniter\CodeIgniter))
11 FCPATH\index.php(59): CodeIgniter\Boot::bootWeb(Object(Config\Paths))
WARNING - 2025-11-09 13:43:34 --> [DEPRECATED] ucfirst(): Passing null to parameter #1 ($string) of type string is deprecated in APPPATH\Views\admin\vw_mapacalor.php on line 79.
 1 APPPATH\Views\admin\vw_mapacalor.php(79): ucfirst(null)
 2 SYSTEMPATH\View\View.php(226): include('C:\\xampp\\htdocs\\ecovision\\app\\Views\\admin\\vw_mapacalor.php')
 3 SYSTEMPATH\View\View.php(229): CodeIgniter\View\View->CodeIgniter\View\{closure}()
 4 SYSTEMPATH\Common.php(1167): CodeIgniter\View\View->render('admin/vw_mapacalor', [], true)
 5 APPPATH\Controllers\MapaController.php(27): view('admin/vw_mapacalor', [...])
 6 SYSTEMPATH\CodeIgniter.php(933): App\Controllers\MapaController->index()
 7 SYSTEMPATH\CodeIgniter.php(507): CodeIgniter\CodeIgniter->runController(Object(App\Controllers\MapaController))
 8 SYSTEMPATH\CodeIgniter.php(354): CodeIgniter\CodeIgniter->handleRequest(null, Object(Config\Cache), false)
 9 SYSTEMPATH\Boot.php(363): CodeIgniter\CodeIgniter->run()
10 SYSTEMPATH\Boot.php(68): CodeIgniter\Boot::runCodeIgniter(Object(CodeIgniter\CodeIgniter))
11 FCPATH\index.php(59): CodeIgniter\Boot::bootWeb(Object(Config\Paths))
DEBUG - 2025-11-09 13:43:34 --> Session: Class initialized using 'CodeIgniter\Session\Handlers\FileHandler' driver.
WARNING - 2025-11-09 13:43:34 --> [DEPRECATED] ucfirst(): Passing null to parameter #1 ($string) of type string is deprecated in APPPATH\Views\admin\vw_mapacalor.php on line 54.
 1 APPPATH\Views\admin\vw_mapacalor.php(54): ucfirst(null)
 2 SYSTEMPATH\View\View.php(226): include('C:\\xampp\\htdocs\\ecovision\\app\\Views\\admin\\vw_mapacalor.php')
 3 SYSTEMPATH\View\View.php(229): CodeIgniter\View\View->CodeIgniter\View\{closure}()
 4 SYSTEMPATH\Common.php(1167): CodeIgniter\View\View->render('admin/vw_mapacalor', [], true)
 5 APPPATH\Controllers\MapaController.php(27): view('admin/vw_mapacalor', [...])
 6 SYSTEMPATH\CodeIgniter.php(933): App\Controllers\MapaController->index()
 7 SYSTEMPATH\CodeIgniter.php(507): CodeIgniter\CodeIgniter->runController(Object(App\Controllers\MapaController))
 8 SYSTEMPATH\CodeIgniter.php(354): CodeIgniter\CodeIgniter->handleRequest(null, Object(Config\Cache), false)
 9 SYSTEMPATH\Boot.php(363): CodeIgniter\CodeIgniter->run()
10 SYSTEMPATH\Boot.php(68): CodeIgniter\Boot::runCodeIgniter(Object(CodeIgniter\CodeIgniter))
11 FCPATH\index.php(59): CodeIgniter\Boot::bootWeb(Object(Config\Paths))
WARNING - 2025-11-09 13:43:34 --> [DEPRECATED] ucfirst(): Passing null to parameter #1 ($string) of type string is deprecated in APPPATH\Views\admin\vw_mapacalor.php on line 54.
 1 APPPATH\Views\admin\vw_mapacalor.php(54): ucfirst(null)
 2 SYSTEMPATH\View\View.php(226): include('C:\\xampp\\htdocs\\ecovision\\app\\Views\\admin\\vw_mapacalor.php')
 3 SYSTEMPATH\View\View.php(229): CodeIgniter\View\View->CodeIgniter\View\{closure}()
 4 SYSTEMPATH\Common.php(1167): CodeIgniter\View\View->render('admin/vw_mapacalor', [], true)
 5 APPPATH\Controllers\MapaController.php(27): view('admin/vw_mapacalor', [...])
 6 SYSTEMPATH\CodeIgniter.php(933): App\Controllers\MapaController->index()
 7 SYSTEMPATH\CodeIgniter.php(507): CodeIgniter\CodeIgniter->runController(Object(App\Controllers\MapaController))
 8 SYSTEMPATH\CodeIgniter.php(354): CodeIgniter\CodeIgniter->handleRequest(null, Object(Config\Cache), false)
 9 SYSTEMPATH\Boot.php(363): CodeIgniter\CodeIgniter->run()
10 SYSTEMPATH\Boot.php(68): CodeIgniter\Boot::runCodeIgniter(Object(CodeIgniter\CodeIgniter))
11 FCPATH\index.php(59): CodeIgniter\Boot::bootWeb(Object(Config\Paths))
WARNING - 2025-11-09 13:43:34 --> [DEPRECATED] ucfirst(): Passing null to parameter #1 ($string) of type string is deprecated in APPPATH\Views\admin\vw_mapacalor.php on line 54.
 1 APPPATH\Views\admin\vw_mapacalor.php(54): ucfirst(null)
 2 SYSTEMPATH\View\View.php(226): include('C:\\xampp\\htdocs\\ecovision\\app\\Views\\admin\\vw_mapacalor.php')
 3 SYSTEMPATH\View\View.php(229): CodeIgniter\View\View->CodeIgniter\View\{closure}()
 4 SYSTEMPATH\Common.php(1167): CodeIgniter\View\View->render('admin/vw_mapacalor', [], true)
 5 APPPATH\Controllers\MapaController.php(27): view('admin/vw_mapacalor', [...])
 6 SYSTEMPATH\CodeIgniter.php(933): App\Controllers\MapaController->index()
 7 SYSTEMPATH\CodeIgniter.php(507): CodeIgniter\CodeIgniter->runController(Object(App\Controllers\MapaController))
 8 SYSTEMPATH\CodeIgniter.php(354): CodeIgniter\CodeIgniter->handleRequest(null, Object(Config\Cache), false)
 9 SYSTEMPATH\Boot.php(363): CodeIgniter\CodeIgniter->run()
10 SYSTEMPATH\Boot.php(68): CodeIgniter\Boot::runCodeIgniter(Object(CodeIgniter\CodeIgniter))
11 FCPATH\index.php(59): CodeIgniter\Boot::bootWeb(Object(Config\Paths))
WARNING - 2025-11-09 13:43:34 --> [DEPRECATED] ucfirst(): Passing null to parameter #1 ($string) of type string is deprecated in APPPATH\Views\admin\vw_mapacalor.php on line 54.
 1 APPPATH\Views\admin\vw_mapacalor.php(54): ucfirst(null)
 2 SYSTEMPATH\View\View.php(226): include('C:\\xampp\\htdocs\\ecovision\\app\\Views\\admin\\vw_mapacalor.php')
 3 SYSTEMPATH\View\View.php(229): CodeIgniter\View\View->CodeIgniter\View\{closure}()
 4 SYSTEMPATH\Common.php(1167): CodeIgniter\View\View->render('admin/vw_mapacalor', [], true)
 5 APPPATH\Controllers\MapaController.php(27): view('admin/vw_mapacalor', [...])
 6 SYSTEMPATH\CodeIgniter.php(933): App\Controllers\MapaController->index()
 7 SYSTEMPATH\CodeIgniter.php(507): CodeIgniter\CodeIgniter->runController(Object(App\Controllers\MapaController))
 8 SYSTEMPATH\CodeIgniter.php(354): CodeIgniter\CodeIgniter->handleRequest(null, Object(Config\Cache), false)
 9 SYSTEMPATH\Boot.php(363): CodeIgniter\CodeIgniter->run()
10 SYSTEMPATH\Boot.php(68): CodeIgniter\Boot::runCodeIgniter(Object(CodeIgniter\CodeIgniter))
11 FCPATH\index.php(59): CodeIgniter\Boot::bootWeb(Object(Config\Paths))
WARNING - 2025-11-09 13:43:34 --> [DEPRECATED] ucfirst(): Passing null to parameter #1 ($string) of type string is deprecated in APPPATH\Views\admin\vw_mapacalor.php on line 54.
 1 APPPATH\Views\admin\vw_mapacalor.php(54): ucfirst(null)
 2 SYSTEMPATH\View\View.php(226): include('C:\\xampp\\htdocs\\ecovision\\app\\Views\\admin\\vw_mapacalor.php')
 3 SYSTEMPATH\View\View.php(229): CodeIgniter\View\View->CodeIgniter\View\{closure}()
 4 SYSTEMPATH\Common.php(1167): CodeIgniter\View\View->render('admin/vw_mapacalor', [], true)
 5 APPPATH\Controllers\MapaController.php(27): view('admin/vw_mapacalor', [...])
 6 SYSTEMPATH\CodeIgniter.php(933): App\Controllers\MapaController->index()
 7 SYSTEMPATH\CodeIgniter.php(507): CodeIgniter\CodeIgniter->runController(Object(App\Controllers\MapaController))
 8 SYSTEMPATH\CodeIgniter.php(354): CodeIgniter\CodeIgniter->handleRequest(null, Object(Config\Cache), false)
 9 SYSTEMPATH\Boot.php(363): CodeIgniter\CodeIgniter->run()
10 SYSTEMPATH\Boot.php(68): CodeIgniter\Boot::runCodeIgniter(Object(CodeIgniter\CodeIgniter))
11 FCPATH\index.php(59): CodeIgniter\Boot::bootWeb(Object(Config\Paths))
WARNING - 2025-11-09 13:43:34 --> [DEPRECATED] ucfirst(): Passing null to parameter #1 ($string) of type string is deprecated in APPPATH\Views\admin\vw_mapacalor.php on line 79.
 1 APPPATH\Views\admin\vw_mapacalor.php(79): ucfirst(null)
 2 SYSTEMPATH\View\View.php(226): include('C:\\xampp\\htdocs\\ecovision\\app\\Views\\admin\\vw_mapacalor.php')
 3 SYSTEMPATH\View\View.php(229): CodeIgniter\View\View->CodeIgniter\View\{closure}()
 4 SYSTEMPATH\Common.php(1167): CodeIgniter\View\View->render('admin/vw_mapacalor', [], true)
 5 APPPATH\Controllers\MapaController.php(27): view('admin/vw_mapacalor', [...])
 6 SYSTEMPATH\CodeIgniter.php(933): App\Controllers\MapaController->index()
 7 SYSTEMPATH\CodeIgniter.php(507): CodeIgniter\CodeIgniter->runController(Object(App\Controllers\MapaController))
 8 SYSTEMPATH\CodeIgniter.php(354): CodeIgniter\CodeIgniter->handleRequest(null, Object(Config\Cache), false)
 9 SYSTEMPATH\Boot.php(363): CodeIgniter\CodeIgniter->run()
10 SYSTEMPATH\Boot.php(68): CodeIgniter\Boot::runCodeIgniter(Object(CodeIgniter\CodeIgniter))
11 FCPATH\index.php(59): CodeIgniter\Boot::bootWeb(Object(Config\Paths))
WARNING - 2025-11-09 13:43:34 --> [DEPRECATED] ucfirst(): Passing null to parameter #1 ($string) of type string is deprecated in APPPATH\Views\admin\vw_mapacalor.php on line 79.
 1 APPPATH\Views\admin\vw_mapacalor.php(79): ucfirst(null)
 2 SYSTEMPATH\View\View.php(226): include('C:\\xampp\\htdocs\\ecovision\\app\\Views\\admin\\vw_mapacalor.php')
 3 SYSTEMPATH\View\View.php(229): CodeIgniter\View\View->CodeIgniter\View\{closure}()
 4 SYSTEMPATH\Common.php(1167): CodeIgniter\View\View->render('admin/vw_mapacalor', [], true)
 5 APPPATH\Controllers\MapaController.php(27): view('admin/vw_mapacalor', [...])
 6 SYSTEMPATH\CodeIgniter.php(933): App\Controllers\MapaController->index()
 7 SYSTEMPATH\CodeIgniter.php(507): CodeIgniter\CodeIgniter->runController(Object(App\Controllers\MapaController))
 8 SYSTEMPATH\CodeIgniter.php(354): CodeIgniter\CodeIgniter->handleRequest(null, Object(Config\Cache), false)
 9 SYSTEMPATH\Boot.php(363): CodeIgniter\CodeIgniter->run()
10 SYSTEMPATH\Boot.php(68): CodeIgniter\Boot::runCodeIgniter(Object(CodeIgniter\CodeIgniter))
11 FCPATH\index.php(59): CodeIgniter\Boot::bootWeb(Object(Config\Paths))
WARNING - 2025-11-09 13:43:34 --> [DEPRECATED] ucfirst(): Passing null to parameter #1 ($string) of type string is deprecated in APPPATH\Views\admin\vw_mapacalor.php on line 79.
 1 APPPATH\Views\admin\vw_mapacalor.php(79): ucfirst(null)
 2 SYSTEMPATH\View\View.php(226): include('C:\\xampp\\htdocs\\ecovision\\app\\Views\\admin\\vw_mapacalor.php')
 3 SYSTEMPATH\View\View.php(229): CodeIgniter\View\View->CodeIgniter\View\{closure}()
 4 SYSTEMPATH\Common.php(1167): CodeIgniter\View\View->render('admin/vw_mapacalor', [], true)
 5 APPPATH\Controllers\MapaController.php(27): view('admin/vw_mapacalor', [...])
 6 SYSTEMPATH\CodeIgniter.php(933): App\Controllers\MapaController->index()
 7 SYSTEMPATH\CodeIgniter.php(507): CodeIgniter\CodeIgniter->runController(Object(App\Controllers\MapaController))
 8 SYSTEMPATH\CodeIgniter.php(354): CodeIgniter\CodeIgniter->handleRequest(null, Object(Config\Cache), false)
 9 SYSTEMPATH\Boot.php(363): CodeIgniter\CodeIgniter->run()
10 SYSTEMPATH\Boot.php(68): CodeIgniter\Boot::runCodeIgniter(Object(CodeIgniter\CodeIgniter))
11 FCPATH\index.php(59): CodeIgniter\Boot::bootWeb(Object(Config\Paths))
WARNING - 2025-11-09 13:43:34 --> [DEPRECATED] ucfirst(): Passing null to parameter #1 ($string) of type string is deprecated in APPPATH\Views\admin\vw_mapacalor.php on line 79.
 1 APPPATH\Views\admin\vw_mapacalor.php(79): ucfirst(null)
 2 SYSTEMPATH\View\View.php(226): include('C:\\xampp\\htdocs\\ecovision\\app\\Views\\admin\\vw_mapacalor.php')
 3 SYSTEMPATH\View\View.php(229): CodeIgniter\View\View->CodeIgniter\View\{closure}()
 4 SYSTEMPATH\Common.php(1167): CodeIgniter\View\View->render('admin/vw_mapacalor', [], true)
 5 APPPATH\Controllers\MapaController.php(27): view('admin/vw_mapacalor', [...])
 6 SYSTEMPATH\CodeIgniter.php(933): App\Controllers\MapaController->index()
 7 SYSTEMPATH\CodeIgniter.php(507): CodeIgniter\CodeIgniter->runController(Object(App\Controllers\MapaController))
 8 SYSTEMPATH\CodeIgniter.php(354): CodeIgniter\CodeIgniter->handleRequest(null, Object(Config\Cache), false)
 9 SYSTEMPATH\Boot.php(363): CodeIgniter\CodeIgniter->run()
10 SYSTEMPATH\Boot.php(68): CodeIgniter\Boot::runCodeIgniter(Object(CodeIgniter\CodeIgniter))
11 FCPATH\index.php(59): CodeIgniter\Boot::bootWeb(Object(Config\Paths))
WARNING - 2025-11-09 13:43:34 --> [DEPRECATED] ucfirst(): Passing null to parameter #1 ($string) of type string is deprecated in APPPATH\Views\admin\vw_mapacalor.php on line 79.
 1 APPPATH\Views\admin\vw_mapacalor.php(79): ucfirst(null)
 2 SYSTEMPATH\View\View.php(226): include('C:\\xampp\\htdocs\\ecovision\\app\\Views\\admin\\vw_mapacalor.php')
 3 SYSTEMPATH\View\View.php(229): CodeIgniter\View\View->CodeIgniter\View\{closure}()
 4 SYSTEMPATH\Common.php(1167): CodeIgniter\View\View->render('admin/vw_mapacalor', [], true)
 5 APPPATH\Controllers\MapaController.php(27): view('admin/vw_mapacalor', [...])
 6 SYSTEMPATH\CodeIgniter.php(933): App\Controllers\MapaController->index()
 7 SYSTEMPATH\CodeIgniter.php(507): CodeIgniter\CodeIgniter->runController(Object(App\Controllers\MapaController))
 8 SYSTEMPATH\CodeIgniter.php(354): CodeIgniter\CodeIgniter->handleRequest(null, Object(Config\Cache), false)
 9 SYSTEMPATH\Boot.php(363): CodeIgniter\CodeIgniter->run()
10 SYSTEMPATH\Boot.php(68): CodeIgniter\Boot::runCodeIgniter(Object(CodeIgniter\CodeIgniter))
11 FCPATH\index.php(59): CodeIgniter\Boot::bootWeb(Object(Config\Paths))
DEBUG - 2025-11-09 13:44:30 --> Session: Class initialized using 'CodeIgniter\Session\Handlers\FileHandler' driver.
WARNING - 2025-11-09 13:44:30 --> [DEPRECATED] ucfirst(): Passing null to parameter #1 ($string) of type string is deprecated in APPPATH\Views\admin\vw_mapacalor.php on line 54.
 1 APPPATH\Views\admin\vw_mapacalor.php(54): ucfirst(null)
 2 SYSTEMPATH\View\View.php(226): include('C:\\xampp\\htdocs\\ecovision\\app\\Views\\admin\\vw_mapacalor.php')
 3 SYSTEMPATH\View\View.php(229): CodeIgniter\View\View->CodeIgniter\View\{closure}()
 4 SYSTEMPATH\Common.php(1167): CodeIgniter\View\View->render('admin/vw_mapacalor', [], true)
 5 APPPATH\Controllers\MapaController.php(27): view('admin/vw_mapacalor', [...])
 6 SYSTEMPATH\CodeIgniter.php(933): App\Controllers\MapaController->index()
 7 SYSTEMPATH\CodeIgniter.php(507): CodeIgniter\CodeIgniter->runController(Object(App\Controllers\MapaController))
 8 SYSTEMPATH\CodeIgniter.php(354): CodeIgniter\CodeIgniter->handleRequest(null, Object(Config\Cache), false)
 9 SYSTEMPATH\Boot.php(363): CodeIgniter\CodeIgniter->run()
10 SYSTEMPATH\Boot.php(68): CodeIgniter\Boot::runCodeIgniter(Object(CodeIgniter\CodeIgniter))
11 FCPATH\index.php(59): CodeIgniter\Boot::bootWeb(Object(Config\Paths))
WARNING - 2025-11-09 13:44:30 --> [DEPRECATED] ucfirst(): Passing null to parameter #1 ($string) of type string is deprecated in APPPATH\Views\admin\vw_mapacalor.php on line 54.
 1 APPPATH\Views\admin\vw_mapacalor.php(54): ucfirst(null)
 2 SYSTEMPATH\View\View.php(226): include('C:\\xampp\\htdocs\\ecovision\\app\\Views\\admin\\vw_mapacalor.php')
 3 SYSTEMPATH\View\View.php(229): CodeIgniter\View\View->CodeIgniter\View\{closure}()
 4 SYSTEMPATH\Common.php(1167): CodeIgniter\View\View->render('admin/vw_mapacalor', [], true)
 5 APPPATH\Controllers\MapaController.php(27): view('admin/vw_mapacalor', [...])
 6 SYSTEMPATH\CodeIgniter.php(933): App\Controllers\MapaController->index()
 7 SYSTEMPATH\CodeIgniter.php(507): CodeIgniter\CodeIgniter->runController(Object(App\Controllers\MapaController))
 8 SYSTEMPATH\CodeIgniter.php(354): CodeIgniter\CodeIgniter->handleRequest(null, Object(Config\Cache), false)
 9 SYSTEMPATH\Boot.php(363): CodeIgniter\CodeIgniter->run()
10 SYSTEMPATH\Boot.php(68): CodeIgniter\Boot::runCodeIgniter(Object(CodeIgniter\CodeIgniter))
11 FCPATH\index.php(59): CodeIgniter\Boot::bootWeb(Object(Config\Paths))
WARNING - 2025-11-09 13:44:30 --> [DEPRECATED] ucfirst(): Passing null to parameter #1 ($string) of type string is deprecated in APPPATH\Views\admin\vw_mapacalor.php on line 54.
 1 APPPATH\Views\admin\vw_mapacalor.php(54): ucfirst(null)
 2 SYSTEMPATH\View\View.php(226): include('C:\\xampp\\htdocs\\ecovision\\app\\Views\\admin\\vw_mapacalor.php')
 3 SYSTEMPATH\View\View.php(229): CodeIgniter\View\View->CodeIgniter\View\{closure}()
 4 SYSTEMPATH\Common.php(1167): CodeIgniter\View\View->render('admin/vw_mapacalor', [], true)
 5 APPPATH\Controllers\MapaController.php(27): view('admin/vw_mapacalor', [...])
 6 SYSTEMPATH\CodeIgniter.php(933): App\Controllers\MapaController->index()
 7 SYSTEMPATH\CodeIgniter.php(507): CodeIgniter\CodeIgniter->runController(Object(App\Controllers\MapaController))
 8 SYSTEMPATH\CodeIgniter.php(354): CodeIgniter\CodeIgniter->handleRequest(null, Object(Config\Cache), false)
 9 SYSTEMPATH\Boot.php(363): CodeIgniter\CodeIgniter->run()
10 SYSTEMPATH\Boot.php(68): CodeIgniter\Boot::runCodeIgniter(Object(CodeIgniter\CodeIgniter))
11 FCPATH\index.php(59): CodeIgniter\Boot::bootWeb(Object(Config\Paths))
WARNING - 2025-11-09 13:44:30 --> [DEPRECATED] ucfirst(): Passing null to parameter #1 ($string) of type string is deprecated in APPPATH\Views\admin\vw_mapacalor.php on line 54.
 1 APPPATH\Views\admin\vw_mapacalor.php(54): ucfirst(null)
 2 SYSTEMPATH\View\View.php(226): include('C:\\xampp\\htdocs\\ecovision\\app\\Views\\admin\\vw_mapacalor.php')
 3 SYSTEMPATH\View\View.php(229): CodeIgniter\View\View->CodeIgniter\View\{closure}()
 4 SYSTEMPATH\Common.php(1167): CodeIgniter\View\View->render('admin/vw_mapacalor', [], true)
 5 APPPATH\Controllers\MapaController.php(27): view('admin/vw_mapacalor', [...])
 6 SYSTEMPATH\CodeIgniter.php(933): App\Controllers\MapaController->index()
 7 SYSTEMPATH\CodeIgniter.php(507): CodeIgniter\CodeIgniter->runController(Object(App\Controllers\MapaController))
 8 SYSTEMPATH\CodeIgniter.php(354): CodeIgniter\CodeIgniter->handleRequest(null, Object(Config\Cache), false)
 9 SYSTEMPATH\Boot.php(363): CodeIgniter\CodeIgniter->run()
10 SYSTEMPATH\Boot.php(68): CodeIgniter\Boot::runCodeIgniter(Object(CodeIgniter\CodeIgniter))
11 FCPATH\index.php(59): CodeIgniter\Boot::bootWeb(Object(Config\Paths))
WARNING - 2025-11-09 13:44:30 --> [DEPRECATED] ucfirst(): Passing null to parameter #1 ($string) of type string is deprecated in APPPATH\Views\admin\vw_mapacalor.php on line 54.
 1 APPPATH\Views\admin\vw_mapacalor.php(54): ucfirst(null)
 2 SYSTEMPATH\View\View.php(226): include('C:\\xampp\\htdocs\\ecovision\\app\\Views\\admin\\vw_mapacalor.php')
 3 SYSTEMPATH\View\View.php(229): CodeIgniter\View\View->CodeIgniter\View\{closure}()
 4 SYSTEMPATH\Common.php(1167): CodeIgniter\View\View->render('admin/vw_mapacalor', [], true)
 5 APPPATH\Controllers\MapaController.php(27): view('admin/vw_mapacalor', [...])
 6 SYSTEMPATH\CodeIgniter.php(933): App\Controllers\MapaController->index()
 7 SYSTEMPATH\CodeIgniter.php(507): CodeIgniter\CodeIgniter->runController(Object(App\Controllers\MapaController))
 8 SYSTEMPATH\CodeIgniter.php(354): CodeIgniter\CodeIgniter->handleRequest(null, Object(Config\Cache), false)
 9 SYSTEMPATH\Boot.php(363): CodeIgniter\CodeIgniter->run()
10 SYSTEMPATH\Boot.php(68): CodeIgniter\Boot::runCodeIgniter(Object(CodeIgniter\CodeIgniter))
11 FCPATH\index.php(59): CodeIgniter\Boot::bootWeb(Object(Config\Paths))
WARNING - 2025-11-09 13:44:30 --> [DEPRECATED] ucfirst(): Passing null to parameter #1 ($string) of type string is deprecated in APPPATH\Views\admin\vw_mapacalor.php on line 79.
 1 APPPATH\Views\admin\vw_mapacalor.php(79): ucfirst(null)
 2 SYSTEMPATH\View\View.php(226): include('C:\\xampp\\htdocs\\ecovision\\app\\Views\\admin\\vw_mapacalor.php')
 3 SYSTEMPATH\View\View.php(229): CodeIgniter\View\View->CodeIgniter\View\{closure}()
 4 SYSTEMPATH\Common.php(1167): CodeIgniter\View\View->render('admin/vw_mapacalor', [], true)
 5 APPPATH\Controllers\MapaController.php(27): view('admin/vw_mapacalor', [...])
 6 SYSTEMPATH\CodeIgniter.php(933): App\Controllers\MapaController->index()
 7 SYSTEMPATH\CodeIgniter.php(507): CodeIgniter\CodeIgniter->runController(Object(App\Controllers\MapaController))
 8 SYSTEMPATH\CodeIgniter.php(354): CodeIgniter\CodeIgniter->handleRequest(null, Object(Config\Cache), false)
 9 SYSTEMPATH\Boot.php(363): CodeIgniter\CodeIgniter->run()
10 SYSTEMPATH\Boot.php(68): CodeIgniter\Boot::runCodeIgniter(Object(CodeIgniter\CodeIgniter))
11 FCPATH\index.php(59): CodeIgniter\Boot::bootWeb(Object(Config\Paths))
WARNING - 2025-11-09 13:44:30 --> [DEPRECATED] ucfirst(): Passing null to parameter #1 ($string) of type string is deprecated in APPPATH\Views\admin\vw_mapacalor.php on line 79.
 1 APPPATH\Views\admin\vw_mapacalor.php(79): ucfirst(null)
 2 SYSTEMPATH\View\View.php(226): include('C:\\xampp\\htdocs\\ecovision\\app\\Views\\admin\\vw_mapacalor.php')
 3 SYSTEMPATH\View\View.php(229): CodeIgniter\View\View->CodeIgniter\View\{closure}()
 4 SYSTEMPATH\Common.php(1167): CodeIgniter\View\View->render('admin/vw_mapacalor', [], true)
 5 APPPATH\Controllers\MapaController.php(27): view('admin/vw_mapacalor', [...])
 6 SYSTEMPATH\CodeIgniter.php(933): App\Controllers\MapaController->index()
 7 SYSTEMPATH\CodeIgniter.php(507): CodeIgniter\CodeIgniter->runController(Object(App\Controllers\MapaController))
 8 SYSTEMPATH\CodeIgniter.php(354): CodeIgniter\CodeIgniter->handleRequest(null, Object(Config\Cache), false)
 9 SYSTEMPATH\Boot.php(363): CodeIgniter\CodeIgniter->run()
10 SYSTEMPATH\Boot.php(68): CodeIgniter\Boot::runCodeIgniter(Object(CodeIgniter\CodeIgniter))
11 FCPATH\index.php(59): CodeIgniter\Boot::bootWeb(Object(Config\Paths))
WARNING - 2025-11-09 13:44:30 --> [DEPRECATED] ucfirst(): Passing null to parameter #1 ($string) of type string is deprecated in APPPATH\Views\admin\vw_mapacalor.php on line 79.
 1 APPPATH\Views\admin\vw_mapacalor.php(79): ucfirst(null)
 2 SYSTEMPATH\View\View.php(226): include('C:\\xampp\\htdocs\\ecovision\\app\\Views\\admin\\vw_mapacalor.php')
 3 SYSTEMPATH\View\View.php(229): CodeIgniter\View\View->CodeIgniter\View\{closure}()
 4 SYSTEMPATH\Common.php(1167): CodeIgniter\View\View->render('admin/vw_mapacalor', [], true)
 5 APPPATH\Controllers\MapaController.php(27): view('admin/vw_mapacalor', [...])
 6 SYSTEMPATH\CodeIgniter.php(933): App\Controllers\MapaController->index()
 7 SYSTEMPATH\CodeIgniter.php(507): CodeIgniter\CodeIgniter->runController(Object(App\Controllers\MapaController))
 8 SYSTEMPATH\CodeIgniter.php(354): CodeIgniter\CodeIgniter->handleRequest(null, Object(Config\Cache), false)
 9 SYSTEMPATH\Boot.php(363): CodeIgniter\CodeIgniter->run()
10 SYSTEMPATH\Boot.php(68): CodeIgniter\Boot::runCodeIgniter(Object(CodeIgniter\CodeIgniter))
11 FCPATH\index.php(59): CodeIgniter\Boot::bootWeb(Object(Config\Paths))
WARNING - 2025-11-09 13:44:30 --> [DEPRECATED] ucfirst(): Passing null to parameter #1 ($string) of type string is deprecated in APPPATH\Views\admin\vw_mapacalor.php on line 79.
 1 APPPATH\Views\admin\vw_mapacalor.php(79): ucfirst(null)
 2 SYSTEMPATH\View\View.php(226): include('C:\\xampp\\htdocs\\ecovision\\app\\Views\\admin\\vw_mapacalor.php')
 3 SYSTEMPATH\View\View.php(229): CodeIgniter\View\View->CodeIgniter\View\{closure}()
 4 SYSTEMPATH\Common.php(1167): CodeIgniter\View\View->render('admin/vw_mapacalor', [], true)
 5 APPPATH\Controllers\MapaController.php(27): view('admin/vw_mapacalor', [...])
 6 SYSTEMPATH\CodeIgniter.php(933): App\Controllers\MapaController->index()
 7 SYSTEMPATH\CodeIgniter.php(507): CodeIgniter\CodeIgniter->runController(Object(App\Controllers\MapaController))
 8 SYSTEMPATH\CodeIgniter.php(354): CodeIgniter\CodeIgniter->handleRequest(null, Object(Config\Cache), false)
 9 SYSTEMPATH\Boot.php(363): CodeIgniter\CodeIgniter->run()
10 SYSTEMPATH\Boot.php(68): CodeIgniter\Boot::runCodeIgniter(Object(CodeIgniter\CodeIgniter))
11 FCPATH\index.php(59): CodeIgniter\Boot::bootWeb(Object(Config\Paths))
WARNING - 2025-11-09 13:44:30 --> [DEPRECATED] ucfirst(): Passing null to parameter #1 ($string) of type string is deprecated in APPPATH\Views\admin\vw_mapacalor.php on line 79.
 1 APPPATH\Views\admin\vw_mapacalor.php(79): ucfirst(null)
 2 SYSTEMPATH\View\View.php(226): include('C:\\xampp\\htdocs\\ecovision\\app\\Views\\admin\\vw_mapacalor.php')
 3 SYSTEMPATH\View\View.php(229): CodeIgniter\View\View->CodeIgniter\View\{closure}()
 4 SYSTEMPATH\Common.php(1167): CodeIgniter\View\View->render('admin/vw_mapacalor', [], true)
 5 APPPATH\Controllers\MapaController.php(27): view('admin/vw_mapacalor', [...])
 6 SYSTEMPATH\CodeIgniter.php(933): App\Controllers\MapaController->index()
 7 SYSTEMPATH\CodeIgniter.php(507): CodeIgniter\CodeIgniter->runController(Object(App\Controllers\MapaController))
 8 SYSTEMPATH\CodeIgniter.php(354): CodeIgniter\CodeIgniter->handleRequest(null, Object(Config\Cache), false)
 9 SYSTEMPATH\Boot.php(363): CodeIgniter\CodeIgniter->run()
10 SYSTEMPATH\Boot.php(68): CodeIgniter\Boot::runCodeIgniter(Object(CodeIgniter\CodeIgniter))
11 FCPATH\index.php(59): CodeIgniter\Boot::bootWeb(Object(Config\Paths))
DEBUG - 2025-11-09 13:44:31 --> Session: Class initialized using 'CodeIgniter\Session\Handlers\FileHandler' driver.
WARNING - 2025-11-09 13:44:31 --> [DEPRECATED] ucfirst(): Passing null to parameter #1 ($string) of type string is deprecated in APPPATH\Views\admin\vw_mapacalor.php on line 54.
 1 APPPATH\Views\admin\vw_mapacalor.php(54): ucfirst(null)
 2 SYSTEMPATH\View\View.php(226): include('C:\\xampp\\htdocs\\ecovision\\app\\Views\\admin\\vw_mapacalor.php')
 3 SYSTEMPATH\View\View.php(229): CodeIgniter\View\View->CodeIgniter\View\{closure}()
 4 SYSTEMPATH\Common.php(1167): CodeIgniter\View\View->render('admin/vw_mapacalor', [], true)
 5 APPPATH\Controllers\MapaController.php(27): view('admin/vw_mapacalor', [...])
 6 SYSTEMPATH\CodeIgniter.php(933): App\Controllers\MapaController->index()
 7 SYSTEMPATH\CodeIgniter.php(507): CodeIgniter\CodeIgniter->runController(Object(App\Controllers\MapaController))
 8 SYSTEMPATH\CodeIgniter.php(354): CodeIgniter\CodeIgniter->handleRequest(null, Object(Config\Cache), false)
 9 SYSTEMPATH\Boot.php(363): CodeIgniter\CodeIgniter->run()
10 SYSTEMPATH\Boot.php(68): CodeIgniter\Boot::runCodeIgniter(Object(CodeIgniter\CodeIgniter))
11 FCPATH\index.php(59): CodeIgniter\Boot::bootWeb(Object(Config\Paths))
WARNING - 2025-11-09 13:44:31 --> [DEPRECATED] ucfirst(): Passing null to parameter #1 ($string) of type string is deprecated in APPPATH\Views\admin\vw_mapacalor.php on line 54.
 1 APPPATH\Views\admin\vw_mapacalor.php(54): ucfirst(null)
 2 SYSTEMPATH\View\View.php(226): include('C:\\xampp\\htdocs\\ecovision\\app\\Views\\admin\\vw_mapacalor.php')
 3 SYSTEMPATH\View\View.php(229): CodeIgniter\View\View->CodeIgniter\View\{closure}()
 4 SYSTEMPATH\Common.php(1167): CodeIgniter\View\View->render('admin/vw_mapacalor', [], true)
 5 APPPATH\Controllers\MapaController.php(27): view('admin/vw_mapacalor', [...])
 6 SYSTEMPATH\CodeIgniter.php(933): App\Controllers\MapaController->index()
 7 SYSTEMPATH\CodeIgniter.php(507): CodeIgniter\CodeIgniter->runController(Object(App\Controllers\MapaController))
 8 SYSTEMPATH\CodeIgniter.php(354): CodeIgniter\CodeIgniter->handleRequest(null, Object(Config\Cache), false)
 9 SYSTEMPATH\Boot.php(363): CodeIgniter\CodeIgniter->run()
10 SYSTEMPATH\Boot.php(68): CodeIgniter\Boot::runCodeIgniter(Object(CodeIgniter\CodeIgniter))
11 FCPATH\index.php(59): CodeIgniter\Boot::bootWeb(Object(Config\Paths))
WARNING - 2025-11-09 13:44:31 --> [DEPRECATED] ucfirst(): Passing null to parameter #1 ($string) of type string is deprecated in APPPATH\Views\admin\vw_mapacalor.php on line 54.
 1 APPPATH\Views\admin\vw_mapacalor.php(54): ucfirst(null)
 2 SYSTEMPATH\View\View.php(226): include('C:\\xampp\\htdocs\\ecovision\\app\\Views\\admin\\vw_mapacalor.php')
 3 SYSTEMPATH\View\View.php(229): CodeIgniter\View\View->CodeIgniter\View\{closure}()
 4 SYSTEMPATH\Common.php(1167): CodeIgniter\View\View->render('admin/vw_mapacalor', [], true)
 5 APPPATH\Controllers\MapaController.php(27): view('admin/vw_mapacalor', [...])
 6 SYSTEMPATH\CodeIgniter.php(933): App\Controllers\MapaController->index()
 7 SYSTEMPATH\CodeIgniter.php(507): CodeIgniter\CodeIgniter->runController(Object(App\Controllers\MapaController))
 8 SYSTEMPATH\CodeIgniter.php(354): CodeIgniter\CodeIgniter->handleRequest(null, Object(Config\Cache), false)
 9 SYSTEMPATH\Boot.php(363): CodeIgniter\CodeIgniter->run()
10 SYSTEMPATH\Boot.php(68): CodeIgniter\Boot::runCodeIgniter(Object(CodeIgniter\CodeIgniter))
11 FCPATH\index.php(59): CodeIgniter\Boot::bootWeb(Object(Config\Paths))
WARNING - 2025-11-09 13:44:31 --> [DEPRECATED] ucfirst(): Passing null to parameter #1 ($string) of type string is deprecated in APPPATH\Views\admin\vw_mapacalor.php on line 54.
 1 APPPATH\Views\admin\vw_mapacalor.php(54): ucfirst(null)
 2 SYSTEMPATH\View\View.php(226): include('C:\\xampp\\htdocs\\ecovision\\app\\Views\\admin\\vw_mapacalor.php')
 3 SYSTEMPATH\View\View.php(229): CodeIgniter\View\View->CodeIgniter\View\{closure}()
 4 SYSTEMPATH\Common.php(1167): CodeIgniter\View\View->render('admin/vw_mapacalor', [], true)
 5 APPPATH\Controllers\MapaController.php(27): view('admin/vw_mapacalor', [...])
 6 SYSTEMPATH\CodeIgniter.php(933): App\Controllers\MapaController->index()
 7 SYSTEMPATH\CodeIgniter.php(507): CodeIgniter\CodeIgniter->runController(Object(App\Controllers\MapaController))
 8 SYSTEMPATH\CodeIgniter.php(354): CodeIgniter\CodeIgniter->handleRequest(null, Object(Config\Cache), false)
 9 SYSTEMPATH\Boot.php(363): CodeIgniter\CodeIgniter->run()
10 SYSTEMPATH\Boot.php(68): CodeIgniter\Boot::runCodeIgniter(Object(CodeIgniter\CodeIgniter))
11 FCPATH\index.php(59): CodeIgniter\Boot::bootWeb(Object(Config\Paths))
WARNING - 2025-11-09 13:44:31 --> [DEPRECATED] ucfirst(): Passing null to parameter #1 ($string) of type string is deprecated in APPPATH\Views\admin\vw_mapacalor.php on line 54.
 1 APPPATH\Views\admin\vw_mapacalor.php(54): ucfirst(null)
 2 SYSTEMPATH\View\View.php(226): include('C:\\xampp\\htdocs\\ecovision\\app\\Views\\admin\\vw_mapacalor.php')
 3 SYSTEMPATH\View\View.php(229): CodeIgniter\View\View->CodeIgniter\View\{closure}()
 4 SYSTEMPATH\Common.php(1167): CodeIgniter\View\View->render('admin/vw_mapacalor', [], true)
 5 APPPATH\Controllers\MapaController.php(27): view('admin/vw_mapacalor', [...])
 6 SYSTEMPATH\CodeIgniter.php(933): App\Controllers\MapaController->index()
 7 SYSTEMPATH\CodeIgniter.php(507): CodeIgniter\CodeIgniter->runController(Object(App\Controllers\MapaController))
 8 SYSTEMPATH\CodeIgniter.php(354): CodeIgniter\CodeIgniter->handleRequest(null, Object(Config\Cache), false)
 9 SYSTEMPATH\Boot.php(363): CodeIgniter\CodeIgniter->run()
10 SYSTEMPATH\Boot.php(68): CodeIgniter\Boot::runCodeIgniter(Object(CodeIgniter\CodeIgniter))
11 FCPATH\index.php(59): CodeIgniter\Boot::bootWeb(Object(Config\Paths))
WARNING - 2025-11-09 13:44:31 --> [DEPRECATED] ucfirst(): Passing null to parameter #1 ($string) of type string is deprecated in APPPATH\Views\admin\vw_mapacalor.php on line 79.
 1 APPPATH\Views\admin\vw_mapacalor.php(79): ucfirst(null)
 2 SYSTEMPATH\View\View.php(226): include('C:\\xampp\\htdocs\\ecovision\\app\\Views\\admin\\vw_mapacalor.php')
 3 SYSTEMPATH\View\View.php(229): CodeIgniter\View\View->CodeIgniter\View\{closure}()
 4 SYSTEMPATH\Common.php(1167): CodeIgniter\View\View->render('admin/vw_mapacalor', [], true)
 5 APPPATH\Controllers\MapaController.php(27): view('admin/vw_mapacalor', [...])
 6 SYSTEMPATH\CodeIgniter.php(933): App\Controllers\MapaController->index()
 7 SYSTEMPATH\CodeIgniter.php(507): CodeIgniter\CodeIgniter->runController(Object(App\Controllers\MapaController))
 8 SYSTEMPATH\CodeIgniter.php(354): CodeIgniter\CodeIgniter->handleRequest(null, Object(Config\Cache), false)
 9 SYSTEMPATH\Boot.php(363): CodeIgniter\CodeIgniter->run()
10 SYSTEMPATH\Boot.php(68): CodeIgniter\Boot::runCodeIgniter(Object(CodeIgniter\CodeIgniter))
11 FCPATH\index.php(59): CodeIgniter\Boot::bootWeb(Object(Config\Paths))
WARNING - 2025-11-09 13:44:31 --> [DEPRECATED] ucfirst(): Passing null to parameter #1 ($string) of type string is deprecated in APPPATH\Views\admin\vw_mapacalor.php on line 79.
 1 APPPATH\Views\admin\vw_mapacalor.php(79): ucfirst(null)
 2 SYSTEMPATH\View\View.php(226): include('C:\\xampp\\htdocs\\ecovision\\app\\Views\\admin\\vw_mapacalor.php')
 3 SYSTEMPATH\View\View.php(229): CodeIgniter\View\View->CodeIgniter\View\{closure}()
 4 SYSTEMPATH\Common.php(1167): CodeIgniter\View\View->render('admin/vw_mapacalor', [], true)
 5 APPPATH\Controllers\MapaController.php(27): view('admin/vw_mapacalor', [...])
 6 SYSTEMPATH\CodeIgniter.php(933): App\Controllers\MapaController->index()
 7 SYSTEMPATH\CodeIgniter.php(507): CodeIgniter\CodeIgniter->runController(Object(App\Controllers\MapaController))
 8 SYSTEMPATH\CodeIgniter.php(354): CodeIgniter\CodeIgniter->handleRequest(null, Object(Config\Cache), false)
 9 SYSTEMPATH\Boot.php(363): CodeIgniter\CodeIgniter->run()
10 SYSTEMPATH\Boot.php(68): CodeIgniter\Boot::runCodeIgniter(Object(CodeIgniter\CodeIgniter))
11 FCPATH\index.php(59): CodeIgniter\Boot::bootWeb(Object(Config\Paths))
WARNING - 2025-11-09 13:44:31 --> [DEPRECATED] ucfirst(): Passing null to parameter #1 ($string) of type string is deprecated in APPPATH\Views\admin\vw_mapacalor.php on line 79.
 1 APPPATH\Views\admin\vw_mapacalor.php(79): ucfirst(null)
 2 SYSTEMPATH\View\View.php(226): include('C:\\xampp\\htdocs\\ecovision\\app\\Views\\admin\\vw_mapacalor.php')
 3 SYSTEMPATH\View\View.php(229): CodeIgniter\View\View->CodeIgniter\View\{closure}()
 4 SYSTEMPATH\Common.php(1167): CodeIgniter\View\View->render('admin/vw_mapacalor', [], true)
 5 APPPATH\Controllers\MapaController.php(27): view('admin/vw_mapacalor', [...])
 6 SYSTEMPATH\CodeIgniter.php(933): App\Controllers\MapaController->index()
 7 SYSTEMPATH\CodeIgniter.php(507): CodeIgniter\CodeIgniter->runController(Object(App\Controllers\MapaController))
 8 SYSTEMPATH\CodeIgniter.php(354): CodeIgniter\CodeIgniter->handleRequest(null, Object(Config\Cache), false)
 9 SYSTEMPATH\Boot.php(363): CodeIgniter\CodeIgniter->run()
10 SYSTEMPATH\Boot.php(68): CodeIgniter\Boot::runCodeIgniter(Object(CodeIgniter\CodeIgniter))
11 FCPATH\index.php(59): CodeIgniter\Boot::bootWeb(Object(Config\Paths))
WARNING - 2025-11-09 13:44:31 --> [DEPRECATED] ucfirst(): Passing null to parameter #1 ($string) of type string is deprecated in APPPATH\Views\admin\vw_mapacalor.php on line 79.
 1 APPPATH\Views\admin\vw_mapacalor.php(79): ucfirst(null)
 2 SYSTEMPATH\View\View.php(226): include('C:\\xampp\\htdocs\\ecovision\\app\\Views\\admin\\vw_mapacalor.php')
 3 SYSTEMPATH\View\View.php(229): CodeIgniter\View\View->CodeIgniter\View\{closure}()
 4 SYSTEMPATH\Common.php(1167): CodeIgniter\View\View->render('admin/vw_mapacalor', [], true)
 5 APPPATH\Controllers\MapaController.php(27): view('admin/vw_mapacalor', [...])
 6 SYSTEMPATH\CodeIgniter.php(933): App\Controllers\MapaController->index()
 7 SYSTEMPATH\CodeIgniter.php(507): CodeIgniter\CodeIgniter->runController(Object(App\Controllers\MapaController))
 8 SYSTEMPATH\CodeIgniter.php(354): CodeIgniter\CodeIgniter->handleRequest(null, Object(Config\Cache), false)
 9 SYSTEMPATH\Boot.php(363): CodeIgniter\CodeIgniter->run()
10 SYSTEMPATH\Boot.php(68): CodeIgniter\Boot::runCodeIgniter(Object(CodeIgniter\CodeIgniter))
11 FCPATH\index.php(59): CodeIgniter\Boot::bootWeb(Object(Config\Paths))
WARNING - 2025-11-09 13:44:31 --> [DEPRECATED] ucfirst(): Passing null to parameter #1 ($string) of type string is deprecated in APPPATH\Views\admin\vw_mapacalor.php on line 79.
 1 APPPATH\Views\admin\vw_mapacalor.php(79): ucfirst(null)
 2 SYSTEMPATH\View\View.php(226): include('C:\\xampp\\htdocs\\ecovision\\app\\Views\\admin\\vw_mapacalor.php')
 3 SYSTEMPATH\View\View.php(229): CodeIgniter\View\View->CodeIgniter\View\{closure}()
 4 SYSTEMPATH\Common.php(1167): CodeIgniter\View\View->render('admin/vw_mapacalor', [], true)
 5 APPPATH\Controllers\MapaController.php(27): view('admin/vw_mapacalor', [...])
 6 SYSTEMPATH\CodeIgniter.php(933): App\Controllers\MapaController->index()
 7 SYSTEMPATH\CodeIgniter.php(507): CodeIgniter\CodeIgniter->runController(Object(App\Controllers\MapaController))
 8 SYSTEMPATH\CodeIgniter.php(354): CodeIgniter\CodeIgniter->handleRequest(null, Object(Config\Cache), false)
 9 SYSTEMPATH\Boot.php(363): CodeIgniter\CodeIgniter->run()
10 SYSTEMPATH\Boot.php(68): CodeIgniter\Boot::runCodeIgniter(Object(CodeIgniter\CodeIgniter))
11 FCPATH\index.php(59): CodeIgniter\Boot::bootWeb(Object(Config\Paths))
DEBUG - 2025-11-09 13:50:43 --> Session: Class initialized using 'CodeIgniter\Session\Handlers\FileHandler' driver.
DEBUG - 2025-11-09 13:50:43 --> Session: Class initialized using 'CodeIgniter\Session\Handlers\FileHandler' driver.
WARNING - 2025-11-09 13:50:43 --> [DEPRECATED] ucfirst(): Passing null to parameter #1 ($string) of type string is deprecated in APPPATH\Views\admin\vw_mapacalor.php on line 54.
 1 APPPATH\Views\admin\vw_mapacalor.php(54): ucfirst(null)
 2 SYSTEMPATH\View\View.php(226): include('C:\\xampp\\htdocs\\ecovision\\app\\Views\\admin\\vw_mapacalor.php')
 3 SYSTEMPATH\View\View.php(229): CodeIgniter\View\View->CodeIgniter\View\{closure}()
 4 SYSTEMPATH\Common.php(1167): CodeIgniter\View\View->render('admin/vw_mapacalor', [], true)
 5 APPPATH\Controllers\MapaController.php(27): view('admin/vw_mapacalor', [...])
 6 SYSTEMPATH\CodeIgniter.php(933): App\Controllers\MapaController->index()
 7 SYSTEMPATH\CodeIgniter.php(507): CodeIgniter\CodeIgniter->runController(Object(App\Controllers\MapaController))
 8 SYSTEMPATH\CodeIgniter.php(354): CodeIgniter\CodeIgniter->handleRequest(null, Object(Config\Cache), false)
 9 SYSTEMPATH\Boot.php(363): CodeIgniter\CodeIgniter->run()
10 SYSTEMPATH\Boot.php(68): CodeIgniter\Boot::runCodeIgniter(Object(CodeIgniter\CodeIgniter))
11 FCPATH\index.php(59): CodeIgniter\Boot::bootWeb(Object(Config\Paths))
WARNING - 2025-11-09 13:50:43 --> [DEPRECATED] ucfirst(): Passing null to parameter #1 ($string) of type string is deprecated in APPPATH\Views\admin\vw_mapacalor.php on line 54.
 1 APPPATH\Views\admin\vw_mapacalor.php(54): ucfirst(null)
 2 SYSTEMPATH\View\View.php(226): include('C:\\xampp\\htdocs\\ecovision\\app\\Views\\admin\\vw_mapacalor.php')
 3 SYSTEMPATH\View\View.php(229): CodeIgniter\View\View->CodeIgniter\View\{closure}()
 4 SYSTEMPATH\Common.php(1167): CodeIgniter\View\View->render('admin/vw_mapacalor', [], true)
 5 APPPATH\Controllers\MapaController.php(27): view('admin/vw_mapacalor', [...])
 6 SYSTEMPATH\CodeIgniter.php(933): App\Controllers\MapaController->index()
 7 SYSTEMPATH\CodeIgniter.php(507): CodeIgniter\CodeIgniter->runController(Object(App\Controllers\MapaController))
 8 SYSTEMPATH\CodeIgniter.php(354): CodeIgniter\CodeIgniter->handleRequest(null, Object(Config\Cache), false)
 9 SYSTEMPATH\Boot.php(363): CodeIgniter\CodeIgniter->run()
10 SYSTEMPATH\Boot.php(68): CodeIgniter\Boot::runCodeIgniter(Object(CodeIgniter\CodeIgniter))
11 FCPATH\index.php(59): CodeIgniter\Boot::bootWeb(Object(Config\Paths))
WARNING - 2025-11-09 13:50:43 --> [DEPRECATED] ucfirst(): Passing null to parameter #1 ($string) of type string is deprecated in APPPATH\Views\admin\vw_mapacalor.php on line 54.
 1 APPPATH\Views\admin\vw_mapacalor.php(54): ucfirst(null)
 2 SYSTEMPATH\View\View.php(226): include('C:\\xampp\\htdocs\\ecovision\\app\\Views\\admin\\vw_mapacalor.php')
 3 SYSTEMPATH\View\View.php(229): CodeIgniter\View\View->CodeIgniter\View\{closure}()
 4 SYSTEMPATH\Common.php(1167): CodeIgniter\View\View->render('admin/vw_mapacalor', [], true)
 5 APPPATH\Controllers\MapaController.php(27): view('admin/vw_mapacalor', [...])
 6 SYSTEMPATH\CodeIgniter.php(933): App\Controllers\MapaController->index()
 7 SYSTEMPATH\CodeIgniter.php(507): CodeIgniter\CodeIgniter->runController(Object(App\Controllers\MapaController))
 8 SYSTEMPATH\CodeIgniter.php(354): CodeIgniter\CodeIgniter->handleRequest(null, Object(Config\Cache), false)
 9 SYSTEMPATH\Boot.php(363): CodeIgniter\CodeIgniter->run()
10 SYSTEMPATH\Boot.php(68): CodeIgniter\Boot::runCodeIgniter(Object(CodeIgniter\CodeIgniter))
11 FCPATH\index.php(59): CodeIgniter\Boot::bootWeb(Object(Config\Paths))
WARNING - 2025-11-09 13:50:43 --> [DEPRECATED] ucfirst(): Passing null to parameter #1 ($string) of type string is deprecated in APPPATH\Views\admin\vw_mapacalor.php on line 54.
 1 APPPATH\Views\admin\vw_mapacalor.php(54): ucfirst(null)
 2 SYSTEMPATH\View\View.php(226): include('C:\\xampp\\htdocs\\ecovision\\app\\Views\\admin\\vw_mapacalor.php')
 3 SYSTEMPATH\View\View.php(229): CodeIgniter\View\View->CodeIgniter\View\{closure}()
 4 SYSTEMPATH\Common.php(1167): CodeIgniter\View\View->render('admin/vw_mapacalor', [], true)
 5 APPPATH\Controllers\MapaController.php(27): view('admin/vw_mapacalor', [...])
 6 SYSTEMPATH\CodeIgniter.php(933): App\Controllers\MapaController->index()
 7 SYSTEMPATH\CodeIgniter.php(507): CodeIgniter\CodeIgniter->runController(Object(App\Controllers\MapaController))
 8 SYSTEMPATH\CodeIgniter.php(354): CodeIgniter\CodeIgniter->handleRequest(null, Object(Config\Cache), false)
 9 SYSTEMPATH\Boot.php(363): CodeIgniter\CodeIgniter->run()
10 SYSTEMPATH\Boot.php(68): CodeIgniter\Boot::runCodeIgniter(Object(CodeIgniter\CodeIgniter))
11 FCPATH\index.php(59): CodeIgniter\Boot::bootWeb(Object(Config\Paths))
WARNING - 2025-11-09 13:50:43 --> [DEPRECATED] ucfirst(): Passing null to parameter #1 ($string) of type string is deprecated in APPPATH\Views\admin\vw_mapacalor.php on line 54.
 1 APPPATH\Views\admin\vw_mapacalor.php(54): ucfirst(null)
 2 SYSTEMPATH\View\View.php(226): include('C:\\xampp\\htdocs\\ecovision\\app\\Views\\admin\\vw_mapacalor.php')
 3 SYSTEMPATH\View\View.php(229): CodeIgniter\View\View->CodeIgniter\View\{closure}()
 4 SYSTEMPATH\Common.php(1167): CodeIgniter\View\View->render('admin/vw_mapacalor', [], true)
 5 APPPATH\Controllers\MapaController.php(27): view('admin/vw_mapacalor', [...])
 6 SYSTEMPATH\CodeIgniter.php(933): App\Controllers\MapaController->index()
 7 SYSTEMPATH\CodeIgniter.php(507): CodeIgniter\CodeIgniter->runController(Object(App\Controllers\MapaController))
 8 SYSTEMPATH\CodeIgniter.php(354): CodeIgniter\CodeIgniter->handleRequest(null, Object(Config\Cache), false)
 9 SYSTEMPATH\Boot.php(363): CodeIgniter\CodeIgniter->run()
10 SYSTEMPATH\Boot.php(68): CodeIgniter\Boot::runCodeIgniter(Object(CodeIgniter\CodeIgniter))
11 FCPATH\index.php(59): CodeIgniter\Boot::bootWeb(Object(Config\Paths))
WARNING - 2025-11-09 13:50:43 --> [DEPRECATED] ucfirst(): Passing null to parameter #1 ($string) of type string is deprecated in APPPATH\Views\admin\vw_mapacalor.php on line 79.
 1 APPPATH\Views\admin\vw_mapacalor.php(79): ucfirst(null)
 2 SYSTEMPATH\View\View.php(226): include('C:\\xampp\\htdocs\\ecovision\\app\\Views\\admin\\vw_mapacalor.php')
 3 SYSTEMPATH\View\View.php(229): CodeIgniter\View\View->CodeIgniter\View\{closure}()
 4 SYSTEMPATH\Common.php(1167): CodeIgniter\View\View->render('admin/vw_mapacalor', [], true)
 5 APPPATH\Controllers\MapaController.php(27): view('admin/vw_mapacalor', [...])
 6 SYSTEMPATH\CodeIgniter.php(933): App\Controllers\MapaController->index()
 7 SYSTEMPATH\CodeIgniter.php(507): CodeIgniter\CodeIgniter->runController(Object(App\Controllers\MapaController))
 8 SYSTEMPATH\CodeIgniter.php(354): CodeIgniter\CodeIgniter->handleRequest(null, Object(Config\Cache), false)
 9 SYSTEMPATH\Boot.php(363): CodeIgniter\CodeIgniter->run()
10 SYSTEMPATH\Boot.php(68): CodeIgniter\Boot::runCodeIgniter(Object(CodeIgniter\CodeIgniter))
11 FCPATH\index.php(59): CodeIgniter\Boot::bootWeb(Object(Config\Paths))
WARNING - 2025-11-09 13:50:43 --> [DEPRECATED] ucfirst(): Passing null to parameter #1 ($string) of type string is deprecated in APPPATH\Views\admin\vw_mapacalor.php on line 79.
 1 APPPATH\Views\admin\vw_mapacalor.php(79): ucfirst(null)
 2 SYSTEMPATH\View\View.php(226): include('C:\\xampp\\htdocs\\ecovision\\app\\Views\\admin\\vw_mapacalor.php')
 3 SYSTEMPATH\View\View.php(229): CodeIgniter\View\View->CodeIgniter\View\{closure}()
 4 SYSTEMPATH\Common.php(1167): CodeIgniter\View\View->render('admin/vw_mapacalor', [], true)
 5 APPPATH\Controllers\MapaController.php(27): view('admin/vw_mapacalor', [...])
 6 SYSTEMPATH\CodeIgniter.php(933): App\Controllers\MapaController->index()
 7 SYSTEMPATH\CodeIgniter.php(507): CodeIgniter\CodeIgniter->runController(Object(App\Controllers\MapaController))
 8 SYSTEMPATH\CodeIgniter.php(354): CodeIgniter\CodeIgniter->handleRequest(null, Object(Config\Cache), false)
 9 SYSTEMPATH\Boot.php(363): CodeIgniter\CodeIgniter->run()
10 SYSTEMPATH\Boot.php(68): CodeIgniter\Boot::runCodeIgniter(Object(CodeIgniter\CodeIgniter))
11 FCPATH\index.php(59): CodeIgniter\Boot::bootWeb(Object(Config\Paths))
WARNING - 2025-11-09 13:50:43 --> [DEPRECATED] ucfirst(): Passing null to parameter #1 ($string) of type string is deprecated in APPPATH\Views\admin\vw_mapacalor.php on line 79.
 1 APPPATH\Views\admin\vw_mapacalor.php(79): ucfirst(null)
 2 SYSTEMPATH\View\View.php(226): include('C:\\xampp\\htdocs\\ecovision\\app\\Views\\admin\\vw_mapacalor.php')
 3 SYSTEMPATH\View\View.php(229): CodeIgniter\View\View->CodeIgniter\View\{closure}()
 4 SYSTEMPATH\Common.php(1167): CodeIgniter\View\View->render('admin/vw_mapacalor', [], true)
 5 APPPATH\Controllers\MapaController.php(27): view('admin/vw_mapacalor', [...])
 6 SYSTEMPATH\CodeIgniter.php(933): App\Controllers\MapaController->index()
 7 SYSTEMPATH\CodeIgniter.php(507): CodeIgniter\CodeIgniter->runController(Object(App\Controllers\MapaController))
 8 SYSTEMPATH\CodeIgniter.php(354): CodeIgniter\CodeIgniter->handleRequest(null, Object(Config\Cache), false)
 9 SYSTEMPATH\Boot.php(363): CodeIgniter\CodeIgniter->run()
10 SYSTEMPATH\Boot.php(68): CodeIgniter\Boot::runCodeIgniter(Object(CodeIgniter\CodeIgniter))
11 FCPATH\index.php(59): CodeIgniter\Boot::bootWeb(Object(Config\Paths))
WARNING - 2025-11-09 13:50:43 --> [DEPRECATED] ucfirst(): Passing null to parameter #1 ($string) of type string is deprecated in APPPATH\Views\admin\vw_mapacalor.php on line 79.
 1 APPPATH\Views\admin\vw_mapacalor.php(79): ucfirst(null)
 2 SYSTEMPATH\View\View.php(226): include('C:\\xampp\\htdocs\\ecovision\\app\\Views\\admin\\vw_mapacalor.php')
 3 SYSTEMPATH\View\View.php(229): CodeIgniter\View\View->CodeIgniter\View\{closure}()
 4 SYSTEMPATH\Common.php(1167): CodeIgniter\View\View->render('admin/vw_mapacalor', [], true)
 5 APPPATH\Controllers\MapaController.php(27): view('admin/vw_mapacalor', [...])
 6 SYSTEMPATH\CodeIgniter.php(933): App\Controllers\MapaController->index()
 7 SYSTEMPATH\CodeIgniter.php(507): CodeIgniter\CodeIgniter->runController(Object(App\Controllers\MapaController))
 8 SYSTEMPATH\CodeIgniter.php(354): CodeIgniter\CodeIgniter->handleRequest(null, Object(Config\Cache), false)
 9 SYSTEMPATH\Boot.php(363): CodeIgniter\CodeIgniter->run()
10 SYSTEMPATH\Boot.php(68): CodeIgniter\Boot::runCodeIgniter(Object(CodeIgniter\CodeIgniter))
11 FCPATH\index.php(59): CodeIgniter\Boot::bootWeb(Object(Config\Paths))
WARNING - 2025-11-09 13:50:43 --> [DEPRECATED] ucfirst(): Passing null to parameter #1 ($string) of type string is deprecated in APPPATH\Views\admin\vw_mapacalor.php on line 79.
 1 APPPATH\Views\admin\vw_mapacalor.php(79): ucfirst(null)
 2 SYSTEMPATH\View\View.php(226): include('C:\\xampp\\htdocs\\ecovision\\app\\Views\\admin\\vw_mapacalor.php')
 3 SYSTEMPATH\View\View.php(229): CodeIgniter\View\View->CodeIgniter\View\{closure}()
 4 SYSTEMPATH\Common.php(1167): CodeIgniter\View\View->render('admin/vw_mapacalor', [], true)
 5 APPPATH\Controllers\MapaController.php(27): view('admin/vw_mapacalor', [...])
 6 SYSTEMPATH\CodeIgniter.php(933): App\Controllers\MapaController->index()
 7 SYSTEMPATH\CodeIgniter.php(507): CodeIgniter\CodeIgniter->runController(Object(App\Controllers\MapaController))
 8 SYSTEMPATH\CodeIgniter.php(354): CodeIgniter\CodeIgniter->handleRequest(null, Object(Config\Cache), false)
 9 SYSTEMPATH\Boot.php(363): CodeIgniter\CodeIgniter->run()
10 SYSTEMPATH\Boot.php(68): CodeIgniter\Boot::runCodeIgniter(Object(CodeIgniter\CodeIgniter))
11 FCPATH\index.php(59): CodeIgniter\Boot::bootWeb(Object(Config\Paths))
WARNING - 2025-11-09 13:50:43 --> [DEPRECATED] ucfirst(): Passing null to parameter #1 ($string) of type string is deprecated in APPPATH\Views\admin\vw_mapacalor.php on line 54.
 1 APPPATH\Views\admin\vw_mapacalor.php(54): ucfirst(null)
 2 SYSTEMPATH\View\View.php(226): include('C:\\xampp\\htdocs\\ecovision\\app\\Views\\admin\\vw_mapacalor.php')
 3 SYSTEMPATH\View\View.php(229): CodeIgniter\View\View->CodeIgniter\View\{closure}()
 4 SYSTEMPATH\Common.php(1167): CodeIgniter\View\View->render('admin/vw_mapacalor', [], true)
 5 APPPATH\Controllers\MapaController.php(27): view('admin/vw_mapacalor', [...])
 6 SYSTEMPATH\CodeIgniter.php(933): App\Controllers\MapaController->index()
 7 SYSTEMPATH\CodeIgniter.php(507): CodeIgniter\CodeIgniter->runController(Object(App\Controllers\MapaController))
 8 SYSTEMPATH\CodeIgniter.php(354): CodeIgniter\CodeIgniter->handleRequest(null, Object(Config\Cache), false)
 9 SYSTEMPATH\Boot.php(363): CodeIgniter\CodeIgniter->run()
10 SYSTEMPATH\Boot.php(68): CodeIgniter\Boot::runCodeIgniter(Object(CodeIgniter\CodeIgniter))
11 FCPATH\index.php(59): CodeIgniter\Boot::bootWeb(Object(Config\Paths))
WARNING - 2025-11-09 13:50:43 --> [DEPRECATED] ucfirst(): Passing null to parameter #1 ($string) of type string is deprecated in APPPATH\Views\admin\vw_mapacalor.php on line 54.
 1 APPPATH\Views\admin\vw_mapacalor.php(54): ucfirst(null)
 2 SYSTEMPATH\View\View.php(226): include('C:\\xampp\\htdocs\\ecovision\\app\\Views\\admin\\vw_mapacalor.php')
 3 SYSTEMPATH\View\View.php(229): CodeIgniter\View\View->CodeIgniter\View\{closure}()
 4 SYSTEMPATH\Common.php(1167): CodeIgniter\View\View->render('admin/vw_mapacalor', [], true)
 5 APPPATH\Controllers\MapaController.php(27): view('admin/vw_mapacalor', [...])
 6 SYSTEMPATH\CodeIgniter.php(933): App\Controllers\MapaController->index()
 7 SYSTEMPATH\CodeIgniter.php(507): CodeIgniter\CodeIgniter->runController(Object(App\Controllers\MapaController))
 8 SYSTEMPATH\CodeIgniter.php(354): CodeIgniter\CodeIgniter->handleRequest(null, Object(Config\Cache), false)
 9 SYSTEMPATH\Boot.php(363): CodeIgniter\CodeIgniter->run()
10 SYSTEMPATH\Boot.php(68): CodeIgniter\Boot::runCodeIgniter(Object(CodeIgniter\CodeIgniter))
11 FCPATH\index.php(59): CodeIgniter\Boot::bootWeb(Object(Config\Paths))
WARNING - 2025-11-09 13:50:43 --> [DEPRECATED] ucfirst(): Passing null to parameter #1 ($string) of type string is deprecated in APPPATH\Views\admin\vw_mapacalor.php on line 54.
 1 APPPATH\Views\admin\vw_mapacalor.php(54): ucfirst(null)
 2 SYSTEMPATH\View\View.php(226): include('C:\\xampp\\htdocs\\ecovision\\app\\Views\\admin\\vw_mapacalor.php')
 3 SYSTEMPATH\View\View.php(229): CodeIgniter\View\View->CodeIgniter\View\{closure}()
 4 SYSTEMPATH\Common.php(1167): CodeIgniter\View\View->render('admin/vw_mapacalor', [], true)
 5 APPPATH\Controllers\MapaController.php(27): view('admin/vw_mapacalor', [...])
 6 SYSTEMPATH\CodeIgniter.php(933): App\Controllers\MapaController->index()
 7 SYSTEMPATH\CodeIgniter.php(507): CodeIgniter\CodeIgniter->runController(Object(App\Controllers\MapaController))
 8 SYSTEMPATH\CodeIgniter.php(354): CodeIgniter\CodeIgniter->handleRequest(null, Object(Config\Cache), false)
 9 SYSTEMPATH\Boot.php(363): CodeIgniter\CodeIgniter->run()
10 SYSTEMPATH\Boot.php(68): CodeIgniter\Boot::runCodeIgniter(Object(CodeIgniter\CodeIgniter))
11 FCPATH\index.php(59): CodeIgniter\Boot::bootWeb(Object(Config\Paths))
WARNING - 2025-11-09 13:50:43 --> [DEPRECATED] ucfirst(): Passing null to parameter #1 ($string) of type string is deprecated in APPPATH\Views\admin\vw_mapacalor.php on line 54.
 1 APPPATH\Views\admin\vw_mapacalor.php(54): ucfirst(null)
 2 SYSTEMPATH\View\View.php(226): include('C:\\xampp\\htdocs\\ecovision\\app\\Views\\admin\\vw_mapacalor.php')
 3 SYSTEMPATH\View\View.php(229): CodeIgniter\View\View->CodeIgniter\View\{closure}()
 4 SYSTEMPATH\Common.php(1167): CodeIgniter\View\View->render('admin/vw_mapacalor', [], true)
 5 APPPATH\Controllers\MapaController.php(27): view('admin/vw_mapacalor', [...])
 6 SYSTEMPATH\CodeIgniter.php(933): App\Controllers\MapaController->index()
 7 SYSTEMPATH\CodeIgniter.php(507): CodeIgniter\CodeIgniter->runController(Object(App\Controllers\MapaController))
 8 SYSTEMPATH\CodeIgniter.php(354): CodeIgniter\CodeIgniter->handleRequest(null, Object(Config\Cache), false)
 9 SYSTEMPATH\Boot.php(363): CodeIgniter\CodeIgniter->run()
10 SYSTEMPATH\Boot.php(68): CodeIgniter\Boot::runCodeIgniter(Object(CodeIgniter\CodeIgniter))
11 FCPATH\index.php(59): CodeIgniter\Boot::bootWeb(Object(Config\Paths))
WARNING - 2025-11-09 13:50:43 --> [DEPRECATED] ucfirst(): Passing null to parameter #1 ($string) of type string is deprecated in APPPATH\Views\admin\vw_mapacalor.php on line 54.
 1 APPPATH\Views\admin\vw_mapacalor.php(54): ucfirst(null)
 2 SYSTEMPATH\View\View.php(226): include('C:\\xampp\\htdocs\\ecovision\\app\\Views\\admin\\vw_mapacalor.php')
 3 SYSTEMPATH\View\View.php(229): CodeIgniter\View\View->CodeIgniter\View\{closure}()
 4 SYSTEMPATH\Common.php(1167): CodeIgniter\View\View->render('admin/vw_mapacalor', [], true)
 5 APPPATH\Controllers\MapaController.php(27): view('admin/vw_mapacalor', [...])
 6 SYSTEMPATH\CodeIgniter.php(933): App\Controllers\MapaController->index()
 7 SYSTEMPATH\CodeIgniter.php(507): CodeIgniter\CodeIgniter->runController(Object(App\Controllers\MapaController))
 8 SYSTEMPATH\CodeIgniter.php(354): CodeIgniter\CodeIgniter->handleRequest(null, Object(Config\Cache), false)
 9 SYSTEMPATH\Boot.php(363): CodeIgniter\CodeIgniter->run()
10 SYSTEMPATH\Boot.php(68): CodeIgniter\Boot::runCodeIgniter(Object(CodeIgniter\CodeIgniter))
11 FCPATH\index.php(59): CodeIgniter\Boot::bootWeb(Object(Config\Paths))
WARNING - 2025-11-09 13:50:43 --> [DEPRECATED] ucfirst(): Passing null to parameter #1 ($string) of type string is deprecated in APPPATH\Views\admin\vw_mapacalor.php on line 79.
 1 APPPATH\Views\admin\vw_mapacalor.php(79): ucfirst(null)
 2 SYSTEMPATH\View\View.php(226): include('C:\\xampp\\htdocs\\ecovision\\app\\Views\\admin\\vw_mapacalor.php')
 3 SYSTEMPATH\View\View.php(229): CodeIgniter\View\View->CodeIgniter\View\{closure}()
 4 SYSTEMPATH\Common.php(1167): CodeIgniter\View\View->render('admin/vw_mapacalor', [], true)
 5 APPPATH\Controllers\MapaController.php(27): view('admin/vw_mapacalor', [...])
 6 SYSTEMPATH\CodeIgniter.php(933): App\Controllers\MapaController->index()
 7 SYSTEMPATH\CodeIgniter.php(507): CodeIgniter\CodeIgniter->runController(Object(App\Controllers\MapaController))
 8 SYSTEMPATH\CodeIgniter.php(354): CodeIgniter\CodeIgniter->handleRequest(null, Object(Config\Cache), false)
 9 SYSTEMPATH\Boot.php(363): CodeIgniter\CodeIgniter->run()
10 SYSTEMPATH\Boot.php(68): CodeIgniter\Boot::runCodeIgniter(Object(CodeIgniter\CodeIgniter))
11 FCPATH\index.php(59): CodeIgniter\Boot::bootWeb(Object(Config\Paths))
WARNING - 2025-11-09 13:50:43 --> [DEPRECATED] ucfirst(): Passing null to parameter #1 ($string) of type string is deprecated in APPPATH\Views\admin\vw_mapacalor.php on line 79.
 1 APPPATH\Views\admin\vw_mapacalor.php(79): ucfirst(null)
 2 SYSTEMPATH\View\View.php(226): include('C:\\xampp\\htdocs\\ecovision\\app\\Views\\admin\\vw_mapacalor.php')
 3 SYSTEMPATH\View\View.php(229): CodeIgniter\View\View->CodeIgniter\View\{closure}()
 4 SYSTEMPATH\Common.php(1167): CodeIgniter\View\View->render('admin/vw_mapacalor', [], true)
 5 APPPATH\Controllers\MapaController.php(27): view('admin/vw_mapacalor', [...])
 6 SYSTEMPATH\CodeIgniter.php(933): App\Controllers\MapaController->index()
 7 SYSTEMPATH\CodeIgniter.php(507): CodeIgniter\CodeIgniter->runController(Object(App\Controllers\MapaController))
 8 SYSTEMPATH\CodeIgniter.php(354): CodeIgniter\CodeIgniter->handleRequest(null, Object(Config\Cache), false)
 9 SYSTEMPATH\Boot.php(363): CodeIgniter\CodeIgniter->run()
10 SYSTEMPATH\Boot.php(68): CodeIgniter\Boot::runCodeIgniter(Object(CodeIgniter\CodeIgniter))
11 FCPATH\index.php(59): CodeIgniter\Boot::bootWeb(Object(Config\Paths))
WARNING - 2025-11-09 13:50:43 --> [DEPRECATED] ucfirst(): Passing null to parameter #1 ($string) of type string is deprecated in APPPATH\Views\admin\vw_mapacalor.php on line 79.
 1 APPPATH\Views\admin\vw_mapacalor.php(79): ucfirst(null)
 2 SYSTEMPATH\View\View.php(226): include('C:\\xampp\\htdocs\\ecovision\\app\\Views\\admin\\vw_mapacalor.php')
 3 SYSTEMPATH\View\View.php(229): CodeIgniter\View\View->CodeIgniter\View\{closure}()
 4 SYSTEMPATH\Common.php(1167): CodeIgniter\View\View->render('admin/vw_mapacalor', [], true)
 5 APPPATH\Controllers\MapaController.php(27): view('admin/vw_mapacalor', [...])
 6 SYSTEMPATH\CodeIgniter.php(933): App\Controllers\MapaController->index()
 7 SYSTEMPATH\CodeIgniter.php(507): CodeIgniter\CodeIgniter->runController(Object(App\Controllers\MapaController))
 8 SYSTEMPATH\CodeIgniter.php(354): CodeIgniter\CodeIgniter->handleRequest(null, Object(Config\Cache), false)
 9 SYSTEMPATH\Boot.php(363): CodeIgniter\CodeIgniter->run()
10 SYSTEMPATH\Boot.php(68): CodeIgniter\Boot::runCodeIgniter(Object(CodeIgniter\CodeIgniter))
11 FCPATH\index.php(59): CodeIgniter\Boot::bootWeb(Object(Config\Paths))
WARNING - 2025-11-09 13:50:43 --> [DEPRECATED] ucfirst(): Passing null to parameter #1 ($string) of type string is deprecated in APPPATH\Views\admin\vw_mapacalor.php on line 79.
 1 APPPATH\Views\admin\vw_mapacalor.php(79): ucfirst(null)
 2 SYSTEMPATH\View\View.php(226): include('C:\\xampp\\htdocs\\ecovision\\app\\Views\\admin\\vw_mapacalor.php')
 3 SYSTEMPATH\View\View.php(229): CodeIgniter\View\View->CodeIgniter\View\{closure}()
 4 SYSTEMPATH\Common.php(1167): CodeIgniter\View\View->render('admin/vw_mapacalor', [], true)
 5 APPPATH\Controllers\MapaController.php(27): view('admin/vw_mapacalor', [...])
 6 SYSTEMPATH\CodeIgniter.php(933): App\Controllers\MapaController->index()
 7 SYSTEMPATH\CodeIgniter.php(507): CodeIgniter\CodeIgniter->runController(Object(App\Controllers\MapaController))
 8 SYSTEMPATH\CodeIgniter.php(354): CodeIgniter\CodeIgniter->handleRequest(null, Object(Config\Cache), false)
 9 SYSTEMPATH\Boot.php(363): CodeIgniter\CodeIgniter->run()
10 SYSTEMPATH\Boot.php(68): CodeIgniter\Boot::runCodeIgniter(Object(CodeIgniter\CodeIgniter))
11 FCPATH\index.php(59): CodeIgniter\Boot::bootWeb(Object(Config\Paths))
WARNING - 2025-11-09 13:50:43 --> [DEPRECATED] ucfirst(): Passing null to parameter #1 ($string) of type string is deprecated in APPPATH\Views\admin\vw_mapacalor.php on line 79.
 1 APPPATH\Views\admin\vw_mapacalor.php(79): ucfirst(null)
 2 SYSTEMPATH\View\View.php(226): include('C:\\xampp\\htdocs\\ecovision\\app\\Views\\admin\\vw_mapacalor.php')
 3 SYSTEMPATH\View\View.php(229): CodeIgniter\View\View->CodeIgniter\View\{closure}()
 4 SYSTEMPATH\Common.php(1167): CodeIgniter\View\View->render('admin/vw_mapacalor', [], true)
 5 APPPATH\Controllers\MapaController.php(27): view('admin/vw_mapacalor', [...])
 6 SYSTEMPATH\CodeIgniter.php(933): App\Controllers\MapaController->index()
 7 SYSTEMPATH\CodeIgniter.php(507): CodeIgniter\CodeIgniter->runController(Object(App\Controllers\MapaController))
 8 SYSTEMPATH\CodeIgniter.php(354): CodeIgniter\CodeIgniter->handleRequest(null, Object(Config\Cache), false)
 9 SYSTEMPATH\Boot.php(363): CodeIgniter\CodeIgniter->run()
10 SYSTEMPATH\Boot.php(68): CodeIgniter\Boot::runCodeIgniter(Object(CodeIgniter\CodeIgniter))
11 FCPATH\index.php(59): CodeIgniter\Boot::bootWeb(Object(Config\Paths))
DEBUG - 2025-11-09 13:50:44 --> Session: Class initialized using 'CodeIgniter\Session\Handlers\FileHandler' driver.
WARNING - 2025-11-09 13:50:44 --> [DEPRECATED] ucfirst(): Passing null to parameter #1 ($string) of type string is deprecated in APPPATH\Views\admin\vw_mapacalor.php on line 54.
 1 APPPATH\Views\admin\vw_mapacalor.php(54): ucfirst(null)
 2 SYSTEMPATH\View\View.php(226): include('C:\\xampp\\htdocs\\ecovision\\app\\Views\\admin\\vw_mapacalor.php')
 3 SYSTEMPATH\View\View.php(229): CodeIgniter\View\View->CodeIgniter\View\{closure}()
 4 SYSTEMPATH\Common.php(1167): CodeIgniter\View\View->render('admin/vw_mapacalor', [], true)
 5 APPPATH\Controllers\MapaController.php(27): view('admin/vw_mapacalor', [...])
 6 SYSTEMPATH\CodeIgniter.php(933): App\Controllers\MapaController->index()
 7 SYSTEMPATH\CodeIgniter.php(507): CodeIgniter\CodeIgniter->runController(Object(App\Controllers\MapaController))
 8 SYSTEMPATH\CodeIgniter.php(354): CodeIgniter\CodeIgniter->handleRequest(null, Object(Config\Cache), false)
 9 SYSTEMPATH\Boot.php(363): CodeIgniter\CodeIgniter->run()
10 SYSTEMPATH\Boot.php(68): CodeIgniter\Boot::runCodeIgniter(Object(CodeIgniter\CodeIgniter))
11 FCPATH\index.php(59): CodeIgniter\Boot::bootWeb(Object(Config\Paths))
WARNING - 2025-11-09 13:50:44 --> [DEPRECATED] ucfirst(): Passing null to parameter #1 ($string) of type string is deprecated in APPPATH\Views\admin\vw_mapacalor.php on line 54.
 1 APPPATH\Views\admin\vw_mapacalor.php(54): ucfirst(null)
 2 SYSTEMPATH\View\View.php(226): include('C:\\xampp\\htdocs\\ecovision\\app\\Views\\admin\\vw_mapacalor.php')
 3 SYSTEMPATH\View\View.php(229): CodeIgniter\View\View->CodeIgniter\View\{closure}()
 4 SYSTEMPATH\Common.php(1167): CodeIgniter\View\View->render('admin/vw_mapacalor', [], true)
 5 APPPATH\Controllers\MapaController.php(27): view('admin/vw_mapacalor', [...])
 6 SYSTEMPATH\CodeIgniter.php(933): App\Controllers\MapaController->index()
 7 SYSTEMPATH\CodeIgniter.php(507): CodeIgniter\CodeIgniter->runController(Object(App\Controllers\MapaController))
 8 SYSTEMPATH\CodeIgniter.php(354): CodeIgniter\CodeIgniter->handleRequest(null, Object(Config\Cache), false)
 9 SYSTEMPATH\Boot.php(363): CodeIgniter\CodeIgniter->run()
10 SYSTEMPATH\Boot.php(68): CodeIgniter\Boot::runCodeIgniter(Object(CodeIgniter\CodeIgniter))
11 FCPATH\index.php(59): CodeIgniter\Boot::bootWeb(Object(Config\Paths))
WARNING - 2025-11-09 13:50:44 --> [DEPRECATED] ucfirst(): Passing null to parameter #1 ($string) of type string is deprecated in APPPATH\Views\admin\vw_mapacalor.php on line 54.
 1 APPPATH\Views\admin\vw_mapacalor.php(54): ucfirst(null)
 2 SYSTEMPATH\View\View.php(226): include('C:\\xampp\\htdocs\\ecovision\\app\\Views\\admin\\vw_mapacalor.php')
 3 SYSTEMPATH\View\View.php(229): CodeIgniter\View\View->CodeIgniter\View\{closure}()
 4 SYSTEMPATH\Common.php(1167): CodeIgniter\View\View->render('admin/vw_mapacalor', [], true)
 5 APPPATH\Controllers\MapaController.php(27): view('admin/vw_mapacalor', [...])
 6 SYSTEMPATH\CodeIgniter.php(933): App\Controllers\MapaController->index()
 7 SYSTEMPATH\CodeIgniter.php(507): CodeIgniter\CodeIgniter->runController(Object(App\Controllers\MapaController))
 8 SYSTEMPATH\CodeIgniter.php(354): CodeIgniter\CodeIgniter->handleRequest(null, Object(Config\Cache), false)
 9 SYSTEMPATH\Boot.php(363): CodeIgniter\CodeIgniter->run()
10 SYSTEMPATH\Boot.php(68): CodeIgniter\Boot::runCodeIgniter(Object(CodeIgniter\CodeIgniter))
11 FCPATH\index.php(59): CodeIgniter\Boot::bootWeb(Object(Config\Paths))
WARNING - 2025-11-09 13:50:44 --> [DEPRECATED] ucfirst(): Passing null to parameter #1 ($string) of type string is deprecated in APPPATH\Views\admin\vw_mapacalor.php on line 54.
 1 APPPATH\Views\admin\vw_mapacalor.php(54): ucfirst(null)
 2 SYSTEMPATH\View\View.php(226): include('C:\\xampp\\htdocs\\ecovision\\app\\Views\\admin\\vw_mapacalor.php')
 3 SYSTEMPATH\View\View.php(229): CodeIgniter\View\View->CodeIgniter\View\{closure}()
 4 SYSTEMPATH\Common.php(1167): CodeIgniter\View\View->render('admin/vw_mapacalor', [], true)
 5 APPPATH\Controllers\MapaController.php(27): view('admin/vw_mapacalor', [...])
 6 SYSTEMPATH\CodeIgniter.php(933): App\Controllers\MapaController->index()
 7 SYSTEMPATH\CodeIgniter.php(507): CodeIgniter\CodeIgniter->runController(Object(App\Controllers\MapaController))
 8 SYSTEMPATH\CodeIgniter.php(354): CodeIgniter\CodeIgniter->handleRequest(null, Object(Config\Cache), false)
 9 SYSTEMPATH\Boot.php(363): CodeIgniter\CodeIgniter->run()
10 SYSTEMPATH\Boot.php(68): CodeIgniter\Boot::runCodeIgniter(Object(CodeIgniter\CodeIgniter))
11 FCPATH\index.php(59): CodeIgniter\Boot::bootWeb(Object(Config\Paths))
WARNING - 2025-11-09 13:50:44 --> [DEPRECATED] ucfirst(): Passing null to parameter #1 ($string) of type string is deprecated in APPPATH\Views\admin\vw_mapacalor.php on line 54.
 1 APPPATH\Views\admin\vw_mapacalor.php(54): ucfirst(null)
 2 SYSTEMPATH\View\View.php(226): include('C:\\xampp\\htdocs\\ecovision\\app\\Views\\admin\\vw_mapacalor.php')
 3 SYSTEMPATH\View\View.php(229): CodeIgniter\View\View->CodeIgniter\View\{closure}()
 4 SYSTEMPATH\Common.php(1167): CodeIgniter\View\View->render('admin/vw_mapacalor', [], true)
 5 APPPATH\Controllers\MapaController.php(27): view('admin/vw_mapacalor', [...])
 6 SYSTEMPATH\CodeIgniter.php(933): App\Controllers\MapaController->index()
 7 SYSTEMPATH\CodeIgniter.php(507): CodeIgniter\CodeIgniter->runController(Object(App\Controllers\MapaController))
 8 SYSTEMPATH\CodeIgniter.php(354): CodeIgniter\CodeIgniter->handleRequest(null, Object(Config\Cache), false)
 9 SYSTEMPATH\Boot.php(363): CodeIgniter\CodeIgniter->run()
10 SYSTEMPATH\Boot.php(68): CodeIgniter\Boot::runCodeIgniter(Object(CodeIgniter\CodeIgniter))
11 FCPATH\index.php(59): CodeIgniter\Boot::bootWeb(Object(Config\Paths))
WARNING - 2025-11-09 13:50:44 --> [DEPRECATED] ucfirst(): Passing null to parameter #1 ($string) of type string is deprecated in APPPATH\Views\admin\vw_mapacalor.php on line 79.
 1 APPPATH\Views\admin\vw_mapacalor.php(79): ucfirst(null)
 2 SYSTEMPATH\View\View.php(226): include('C:\\xampp\\htdocs\\ecovision\\app\\Views\\admin\\vw_mapacalor.php')
 3 SYSTEMPATH\View\View.php(229): CodeIgniter\View\View->CodeIgniter\View\{closure}()
 4 SYSTEMPATH\Common.php(1167): CodeIgniter\View\View->render('admin/vw_mapacalor', [], true)
 5 APPPATH\Controllers\MapaController.php(27): view('admin/vw_mapacalor', [...])
 6 SYSTEMPATH\CodeIgniter.php(933): App\Controllers\MapaController->index()
 7 SYSTEMPATH\CodeIgniter.php(507): CodeIgniter\CodeIgniter->runController(Object(App\Controllers\MapaController))
 8 SYSTEMPATH\CodeIgniter.php(354): CodeIgniter\CodeIgniter->handleRequest(null, Object(Config\Cache), false)
 9 SYSTEMPATH\Boot.php(363): CodeIgniter\CodeIgniter->run()
10 SYSTEMPATH\Boot.php(68): CodeIgniter\Boot::runCodeIgniter(Object(CodeIgniter\CodeIgniter))
11 FCPATH\index.php(59): CodeIgniter\Boot::bootWeb(Object(Config\Paths))
WARNING - 2025-11-09 13:50:44 --> [DEPRECATED] ucfirst(): Passing null to parameter #1 ($string) of type string is deprecated in APPPATH\Views\admin\vw_mapacalor.php on line 79.
 1 APPPATH\Views\admin\vw_mapacalor.php(79): ucfirst(null)
 2 SYSTEMPATH\View\View.php(226): include('C:\\xampp\\htdocs\\ecovision\\app\\Views\\admin\\vw_mapacalor.php')
 3 SYSTEMPATH\View\View.php(229): CodeIgniter\View\View->CodeIgniter\View\{closure}()
 4 SYSTEMPATH\Common.php(1167): CodeIgniter\View\View->render('admin/vw_mapacalor', [], true)
 5 APPPATH\Controllers\MapaController.php(27): view('admin/vw_mapacalor', [...])
 6 SYSTEMPATH\CodeIgniter.php(933): App\Controllers\MapaController->index()
 7 SYSTEMPATH\CodeIgniter.php(507): CodeIgniter\CodeIgniter->runController(Object(App\Controllers\MapaController))
 8 SYSTEMPATH\CodeIgniter.php(354): CodeIgniter\CodeIgniter->handleRequest(null, Object(Config\Cache), false)
 9 SYSTEMPATH\Boot.php(363): CodeIgniter\CodeIgniter->run()
10 SYSTEMPATH\Boot.php(68): CodeIgniter\Boot::runCodeIgniter(Object(CodeIgniter\CodeIgniter))
11 FCPATH\index.php(59): CodeIgniter\Boot::bootWeb(Object(Config\Paths))
WARNING - 2025-11-09 13:50:44 --> [DEPRECATED] ucfirst(): Passing null to parameter #1 ($string) of type string is deprecated in APPPATH\Views\admin\vw_mapacalor.php on line 79.
 1 APPPATH\Views\admin\vw_mapacalor.php(79): ucfirst(null)
 2 SYSTEMPATH\View\View.php(226): include('C:\\xampp\\htdocs\\ecovision\\app\\Views\\admin\\vw_mapacalor.php')
 3 SYSTEMPATH\View\View.php(229): CodeIgniter\View\View->CodeIgniter\View\{closure}()
 4 SYSTEMPATH\Common.php(1167): CodeIgniter\View\View->render('admin/vw_mapacalor', [], true)
 5 APPPATH\Controllers\MapaController.php(27): view('admin/vw_mapacalor', [...])
 6 SYSTEMPATH\CodeIgniter.php(933): App\Controllers\MapaController->index()
 7 SYSTEMPATH\CodeIgniter.php(507): CodeIgniter\CodeIgniter->runController(Object(App\Controllers\MapaController))
 8 SYSTEMPATH\CodeIgniter.php(354): CodeIgniter\CodeIgniter->handleRequest(null, Object(Config\Cache), false)
 9 SYSTEMPATH\Boot.php(363): CodeIgniter\CodeIgniter->run()
10 SYSTEMPATH\Boot.php(68): CodeIgniter\Boot::runCodeIgniter(Object(CodeIgniter\CodeIgniter))
11 FCPATH\index.php(59): CodeIgniter\Boot::bootWeb(Object(Config\Paths))
WARNING - 2025-11-09 13:50:44 --> [DEPRECATED] ucfirst(): Passing null to parameter #1 ($string) of type string is deprecated in APPPATH\Views\admin\vw_mapacalor.php on line 79.
 1 APPPATH\Views\admin\vw_mapacalor.php(79): ucfirst(null)
 2 SYSTEMPATH\View\View.php(226): include('C:\\xampp\\htdocs\\ecovision\\app\\Views\\admin\\vw_mapacalor.php')
 3 SYSTEMPATH\View\View.php(229): CodeIgniter\View\View->CodeIgniter\View\{closure}()
 4 SYSTEMPATH\Common.php(1167): CodeIgniter\View\View->render('admin/vw_mapacalor', [], true)
 5 APPPATH\Controllers\MapaController.php(27): view('admin/vw_mapacalor', [...])
 6 SYSTEMPATH\CodeIgniter.php(933): App\Controllers\MapaController->index()
 7 SYSTEMPATH\CodeIgniter.php(507): CodeIgniter\CodeIgniter->runController(Object(App\Controllers\MapaController))
 8 SYSTEMPATH\CodeIgniter.php(354): CodeIgniter\CodeIgniter->handleRequest(null, Object(Config\Cache), false)
 9 SYSTEMPATH\Boot.php(363): CodeIgniter\CodeIgniter->run()
10 SYSTEMPATH\Boot.php(68): CodeIgniter\Boot::runCodeIgniter(Object(CodeIgniter\CodeIgniter))
11 FCPATH\index.php(59): CodeIgniter\Boot::bootWeb(Object(Config\Paths))
WARNING - 2025-11-09 13:50:44 --> [DEPRECATED] ucfirst(): Passing null to parameter #1 ($string) of type string is deprecated in APPPATH\Views\admin\vw_mapacalor.php on line 79.
 1 APPPATH\Views\admin\vw_mapacalor.php(79): ucfirst(null)
 2 SYSTEMPATH\View\View.php(226): include('C:\\xampp\\htdocs\\ecovision\\app\\Views\\admin\\vw_mapacalor.php')
 3 SYSTEMPATH\View\View.php(229): CodeIgniter\View\View->CodeIgniter\View\{closure}()
 4 SYSTEMPATH\Common.php(1167): CodeIgniter\View\View->render('admin/vw_mapacalor', [], true)
 5 APPPATH\Controllers\MapaController.php(27): view('admin/vw_mapacalor', [...])
 6 SYSTEMPATH\CodeIgniter.php(933): App\Controllers\MapaController->index()
 7 SYSTEMPATH\CodeIgniter.php(507): CodeIgniter\CodeIgniter->runController(Object(App\Controllers\MapaController))
 8 SYSTEMPATH\CodeIgniter.php(354): CodeIgniter\CodeIgniter->handleRequest(null, Object(Config\Cache), false)
 9 SYSTEMPATH\Boot.php(363): CodeIgniter\CodeIgniter->run()
10 SYSTEMPATH\Boot.php(68): CodeIgniter\Boot::runCodeIgniter(Object(CodeIgniter\CodeIgniter))
11 FCPATH\index.php(59): CodeIgniter\Boot::bootWeb(Object(Config\Paths))
DEBUG - 2025-11-09 13:51:24 --> Session: Class initialized using 'CodeIgniter\Session\Handlers\FileHandler' driver.
WARNING - 2025-11-09 13:51:24 --> [DEPRECATED] ucfirst(): Passing null to parameter #1 ($string) of type string is deprecated in APPPATH\Views\admin\vw_mapacalor.php on line 54.
 1 APPPATH\Views\admin\vw_mapacalor.php(54): ucfirst(null)
 2 SYSTEMPATH\View\View.php(226): include('C:\\xampp\\htdocs\\ecovision\\app\\Views\\admin\\vw_mapacalor.php')
 3 SYSTEMPATH\View\View.php(229): CodeIgniter\View\View->CodeIgniter\View\{closure}()
 4 SYSTEMPATH\Common.php(1167): CodeIgniter\View\View->render('admin/vw_mapacalor', [], true)
 5 APPPATH\Controllers\MapaController.php(27): view('admin/vw_mapacalor', [...])
 6 SYSTEMPATH\CodeIgniter.php(933): App\Controllers\MapaController->index()
 7 SYSTEMPATH\CodeIgniter.php(507): CodeIgniter\CodeIgniter->runController(Object(App\Controllers\MapaController))
 8 SYSTEMPATH\CodeIgniter.php(354): CodeIgniter\CodeIgniter->handleRequest(null, Object(Config\Cache), false)
 9 SYSTEMPATH\Boot.php(363): CodeIgniter\CodeIgniter->run()
10 SYSTEMPATH\Boot.php(68): CodeIgniter\Boot::runCodeIgniter(Object(CodeIgniter\CodeIgniter))
11 FCPATH\index.php(59): CodeIgniter\Boot::bootWeb(Object(Config\Paths))
WARNING - 2025-11-09 13:51:24 --> [DEPRECATED] ucfirst(): Passing null to parameter #1 ($string) of type string is deprecated in APPPATH\Views\admin\vw_mapacalor.php on line 54.
 1 APPPATH\Views\admin\vw_mapacalor.php(54): ucfirst(null)
 2 SYSTEMPATH\View\View.php(226): include('C:\\xampp\\htdocs\\ecovision\\app\\Views\\admin\\vw_mapacalor.php')
 3 SYSTEMPATH\View\View.php(229): CodeIgniter\View\View->CodeIgniter\View\{closure}()
 4 SYSTEMPATH\Common.php(1167): CodeIgniter\View\View->render('admin/vw_mapacalor', [], true)
 5 APPPATH\Controllers\MapaController.php(27): view('admin/vw_mapacalor', [...])
 6 SYSTEMPATH\CodeIgniter.php(933): App\Controllers\MapaController->index()
 7 SYSTEMPATH\CodeIgniter.php(507): CodeIgniter\CodeIgniter->runController(Object(App\Controllers\MapaController))
 8 SYSTEMPATH\CodeIgniter.php(354): CodeIgniter\CodeIgniter->handleRequest(null, Object(Config\Cache), false)
 9 SYSTEMPATH\Boot.php(363): CodeIgniter\CodeIgniter->run()
10 SYSTEMPATH\Boot.php(68): CodeIgniter\Boot::runCodeIgniter(Object(CodeIgniter\CodeIgniter))
11 FCPATH\index.php(59): CodeIgniter\Boot::bootWeb(Object(Config\Paths))
WARNING - 2025-11-09 13:51:24 --> [DEPRECATED] ucfirst(): Passing null to parameter #1 ($string) of type string is deprecated in APPPATH\Views\admin\vw_mapacalor.php on line 54.
 1 APPPATH\Views\admin\vw_mapacalor.php(54): ucfirst(null)
 2 SYSTEMPATH\View\View.php(226): include('C:\\xampp\\htdocs\\ecovision\\app\\Views\\admin\\vw_mapacalor.php')
 3 SYSTEMPATH\View\View.php(229): CodeIgniter\View\View->CodeIgniter\View\{closure}()
 4 SYSTEMPATH\Common.php(1167): CodeIgniter\View\View->render('admin/vw_mapacalor', [], true)
 5 APPPATH\Controllers\MapaController.php(27): view('admin/vw_mapacalor', [...])
 6 SYSTEMPATH\CodeIgniter.php(933): App\Controllers\MapaController->index()
 7 SYSTEMPATH\CodeIgniter.php(507): CodeIgniter\CodeIgniter->runController(Object(App\Controllers\MapaController))
 8 SYSTEMPATH\CodeIgniter.php(354): CodeIgniter\CodeIgniter->handleRequest(null, Object(Config\Cache), false)
 9 SYSTEMPATH\Boot.php(363): CodeIgniter\CodeIgniter->run()
10 SYSTEMPATH\Boot.php(68): CodeIgniter\Boot::runCodeIgniter(Object(CodeIgniter\CodeIgniter))
11 FCPATH\index.php(59): CodeIgniter\Boot::bootWeb(Object(Config\Paths))
WARNING - 2025-11-09 13:51:24 --> [DEPRECATED] ucfirst(): Passing null to parameter #1 ($string) of type string is deprecated in APPPATH\Views\admin\vw_mapacalor.php on line 54.
 1 APPPATH\Views\admin\vw_mapacalor.php(54): ucfirst(null)
 2 SYSTEMPATH\View\View.php(226): include('C:\\xampp\\htdocs\\ecovision\\app\\Views\\admin\\vw_mapacalor.php')
 3 SYSTEMPATH\View\View.php(229): CodeIgniter\View\View->CodeIgniter\View\{closure}()
 4 SYSTEMPATH\Common.php(1167): CodeIgniter\View\View->render('admin/vw_mapacalor', [], true)
 5 APPPATH\Controllers\MapaController.php(27): view('admin/vw_mapacalor', [...])
 6 SYSTEMPATH\CodeIgniter.php(933): App\Controllers\MapaController->index()
 7 SYSTEMPATH\CodeIgniter.php(507): CodeIgniter\CodeIgniter->runController(Object(App\Controllers\MapaController))
 8 SYSTEMPATH\CodeIgniter.php(354): CodeIgniter\CodeIgniter->handleRequest(null, Object(Config\Cache), false)
 9 SYSTEMPATH\Boot.php(363): CodeIgniter\CodeIgniter->run()
10 SYSTEMPATH\Boot.php(68): CodeIgniter\Boot::runCodeIgniter(Object(CodeIgniter\CodeIgniter))
11 FCPATH\index.php(59): CodeIgniter\Boot::bootWeb(Object(Config\Paths))
WARNING - 2025-11-09 13:51:24 --> [DEPRECATED] ucfirst(): Passing null to parameter #1 ($string) of type string is deprecated in APPPATH\Views\admin\vw_mapacalor.php on line 54.
 1 APPPATH\Views\admin\vw_mapacalor.php(54): ucfirst(null)
 2 SYSTEMPATH\View\View.php(226): include('C:\\xampp\\htdocs\\ecovision\\app\\Views\\admin\\vw_mapacalor.php')
 3 SYSTEMPATH\View\View.php(229): CodeIgniter\View\View->CodeIgniter\View\{closure}()
 4 SYSTEMPATH\Common.php(1167): CodeIgniter\View\View->render('admin/vw_mapacalor', [], true)
 5 APPPATH\Controllers\MapaController.php(27): view('admin/vw_mapacalor', [...])
 6 SYSTEMPATH\CodeIgniter.php(933): App\Controllers\MapaController->index()
 7 SYSTEMPATH\CodeIgniter.php(507): CodeIgniter\CodeIgniter->runController(Object(App\Controllers\MapaController))
 8 SYSTEMPATH\CodeIgniter.php(354): CodeIgniter\CodeIgniter->handleRequest(null, Object(Config\Cache), false)
 9 SYSTEMPATH\Boot.php(363): CodeIgniter\CodeIgniter->run()
10 SYSTEMPATH\Boot.php(68): CodeIgniter\Boot::runCodeIgniter(Object(CodeIgniter\CodeIgniter))
11 FCPATH\index.php(59): CodeIgniter\Boot::bootWeb(Object(Config\Paths))
WARNING - 2025-11-09 13:51:24 --> [DEPRECATED] ucfirst(): Passing null to parameter #1 ($string) of type string is deprecated in APPPATH\Views\admin\vw_mapacalor.php on line 79.
 1 APPPATH\Views\admin\vw_mapacalor.php(79): ucfirst(null)
 2 SYSTEMPATH\View\View.php(226): include('C:\\xampp\\htdocs\\ecovision\\app\\Views\\admin\\vw_mapacalor.php')
 3 SYSTEMPATH\View\View.php(229): CodeIgniter\View\View->CodeIgniter\View\{closure}()
 4 SYSTEMPATH\Common.php(1167): CodeIgniter\View\View->render('admin/vw_mapacalor', [], true)
 5 APPPATH\Controllers\MapaController.php(27): view('admin/vw_mapacalor', [...])
 6 SYSTEMPATH\CodeIgniter.php(933): App\Controllers\MapaController->index()
 7 SYSTEMPATH\CodeIgniter.php(507): CodeIgniter\CodeIgniter->runController(Object(App\Controllers\MapaController))
 8 SYSTEMPATH\CodeIgniter.php(354): CodeIgniter\CodeIgniter->handleRequest(null, Object(Config\Cache), false)
 9 SYSTEMPATH\Boot.php(363): CodeIgniter\CodeIgniter->run()
10 SYSTEMPATH\Boot.php(68): CodeIgniter\Boot::runCodeIgniter(Object(CodeIgniter\CodeIgniter))
11 FCPATH\index.php(59): CodeIgniter\Boot::bootWeb(Object(Config\Paths))
WARNING - 2025-11-09 13:51:24 --> [DEPRECATED] ucfirst(): Passing null to parameter #1 ($string) of type string is deprecated in APPPATH\Views\admin\vw_mapacalor.php on line 79.
 1 APPPATH\Views\admin\vw_mapacalor.php(79): ucfirst(null)
 2 SYSTEMPATH\View\View.php(226): include('C:\\xampp\\htdocs\\ecovision\\app\\Views\\admin\\vw_mapacalor.php')
 3 SYSTEMPATH\View\View.php(229): CodeIgniter\View\View->CodeIgniter\View\{closure}()
 4 SYSTEMPATH\Common.php(1167): CodeIgniter\View\View->render('admin/vw_mapacalor', [], true)
 5 APPPATH\Controllers\MapaController.php(27): view('admin/vw_mapacalor', [...])
 6 SYSTEMPATH\CodeIgniter.php(933): App\Controllers\MapaController->index()
 7 SYSTEMPATH\CodeIgniter.php(507): CodeIgniter\CodeIgniter->runController(Object(App\Controllers\MapaController))
 8 SYSTEMPATH\CodeIgniter.php(354): CodeIgniter\CodeIgniter->handleRequest(null, Object(Config\Cache), false)
 9 SYSTEMPATH\Boot.php(363): CodeIgniter\CodeIgniter->run()
10 SYSTEMPATH\Boot.php(68): CodeIgniter\Boot::runCodeIgniter(Object(CodeIgniter\CodeIgniter))
11 FCPATH\index.php(59): CodeIgniter\Boot::bootWeb(Object(Config\Paths))
WARNING - 2025-11-09 13:51:24 --> [DEPRECATED] ucfirst(): Passing null to parameter #1 ($string) of type string is deprecated in APPPATH\Views\admin\vw_mapacalor.php on line 79.
 1 APPPATH\Views\admin\vw_mapacalor.php(79): ucfirst(null)
 2 SYSTEMPATH\View\View.php(226): include('C:\\xampp\\htdocs\\ecovision\\app\\Views\\admin\\vw_mapacalor.php')
 3 SYSTEMPATH\View\View.php(229): CodeIgniter\View\View->CodeIgniter\View\{closure}()
 4 SYSTEMPATH\Common.php(1167): CodeIgniter\View\View->render('admin/vw_mapacalor', [], true)
 5 APPPATH\Controllers\MapaController.php(27): view('admin/vw_mapacalor', [...])
 6 SYSTEMPATH\CodeIgniter.php(933): App\Controllers\MapaController->index()
 7 SYSTEMPATH\CodeIgniter.php(507): CodeIgniter\CodeIgniter->runController(Object(App\Controllers\MapaController))
 8 SYSTEMPATH\CodeIgniter.php(354): CodeIgniter\CodeIgniter->handleRequest(null, Object(Config\Cache), false)
 9 SYSTEMPATH\Boot.php(363): CodeIgniter\CodeIgniter->run()
10 SYSTEMPATH\Boot.php(68): CodeIgniter\Boot::runCodeIgniter(Object(CodeIgniter\CodeIgniter))
11 FCPATH\index.php(59): CodeIgniter\Boot::bootWeb(Object(Config\Paths))
WARNING - 2025-11-09 13:51:24 --> [DEPRECATED] ucfirst(): Passing null to parameter #1 ($string) of type string is deprecated in APPPATH\Views\admin\vw_mapacalor.php on line 79.
 1 APPPATH\Views\admin\vw_mapacalor.php(79): ucfirst(null)
 2 SYSTEMPATH\View\View.php(226): include('C:\\xampp\\htdocs\\ecovision\\app\\Views\\admin\\vw_mapacalor.php')
 3 SYSTEMPATH\View\View.php(229): CodeIgniter\View\View->CodeIgniter\View\{closure}()
 4 SYSTEMPATH\Common.php(1167): CodeIgniter\View\View->render('admin/vw_mapacalor', [], true)
 5 APPPATH\Controllers\MapaController.php(27): view('admin/vw_mapacalor', [...])
 6 SYSTEMPATH\CodeIgniter.php(933): App\Controllers\MapaController->index()
 7 SYSTEMPATH\CodeIgniter.php(507): CodeIgniter\CodeIgniter->runController(Object(App\Controllers\MapaController))
 8 SYSTEMPATH\CodeIgniter.php(354): CodeIgniter\CodeIgniter->handleRequest(null, Object(Config\Cache), false)
 9 SYSTEMPATH\Boot.php(363): CodeIgniter\CodeIgniter->run()
10 SYSTEMPATH\Boot.php(68): CodeIgniter\Boot::runCodeIgniter(Object(CodeIgniter\CodeIgniter))
11 FCPATH\index.php(59): CodeIgniter\Boot::bootWeb(Object(Config\Paths))
WARNING - 2025-11-09 13:51:24 --> [DEPRECATED] ucfirst(): Passing null to parameter #1 ($string) of type string is deprecated in APPPATH\Views\admin\vw_mapacalor.php on line 79.
 1 APPPATH\Views\admin\vw_mapacalor.php(79): ucfirst(null)
 2 SYSTEMPATH\View\View.php(226): include('C:\\xampp\\htdocs\\ecovision\\app\\Views\\admin\\vw_mapacalor.php')
 3 SYSTEMPATH\View\View.php(229): CodeIgniter\View\View->CodeIgniter\View\{closure}()
 4 SYSTEMPATH\Common.php(1167): CodeIgniter\View\View->render('admin/vw_mapacalor', [], true)
 5 APPPATH\Controllers\MapaController.php(27): view('admin/vw_mapacalor', [...])
 6 SYSTEMPATH\CodeIgniter.php(933): App\Controllers\MapaController->index()
 7 SYSTEMPATH\CodeIgniter.php(507): CodeIgniter\CodeIgniter->runController(Object(App\Controllers\MapaController))
 8 SYSTEMPATH\CodeIgniter.php(354): CodeIgniter\CodeIgniter->handleRequest(null, Object(Config\Cache), false)
 9 SYSTEMPATH\Boot.php(363): CodeIgniter\CodeIgniter->run()
10 SYSTEMPATH\Boot.php(68): CodeIgniter\Boot::runCodeIgniter(Object(CodeIgniter\CodeIgniter))
11 FCPATH\index.php(59): CodeIgniter\Boot::bootWeb(Object(Config\Paths))
DEBUG - 2025-11-09 13:51:25 --> Session: Class initialized using 'CodeIgniter\Session\Handlers\FileHandler' driver.
WARNING - 2025-11-09 13:51:25 --> [DEPRECATED] ucfirst(): Passing null to parameter #1 ($string) of type string is deprecated in APPPATH\Views\admin\vw_mapacalor.php on line 54.
 1 APPPATH\Views\admin\vw_mapacalor.php(54): ucfirst(null)
 2 SYSTEMPATH\View\View.php(226): include('C:\\xampp\\htdocs\\ecovision\\app\\Views\\admin\\vw_mapacalor.php')
 3 SYSTEMPATH\View\View.php(229): CodeIgniter\View\View->CodeIgniter\View\{closure}()
 4 SYSTEMPATH\Common.php(1167): CodeIgniter\View\View->render('admin/vw_mapacalor', [], true)
 5 APPPATH\Controllers\MapaController.php(27): view('admin/vw_mapacalor', [...])
 6 SYSTEMPATH\CodeIgniter.php(933): App\Controllers\MapaController->index()
 7 SYSTEMPATH\CodeIgniter.php(507): CodeIgniter\CodeIgniter->runController(Object(App\Controllers\MapaController))
 8 SYSTEMPATH\CodeIgniter.php(354): CodeIgniter\CodeIgniter->handleRequest(null, Object(Config\Cache), false)
 9 SYSTEMPATH\Boot.php(363): CodeIgniter\CodeIgniter->run()
10 SYSTEMPATH\Boot.php(68): CodeIgniter\Boot::runCodeIgniter(Object(CodeIgniter\CodeIgniter))
11 FCPATH\index.php(59): CodeIgniter\Boot::bootWeb(Object(Config\Paths))
WARNING - 2025-11-09 13:51:25 --> [DEPRECATED] ucfirst(): Passing null to parameter #1 ($string) of type string is deprecated in APPPATH\Views\admin\vw_mapacalor.php on line 54.
 1 APPPATH\Views\admin\vw_mapacalor.php(54): ucfirst(null)
 2 SYSTEMPATH\View\View.php(226): include('C:\\xampp\\htdocs\\ecovision\\app\\Views\\admin\\vw_mapacalor.php')
 3 SYSTEMPATH\View\View.php(229): CodeIgniter\View\View->CodeIgniter\View\{closure}()
 4 SYSTEMPATH\Common.php(1167): CodeIgniter\View\View->render('admin/vw_mapacalor', [], true)
 5 APPPATH\Controllers\MapaController.php(27): view('admin/vw_mapacalor', [...])
 6 SYSTEMPATH\CodeIgniter.php(933): App\Controllers\MapaController->index()
 7 SYSTEMPATH\CodeIgniter.php(507): CodeIgniter\CodeIgniter->runController(Object(App\Controllers\MapaController))
 8 SYSTEMPATH\CodeIgniter.php(354): CodeIgniter\CodeIgniter->handleRequest(null, Object(Config\Cache), false)
 9 SYSTEMPATH\Boot.php(363): CodeIgniter\CodeIgniter->run()
10 SYSTEMPATH\Boot.php(68): CodeIgniter\Boot::runCodeIgniter(Object(CodeIgniter\CodeIgniter))
11 FCPATH\index.php(59): CodeIgniter\Boot::bootWeb(Object(Config\Paths))
WARNING - 2025-11-09 13:51:25 --> [DEPRECATED] ucfirst(): Passing null to parameter #1 ($string) of type string is deprecated in APPPATH\Views\admin\vw_mapacalor.php on line 54.
 1 APPPATH\Views\admin\vw_mapacalor.php(54): ucfirst(null)
 2 SYSTEMPATH\View\View.php(226): include('C:\\xampp\\htdocs\\ecovision\\app\\Views\\admin\\vw_mapacalor.php')
 3 SYSTEMPATH\View\View.php(229): CodeIgniter\View\View->CodeIgniter\View\{closure}()
 4 SYSTEMPATH\Common.php(1167): CodeIgniter\View\View->render('admin/vw_mapacalor', [], true)
 5 APPPATH\Controllers\MapaController.php(27): view('admin/vw_mapacalor', [...])
 6 SYSTEMPATH\CodeIgniter.php(933): App\Controllers\MapaController->index()
 7 SYSTEMPATH\CodeIgniter.php(507): CodeIgniter\CodeIgniter->runController(Object(App\Controllers\MapaController))
 8 SYSTEMPATH\CodeIgniter.php(354): CodeIgniter\CodeIgniter->handleRequest(null, Object(Config\Cache), false)
 9 SYSTEMPATH\Boot.php(363): CodeIgniter\CodeIgniter->run()
10 SYSTEMPATH\Boot.php(68): CodeIgniter\Boot::runCodeIgniter(Object(CodeIgniter\CodeIgniter))
11 FCPATH\index.php(59): CodeIgniter\Boot::bootWeb(Object(Config\Paths))
WARNING - 2025-11-09 13:51:25 --> [DEPRECATED] ucfirst(): Passing null to parameter #1 ($string) of type string is deprecated in APPPATH\Views\admin\vw_mapacalor.php on line 54.
 1 APPPATH\Views\admin\vw_mapacalor.php(54): ucfirst(null)
 2 SYSTEMPATH\View\View.php(226): include('C:\\xampp\\htdocs\\ecovision\\app\\Views\\admin\\vw_mapacalor.php')
 3 SYSTEMPATH\View\View.php(229): CodeIgniter\View\View->CodeIgniter\View\{closure}()
 4 SYSTEMPATH\Common.php(1167): CodeIgniter\View\View->render('admin/vw_mapacalor', [], true)
 5 APPPATH\Controllers\MapaController.php(27): view('admin/vw_mapacalor', [...])
 6 SYSTEMPATH\CodeIgniter.php(933): App\Controllers\MapaController->index()
 7 SYSTEMPATH\CodeIgniter.php(507): CodeIgniter\CodeIgniter->runController(Object(App\Controllers\MapaController))
 8 SYSTEMPATH\CodeIgniter.php(354): CodeIgniter\CodeIgniter->handleRequest(null, Object(Config\Cache), false)
 9 SYSTEMPATH\Boot.php(363): CodeIgniter\CodeIgniter->run()
10 SYSTEMPATH\Boot.php(68): CodeIgniter\Boot::runCodeIgniter(Object(CodeIgniter\CodeIgniter))
11 FCPATH\index.php(59): CodeIgniter\Boot::bootWeb(Object(Config\Paths))
WARNING - 2025-11-09 13:51:25 --> [DEPRECATED] ucfirst(): Passing null to parameter #1 ($string) of type string is deprecated in APPPATH\Views\admin\vw_mapacalor.php on line 54.
 1 APPPATH\Views\admin\vw_mapacalor.php(54): ucfirst(null)
 2 SYSTEMPATH\View\View.php(226): include('C:\\xampp\\htdocs\\ecovision\\app\\Views\\admin\\vw_mapacalor.php')
 3 SYSTEMPATH\View\View.php(229): CodeIgniter\View\View->CodeIgniter\View\{closure}()
 4 SYSTEMPATH\Common.php(1167): CodeIgniter\View\View->render('admin/vw_mapacalor', [], true)
 5 APPPATH\Controllers\MapaController.php(27): view('admin/vw_mapacalor', [...])
 6 SYSTEMPATH\CodeIgniter.php(933): App\Controllers\MapaController->index()
 7 SYSTEMPATH\CodeIgniter.php(507): CodeIgniter\CodeIgniter->runController(Object(App\Controllers\MapaController))
 8 SYSTEMPATH\CodeIgniter.php(354): CodeIgniter\CodeIgniter->handleRequest(null, Object(Config\Cache), false)
 9 SYSTEMPATH\Boot.php(363): CodeIgniter\CodeIgniter->run()
10 SYSTEMPATH\Boot.php(68): CodeIgniter\Boot::runCodeIgniter(Object(CodeIgniter\CodeIgniter))
11 FCPATH\index.php(59): CodeIgniter\Boot::bootWeb(Object(Config\Paths))
WARNING - 2025-11-09 13:51:25 --> [DEPRECATED] ucfirst(): Passing null to parameter #1 ($string) of type string is deprecated in APPPATH\Views\admin\vw_mapacalor.php on line 79.
 1 APPPATH\Views\admin\vw_mapacalor.php(79): ucfirst(null)
 2 SYSTEMPATH\View\View.php(226): include('C:\\xampp\\htdocs\\ecovision\\app\\Views\\admin\\vw_mapacalor.php')
 3 SYSTEMPATH\View\View.php(229): CodeIgniter\View\View->CodeIgniter\View\{closure}()
 4 SYSTEMPATH\Common.php(1167): CodeIgniter\View\View->render('admin/vw_mapacalor', [], true)
 5 APPPATH\Controllers\MapaController.php(27): view('admin/vw_mapacalor', [...])
 6 SYSTEMPATH\CodeIgniter.php(933): App\Controllers\MapaController->index()
 7 SYSTEMPATH\CodeIgniter.php(507): CodeIgniter\CodeIgniter->runController(Object(App\Controllers\MapaController))
 8 SYSTEMPATH\CodeIgniter.php(354): CodeIgniter\CodeIgniter->handleRequest(null, Object(Config\Cache), false)
 9 SYSTEMPATH\Boot.php(363): CodeIgniter\CodeIgniter->run()
10 SYSTEMPATH\Boot.php(68): CodeIgniter\Boot::runCodeIgniter(Object(CodeIgniter\CodeIgniter))
11 FCPATH\index.php(59): CodeIgniter\Boot::bootWeb(Object(Config\Paths))
WARNING - 2025-11-09 13:51:25 --> [DEPRECATED] ucfirst(): Passing null to parameter #1 ($string) of type string is deprecated in APPPATH\Views\admin\vw_mapacalor.php on line 79.
 1 APPPATH\Views\admin\vw_mapacalor.php(79): ucfirst(null)
 2 SYSTEMPATH\View\View.php(226): include('C:\\xampp\\htdocs\\ecovision\\app\\Views\\admin\\vw_mapacalor.php')
 3 SYSTEMPATH\View\View.php(229): CodeIgniter\View\View->CodeIgniter\View\{closure}()
 4 SYSTEMPATH\Common.php(1167): CodeIgniter\View\View->render('admin/vw_mapacalor', [], true)
 5 APPPATH\Controllers\MapaController.php(27): view('admin/vw_mapacalor', [...])
 6 SYSTEMPATH\CodeIgniter.php(933): App\Controllers\MapaController->index()
 7 SYSTEMPATH\CodeIgniter.php(507): CodeIgniter\CodeIgniter->runController(Object(App\Controllers\MapaController))
 8 SYSTEMPATH\CodeIgniter.php(354): CodeIgniter\CodeIgniter->handleRequest(null, Object(Config\Cache), false)
 9 SYSTEMPATH\Boot.php(363): CodeIgniter\CodeIgniter->run()
10 SYSTEMPATH\Boot.php(68): CodeIgniter\Boot::runCodeIgniter(Object(CodeIgniter\CodeIgniter))
11 FCPATH\index.php(59): CodeIgniter\Boot::bootWeb(Object(Config\Paths))
WARNING - 2025-11-09 13:51:25 --> [DEPRECATED] ucfirst(): Passing null to parameter #1 ($string) of type string is deprecated in APPPATH\Views\admin\vw_mapacalor.php on line 79.
 1 APPPATH\Views\admin\vw_mapacalor.php(79): ucfirst(null)
 2 SYSTEMPATH\View\View.php(226): include('C:\\xampp\\htdocs\\ecovision\\app\\Views\\admin\\vw_mapacalor.php')
 3 SYSTEMPATH\View\View.php(229): CodeIgniter\View\View->CodeIgniter\View\{closure}()
 4 SYSTEMPATH\Common.php(1167): CodeIgniter\View\View->render('admin/vw_mapacalor', [], true)
 5 APPPATH\Controllers\MapaController.php(27): view('admin/vw_mapacalor', [...])
 6 SYSTEMPATH\CodeIgniter.php(933): App\Controllers\MapaController->index()
 7 SYSTEMPATH\CodeIgniter.php(507): CodeIgniter\CodeIgniter->runController(Object(App\Controllers\MapaController))
 8 SYSTEMPATH\CodeIgniter.php(354): CodeIgniter\CodeIgniter->handleRequest(null, Object(Config\Cache), false)
 9 SYSTEMPATH\Boot.php(363): CodeIgniter\CodeIgniter->run()
10 SYSTEMPATH\Boot.php(68): CodeIgniter\Boot::runCodeIgniter(Object(CodeIgniter\CodeIgniter))
11 FCPATH\index.php(59): CodeIgniter\Boot::bootWeb(Object(Config\Paths))
WARNING - 2025-11-09 13:51:25 --> [DEPRECATED] ucfirst(): Passing null to parameter #1 ($string) of type string is deprecated in APPPATH\Views\admin\vw_mapacalor.php on line 79.
 1 APPPATH\Views\admin\vw_mapacalor.php(79): ucfirst(null)
 2 SYSTEMPATH\View\View.php(226): include('C:\\xampp\\htdocs\\ecovision\\app\\Views\\admin\\vw_mapacalor.php')
 3 SYSTEMPATH\View\View.php(229): CodeIgniter\View\View->CodeIgniter\View\{closure}()
 4 SYSTEMPATH\Common.php(1167): CodeIgniter\View\View->render('admin/vw_mapacalor', [], true)
 5 APPPATH\Controllers\MapaController.php(27): view('admin/vw_mapacalor', [...])
 6 SYSTEMPATH\CodeIgniter.php(933): App\Controllers\MapaController->index()
 7 SYSTEMPATH\CodeIgniter.php(507): CodeIgniter\CodeIgniter->runController(Object(App\Controllers\MapaController))
 8 SYSTEMPATH\CodeIgniter.php(354): CodeIgniter\CodeIgniter->handleRequest(null, Object(Config\Cache), false)
 9 SYSTEMPATH\Boot.php(363): CodeIgniter\CodeIgniter->run()
10 SYSTEMPATH\Boot.php(68): CodeIgniter\Boot::runCodeIgniter(Object(CodeIgniter\CodeIgniter))
11 FCPATH\index.php(59): CodeIgniter\Boot::bootWeb(Object(Config\Paths))
WARNING - 2025-11-09 13:51:25 --> [DEPRECATED] ucfirst(): Passing null to parameter #1 ($string) of type string is deprecated in APPPATH\Views\admin\vw_mapacalor.php on line 79.
 1 APPPATH\Views\admin\vw_mapacalor.php(79): ucfirst(null)
 2 SYSTEMPATH\View\View.php(226): include('C:\\xampp\\htdocs\\ecovision\\app\\Views\\admin\\vw_mapacalor.php')
 3 SYSTEMPATH\View\View.php(229): CodeIgniter\View\View->CodeIgniter\View\{closure}()
 4 SYSTEMPATH\Common.php(1167): CodeIgniter\View\View->render('admin/vw_mapacalor', [], true)
 5 APPPATH\Controllers\MapaController.php(27): view('admin/vw_mapacalor', [...])
 6 SYSTEMPATH\CodeIgniter.php(933): App\Controllers\MapaController->index()
 7 SYSTEMPATH\CodeIgniter.php(507): CodeIgniter\CodeIgniter->runController(Object(App\Controllers\MapaController))
 8 SYSTEMPATH\CodeIgniter.php(354): CodeIgniter\CodeIgniter->handleRequest(null, Object(Config\Cache), false)
 9 SYSTEMPATH\Boot.php(363): CodeIgniter\CodeIgniter->run()
10 SYSTEMPATH\Boot.php(68): CodeIgniter\Boot::runCodeIgniter(Object(CodeIgniter\CodeIgniter))
11 FCPATH\index.php(59): CodeIgniter\Boot::bootWeb(Object(Config\Paths))
DEBUG - 2025-11-09 13:53:17 --> Session: Class initialized using 'CodeIgniter\Session\Handlers\FileHandler' driver.
WARNING - 2025-11-09 13:53:17 --> [DEPRECATED] ucfirst(): Passing null to parameter #1 ($string) of type string is deprecated in APPPATH\Views\admin\vw_mapacalor.php on line 54.
 1 APPPATH\Views\admin\vw_mapacalor.php(54): ucfirst(null)
 2 SYSTEMPATH\View\View.php(226): include('C:\\xampp\\htdocs\\ecovision\\app\\Views\\admin\\vw_mapacalor.php')
 3 SYSTEMPATH\View\View.php(229): CodeIgniter\View\View->CodeIgniter\View\{closure}()
 4 SYSTEMPATH\Common.php(1167): CodeIgniter\View\View->render('admin/vw_mapacalor', [], true)
 5 APPPATH\Controllers\MapaController.php(27): view('admin/vw_mapacalor', [...])
 6 SYSTEMPATH\CodeIgniter.php(933): App\Controllers\MapaController->index()
 7 SYSTEMPATH\CodeIgniter.php(507): CodeIgniter\CodeIgniter->runController(Object(App\Controllers\MapaController))
 8 SYSTEMPATH\CodeIgniter.php(354): CodeIgniter\CodeIgniter->handleRequest(null, Object(Config\Cache), false)
 9 SYSTEMPATH\Boot.php(363): CodeIgniter\CodeIgniter->run()
10 SYSTEMPATH\Boot.php(68): CodeIgniter\Boot::runCodeIgniter(Object(CodeIgniter\CodeIgniter))
11 FCPATH\index.php(59): CodeIgniter\Boot::bootWeb(Object(Config\Paths))
WARNING - 2025-11-09 13:53:17 --> [DEPRECATED] ucfirst(): Passing null to parameter #1 ($string) of type string is deprecated in APPPATH\Views\admin\vw_mapacalor.php on line 54.
 1 APPPATH\Views\admin\vw_mapacalor.php(54): ucfirst(null)
 2 SYSTEMPATH\View\View.php(226): include('C:\\xampp\\htdocs\\ecovision\\app\\Views\\admin\\vw_mapacalor.php')
 3 SYSTEMPATH\View\View.php(229): CodeIgniter\View\View->CodeIgniter\View\{closure}()
 4 SYSTEMPATH\Common.php(1167): CodeIgniter\View\View->render('admin/vw_mapacalor', [], true)
 5 APPPATH\Controllers\MapaController.php(27): view('admin/vw_mapacalor', [...])
 6 SYSTEMPATH\CodeIgniter.php(933): App\Controllers\MapaController->index()
 7 SYSTEMPATH\CodeIgniter.php(507): CodeIgniter\CodeIgniter->runController(Object(App\Controllers\MapaController))
 8 SYSTEMPATH\CodeIgniter.php(354): CodeIgniter\CodeIgniter->handleRequest(null, Object(Config\Cache), false)
 9 SYSTEMPATH\Boot.php(363): CodeIgniter\CodeIgniter->run()
10 SYSTEMPATH\Boot.php(68): CodeIgniter\Boot::runCodeIgniter(Object(CodeIgniter\CodeIgniter))
11 FCPATH\index.php(59): CodeIgniter\Boot::bootWeb(Object(Config\Paths))
WARNING - 2025-11-09 13:53:17 --> [DEPRECATED] ucfirst(): Passing null to parameter #1 ($string) of type string is deprecated in APPPATH\Views\admin\vw_mapacalor.php on line 54.
 1 APPPATH\Views\admin\vw_mapacalor.php(54): ucfirst(null)
 2 SYSTEMPATH\View\View.php(226): include('C:\\xampp\\htdocs\\ecovision\\app\\Views\\admin\\vw_mapacalor.php')
 3 SYSTEMPATH\View\View.php(229): CodeIgniter\View\View->CodeIgniter\View\{closure}()
 4 SYSTEMPATH\Common.php(1167): CodeIgniter\View\View->render('admin/vw_mapacalor', [], true)
 5 APPPATH\Controllers\MapaController.php(27): view('admin/vw_mapacalor', [...])
 6 SYSTEMPATH\CodeIgniter.php(933): App\Controllers\MapaController->index()
 7 SYSTEMPATH\CodeIgniter.php(507): CodeIgniter\CodeIgniter->runController(Object(App\Controllers\MapaController))
 8 SYSTEMPATH\CodeIgniter.php(354): CodeIgniter\CodeIgniter->handleRequest(null, Object(Config\Cache), false)
 9 SYSTEMPATH\Boot.php(363): CodeIgniter\CodeIgniter->run()
10 SYSTEMPATH\Boot.php(68): CodeIgniter\Boot::runCodeIgniter(Object(CodeIgniter\CodeIgniter))
11 FCPATH\index.php(59): CodeIgniter\Boot::bootWeb(Object(Config\Paths))
WARNING - 2025-11-09 13:53:17 --> [DEPRECATED] ucfirst(): Passing null to parameter #1 ($string) of type string is deprecated in APPPATH\Views\admin\vw_mapacalor.php on line 54.
 1 APPPATH\Views\admin\vw_mapacalor.php(54): ucfirst(null)
 2 SYSTEMPATH\View\View.php(226): include('C:\\xampp\\htdocs\\ecovision\\app\\Views\\admin\\vw_mapacalor.php')
 3 SYSTEMPATH\View\View.php(229): CodeIgniter\View\View->CodeIgniter\View\{closure}()
 4 SYSTEMPATH\Common.php(1167): CodeIgniter\View\View->render('admin/vw_mapacalor', [], true)
 5 APPPATH\Controllers\MapaController.php(27): view('admin/vw_mapacalor', [...])
 6 SYSTEMPATH\CodeIgniter.php(933): App\Controllers\MapaController->index()
 7 SYSTEMPATH\CodeIgniter.php(507): CodeIgniter\CodeIgniter->runController(Object(App\Controllers\MapaController))
 8 SYSTEMPATH\CodeIgniter.php(354): CodeIgniter\CodeIgniter->handleRequest(null, Object(Config\Cache), false)
 9 SYSTEMPATH\Boot.php(363): CodeIgniter\CodeIgniter->run()
10 SYSTEMPATH\Boot.php(68): CodeIgniter\Boot::runCodeIgniter(Object(CodeIgniter\CodeIgniter))
11 FCPATH\index.php(59): CodeIgniter\Boot::bootWeb(Object(Config\Paths))
WARNING - 2025-11-09 13:53:17 --> [DEPRECATED] ucfirst(): Passing null to parameter #1 ($string) of type string is deprecated in APPPATH\Views\admin\vw_mapacalor.php on line 54.
 1 APPPATH\Views\admin\vw_mapacalor.php(54): ucfirst(null)
 2 SYSTEMPATH\View\View.php(226): include('C:\\xampp\\htdocs\\ecovision\\app\\Views\\admin\\vw_mapacalor.php')
 3 SYSTEMPATH\View\View.php(229): CodeIgniter\View\View->CodeIgniter\View\{closure}()
 4 SYSTEMPATH\Common.php(1167): CodeIgniter\View\View->render('admin/vw_mapacalor', [], true)
 5 APPPATH\Controllers\MapaController.php(27): view('admin/vw_mapacalor', [...])
 6 SYSTEMPATH\CodeIgniter.php(933): App\Controllers\MapaController->index()
 7 SYSTEMPATH\CodeIgniter.php(507): CodeIgniter\CodeIgniter->runController(Object(App\Controllers\MapaController))
 8 SYSTEMPATH\CodeIgniter.php(354): CodeIgniter\CodeIgniter->handleRequest(null, Object(Config\Cache), false)
 9 SYSTEMPATH\Boot.php(363): CodeIgniter\CodeIgniter->run()
10 SYSTEMPATH\Boot.php(68): CodeIgniter\Boot::runCodeIgniter(Object(CodeIgniter\CodeIgniter))
11 FCPATH\index.php(59): CodeIgniter\Boot::bootWeb(Object(Config\Paths))
WARNING - 2025-11-09 13:53:17 --> [DEPRECATED] ucfirst(): Passing null to parameter #1 ($string) of type string is deprecated in APPPATH\Views\admin\vw_mapacalor.php on line 79.
 1 APPPATH\Views\admin\vw_mapacalor.php(79): ucfirst(null)
 2 SYSTEMPATH\View\View.php(226): include('C:\\xampp\\htdocs\\ecovision\\app\\Views\\admin\\vw_mapacalor.php')
 3 SYSTEMPATH\View\View.php(229): CodeIgniter\View\View->CodeIgniter\View\{closure}()
 4 SYSTEMPATH\Common.php(1167): CodeIgniter\View\View->render('admin/vw_mapacalor', [], true)
 5 APPPATH\Controllers\MapaController.php(27): view('admin/vw_mapacalor', [...])
 6 SYSTEMPATH\CodeIgniter.php(933): App\Controllers\MapaController->index()
 7 SYSTEMPATH\CodeIgniter.php(507): CodeIgniter\CodeIgniter->runController(Object(App\Controllers\MapaController))
 8 SYSTEMPATH\CodeIgniter.php(354): CodeIgniter\CodeIgniter->handleRequest(null, Object(Config\Cache), false)
 9 SYSTEMPATH\Boot.php(363): CodeIgniter\CodeIgniter->run()
10 SYSTEMPATH\Boot.php(68): CodeIgniter\Boot::runCodeIgniter(Object(CodeIgniter\CodeIgniter))
11 FCPATH\index.php(59): CodeIgniter\Boot::bootWeb(Object(Config\Paths))
WARNING - 2025-11-09 13:53:17 --> [DEPRECATED] ucfirst(): Passing null to parameter #1 ($string) of type string is deprecated in APPPATH\Views\admin\vw_mapacalor.php on line 79.
 1 APPPATH\Views\admin\vw_mapacalor.php(79): ucfirst(null)
 2 SYSTEMPATH\View\View.php(226): include('C:\\xampp\\htdocs\\ecovision\\app\\Views\\admin\\vw_mapacalor.php')
 3 SYSTEMPATH\View\View.php(229): CodeIgniter\View\View->CodeIgniter\View\{closure}()
 4 SYSTEMPATH\Common.php(1167): CodeIgniter\View\View->render('admin/vw_mapacalor', [], true)
 5 APPPATH\Controllers\MapaController.php(27): view('admin/vw_mapacalor', [...])
 6 SYSTEMPATH\CodeIgniter.php(933): App\Controllers\MapaController->index()
 7 SYSTEMPATH\CodeIgniter.php(507): CodeIgniter\CodeIgniter->runController(Object(App\Controllers\MapaController))
 8 SYSTEMPATH\CodeIgniter.php(354): CodeIgniter\CodeIgniter->handleRequest(null, Object(Config\Cache), false)
 9 SYSTEMPATH\Boot.php(363): CodeIgniter\CodeIgniter->run()
10 SYSTEMPATH\Boot.php(68): CodeIgniter\Boot::runCodeIgniter(Object(CodeIgniter\CodeIgniter))
11 FCPATH\index.php(59): CodeIgniter\Boot::bootWeb(Object(Config\Paths))
WARNING - 2025-11-09 13:53:17 --> [DEPRECATED] ucfirst(): Passing null to parameter #1 ($string) of type string is deprecated in APPPATH\Views\admin\vw_mapacalor.php on line 79.
 1 APPPATH\Views\admin\vw_mapacalor.php(79): ucfirst(null)
 2 SYSTEMPATH\View\View.php(226): include('C:\\xampp\\htdocs\\ecovision\\app\\Views\\admin\\vw_mapacalor.php')
 3 SYSTEMPATH\View\View.php(229): CodeIgniter\View\View->CodeIgniter\View\{closure}()
 4 SYSTEMPATH\Common.php(1167): CodeIgniter\View\View->render('admin/vw_mapacalor', [], true)
 5 APPPATH\Controllers\MapaController.php(27): view('admin/vw_mapacalor', [...])
 6 SYSTEMPATH\CodeIgniter.php(933): App\Controllers\MapaController->index()
 7 SYSTEMPATH\CodeIgniter.php(507): CodeIgniter\CodeIgniter->runController(Object(App\Controllers\MapaController))
 8 SYSTEMPATH\CodeIgniter.php(354): CodeIgniter\CodeIgniter->handleRequest(null, Object(Config\Cache), false)
 9 SYSTEMPATH\Boot.php(363): CodeIgniter\CodeIgniter->run()
10 SYSTEMPATH\Boot.php(68): CodeIgniter\Boot::runCodeIgniter(Object(CodeIgniter\CodeIgniter))
11 FCPATH\index.php(59): CodeIgniter\Boot::bootWeb(Object(Config\Paths))
WARNING - 2025-11-09 13:53:17 --> [DEPRECATED] ucfirst(): Passing null to parameter #1 ($string) of type string is deprecated in APPPATH\Views\admin\vw_mapacalor.php on line 79.
 1 APPPATH\Views\admin\vw_mapacalor.php(79): ucfirst(null)
 2 SYSTEMPATH\View\View.php(226): include('C:\\xampp\\htdocs\\ecovision\\app\\Views\\admin\\vw_mapacalor.php')
 3 SYSTEMPATH\View\View.php(229): CodeIgniter\View\View->CodeIgniter\View\{closure}()
 4 SYSTEMPATH\Common.php(1167): CodeIgniter\View\View->render('admin/vw_mapacalor', [], true)
 5 APPPATH\Controllers\MapaController.php(27): view('admin/vw_mapacalor', [...])
 6 SYSTEMPATH\CodeIgniter.php(933): App\Controllers\MapaController->index()
 7 SYSTEMPATH\CodeIgniter.php(507): CodeIgniter\CodeIgniter->runController(Object(App\Controllers\MapaController))
 8 SYSTEMPATH\CodeIgniter.php(354): CodeIgniter\CodeIgniter->handleRequest(null, Object(Config\Cache), false)
 9 SYSTEMPATH\Boot.php(363): CodeIgniter\CodeIgniter->run()
10 SYSTEMPATH\Boot.php(68): CodeIgniter\Boot::runCodeIgniter(Object(CodeIgniter\CodeIgniter))
11 FCPATH\index.php(59): CodeIgniter\Boot::bootWeb(Object(Config\Paths))
WARNING - 2025-11-09 13:53:17 --> [DEPRECATED] ucfirst(): Passing null to parameter #1 ($string) of type string is deprecated in APPPATH\Views\admin\vw_mapacalor.php on line 79.
 1 APPPATH\Views\admin\vw_mapacalor.php(79): ucfirst(null)
 2 SYSTEMPATH\View\View.php(226): include('C:\\xampp\\htdocs\\ecovision\\app\\Views\\admin\\vw_mapacalor.php')
 3 SYSTEMPATH\View\View.php(229): CodeIgniter\View\View->CodeIgniter\View\{closure}()
 4 SYSTEMPATH\Common.php(1167): CodeIgniter\View\View->render('admin/vw_mapacalor', [], true)
 5 APPPATH\Controllers\MapaController.php(27): view('admin/vw_mapacalor', [...])
 6 SYSTEMPATH\CodeIgniter.php(933): App\Controllers\MapaController->index()
 7 SYSTEMPATH\CodeIgniter.php(507): CodeIgniter\CodeIgniter->runController(Object(App\Controllers\MapaController))
 8 SYSTEMPATH\CodeIgniter.php(354): CodeIgniter\CodeIgniter->handleRequest(null, Object(Config\Cache), false)
 9 SYSTEMPATH\Boot.php(363): CodeIgniter\CodeIgniter->run()
10 SYSTEMPATH\Boot.php(68): CodeIgniter\Boot::runCodeIgniter(Object(CodeIgniter\CodeIgniter))
11 FCPATH\index.php(59): CodeIgniter\Boot::bootWeb(Object(Config\Paths))
DEBUG - 2025-11-09 13:53:18 --> Session: Class initialized using 'CodeIgniter\Session\Handlers\FileHandler' driver.
WARNING - 2025-11-09 13:53:19 --> [DEPRECATED] ucfirst(): Passing null to parameter #1 ($string) of type string is deprecated in APPPATH\Views\admin\vw_mapacalor.php on line 54.
 1 APPPATH\Views\admin\vw_mapacalor.php(54): ucfirst(null)
 2 SYSTEMPATH\View\View.php(226): include('C:\\xampp\\htdocs\\ecovision\\app\\Views\\admin\\vw_mapacalor.php')
 3 SYSTEMPATH\View\View.php(229): CodeIgniter\View\View->CodeIgniter\View\{closure}()
 4 SYSTEMPATH\Common.php(1167): CodeIgniter\View\View->render('admin/vw_mapacalor', [], true)
 5 APPPATH\Controllers\MapaController.php(27): view('admin/vw_mapacalor', [...])
 6 SYSTEMPATH\CodeIgniter.php(933): App\Controllers\MapaController->index()
 7 SYSTEMPATH\CodeIgniter.php(507): CodeIgniter\CodeIgniter->runController(Object(App\Controllers\MapaController))
 8 SYSTEMPATH\CodeIgniter.php(354): CodeIgniter\CodeIgniter->handleRequest(null, Object(Config\Cache), false)
 9 SYSTEMPATH\Boot.php(363): CodeIgniter\CodeIgniter->run()
10 SYSTEMPATH\Boot.php(68): CodeIgniter\Boot::runCodeIgniter(Object(CodeIgniter\CodeIgniter))
11 FCPATH\index.php(59): CodeIgniter\Boot::bootWeb(Object(Config\Paths))
WARNING - 2025-11-09 13:53:19 --> [DEPRECATED] ucfirst(): Passing null to parameter #1 ($string) of type string is deprecated in APPPATH\Views\admin\vw_mapacalor.php on line 54.
 1 APPPATH\Views\admin\vw_mapacalor.php(54): ucfirst(null)
 2 SYSTEMPATH\View\View.php(226): include('C:\\xampp\\htdocs\\ecovision\\app\\Views\\admin\\vw_mapacalor.php')
 3 SYSTEMPATH\View\View.php(229): CodeIgniter\View\View->CodeIgniter\View\{closure}()
 4 SYSTEMPATH\Common.php(1167): CodeIgniter\View\View->render('admin/vw_mapacalor', [], true)
 5 APPPATH\Controllers\MapaController.php(27): view('admin/vw_mapacalor', [...])
 6 SYSTEMPATH\CodeIgniter.php(933): App\Controllers\MapaController->index()
 7 SYSTEMPATH\CodeIgniter.php(507): CodeIgniter\CodeIgniter->runController(Object(App\Controllers\MapaController))
 8 SYSTEMPATH\CodeIgniter.php(354): CodeIgniter\CodeIgniter->handleRequest(null, Object(Config\Cache), false)
 9 SYSTEMPATH\Boot.php(363): CodeIgniter\CodeIgniter->run()
10 SYSTEMPATH\Boot.php(68): CodeIgniter\Boot::runCodeIgniter(Object(CodeIgniter\CodeIgniter))
11 FCPATH\index.php(59): CodeIgniter\Boot::bootWeb(Object(Config\Paths))
WARNING - 2025-11-09 13:53:19 --> [DEPRECATED] ucfirst(): Passing null to parameter #1 ($string) of type string is deprecated in APPPATH\Views\admin\vw_mapacalor.php on line 54.
 1 APPPATH\Views\admin\vw_mapacalor.php(54): ucfirst(null)
 2 SYSTEMPATH\View\View.php(226): include('C:\\xampp\\htdocs\\ecovision\\app\\Views\\admin\\vw_mapacalor.php')
 3 SYSTEMPATH\View\View.php(229): CodeIgniter\View\View->CodeIgniter\View\{closure}()
 4 SYSTEMPATH\Common.php(1167): CodeIgniter\View\View->render('admin/vw_mapacalor', [], true)
 5 APPPATH\Controllers\MapaController.php(27): view('admin/vw_mapacalor', [...])
 6 SYSTEMPATH\CodeIgniter.php(933): App\Controllers\MapaController->index()
 7 SYSTEMPATH\CodeIgniter.php(507): CodeIgniter\CodeIgniter->runController(Object(App\Controllers\MapaController))
 8 SYSTEMPATH\CodeIgniter.php(354): CodeIgniter\CodeIgniter->handleRequest(null, Object(Config\Cache), false)
 9 SYSTEMPATH\Boot.php(363): CodeIgniter\CodeIgniter->run()
10 SYSTEMPATH\Boot.php(68): CodeIgniter\Boot::runCodeIgniter(Object(CodeIgniter\CodeIgniter))
11 FCPATH\index.php(59): CodeIgniter\Boot::bootWeb(Object(Config\Paths))
WARNING - 2025-11-09 13:53:19 --> [DEPRECATED] ucfirst(): Passing null to parameter #1 ($string) of type string is deprecated in APPPATH\Views\admin\vw_mapacalor.php on line 54.
 1 APPPATH\Views\admin\vw_mapacalor.php(54): ucfirst(null)
 2 SYSTEMPATH\View\View.php(226): include('C:\\xampp\\htdocs\\ecovision\\app\\Views\\admin\\vw_mapacalor.php')
 3 SYSTEMPATH\View\View.php(229): CodeIgniter\View\View->CodeIgniter\View\{closure}()
 4 SYSTEMPATH\Common.php(1167): CodeIgniter\View\View->render('admin/vw_mapacalor', [], true)
 5 APPPATH\Controllers\MapaController.php(27): view('admin/vw_mapacalor', [...])
 6 SYSTEMPATH\CodeIgniter.php(933): App\Controllers\MapaController->index()
 7 SYSTEMPATH\CodeIgniter.php(507): CodeIgniter\CodeIgniter->runController(Object(App\Controllers\MapaController))
 8 SYSTEMPATH\CodeIgniter.php(354): CodeIgniter\CodeIgniter->handleRequest(null, Object(Config\Cache), false)
 9 SYSTEMPATH\Boot.php(363): CodeIgniter\CodeIgniter->run()
10 SYSTEMPATH\Boot.php(68): CodeIgniter\Boot::runCodeIgniter(Object(CodeIgniter\CodeIgniter))
11 FCPATH\index.php(59): CodeIgniter\Boot::bootWeb(Object(Config\Paths))
WARNING - 2025-11-09 13:53:19 --> [DEPRECATED] ucfirst(): Passing null to parameter #1 ($string) of type string is deprecated in APPPATH\Views\admin\vw_mapacalor.php on line 54.
 1 APPPATH\Views\admin\vw_mapacalor.php(54): ucfirst(null)
 2 SYSTEMPATH\View\View.php(226): include('C:\\xampp\\htdocs\\ecovision\\app\\Views\\admin\\vw_mapacalor.php')
 3 SYSTEMPATH\View\View.php(229): CodeIgniter\View\View->CodeIgniter\View\{closure}()
 4 SYSTEMPATH\Common.php(1167): CodeIgniter\View\View->render('admin/vw_mapacalor', [], true)
 5 APPPATH\Controllers\MapaController.php(27): view('admin/vw_mapacalor', [...])
 6 SYSTEMPATH\CodeIgniter.php(933): App\Controllers\MapaController->index()
 7 SYSTEMPATH\CodeIgniter.php(507): CodeIgniter\CodeIgniter->runController(Object(App\Controllers\MapaController))
 8 SYSTEMPATH\CodeIgniter.php(354): CodeIgniter\CodeIgniter->handleRequest(null, Object(Config\Cache), false)
 9 SYSTEMPATH\Boot.php(363): CodeIgniter\CodeIgniter->run()
10 SYSTEMPATH\Boot.php(68): CodeIgniter\Boot::runCodeIgniter(Object(CodeIgniter\CodeIgniter))
11 FCPATH\index.php(59): CodeIgniter\Boot::bootWeb(Object(Config\Paths))
WARNING - 2025-11-09 13:53:19 --> [DEPRECATED] ucfirst(): Passing null to parameter #1 ($string) of type string is deprecated in APPPATH\Views\admin\vw_mapacalor.php on line 79.
 1 APPPATH\Views\admin\vw_mapacalor.php(79): ucfirst(null)
 2 SYSTEMPATH\View\View.php(226): include('C:\\xampp\\htdocs\\ecovision\\app\\Views\\admin\\vw_mapacalor.php')
 3 SYSTEMPATH\View\View.php(229): CodeIgniter\View\View->CodeIgniter\View\{closure}()
 4 SYSTEMPATH\Common.php(1167): CodeIgniter\View\View->render('admin/vw_mapacalor', [], true)
 5 APPPATH\Controllers\MapaController.php(27): view('admin/vw_mapacalor', [...])
 6 SYSTEMPATH\CodeIgniter.php(933): App\Controllers\MapaController->index()
 7 SYSTEMPATH\CodeIgniter.php(507): CodeIgniter\CodeIgniter->runController(Object(App\Controllers\MapaController))
 8 SYSTEMPATH\CodeIgniter.php(354): CodeIgniter\CodeIgniter->handleRequest(null, Object(Config\Cache), false)
 9 SYSTEMPATH\Boot.php(363): CodeIgniter\CodeIgniter->run()
10 SYSTEMPATH\Boot.php(68): CodeIgniter\Boot::runCodeIgniter(Object(CodeIgniter\CodeIgniter))
11 FCPATH\index.php(59): CodeIgniter\Boot::bootWeb(Object(Config\Paths))
WARNING - 2025-11-09 13:53:19 --> [DEPRECATED] ucfirst(): Passing null to parameter #1 ($string) of type string is deprecated in APPPATH\Views\admin\vw_mapacalor.php on line 79.
 1 APPPATH\Views\admin\vw_mapacalor.php(79): ucfirst(null)
 2 SYSTEMPATH\View\View.php(226): include('C:\\xampp\\htdocs\\ecovision\\app\\Views\\admin\\vw_mapacalor.php')
 3 SYSTEMPATH\View\View.php(229): CodeIgniter\View\View->CodeIgniter\View\{closure}()
 4 SYSTEMPATH\Common.php(1167): CodeIgniter\View\View->render('admin/vw_mapacalor', [], true)
 5 APPPATH\Controllers\MapaController.php(27): view('admin/vw_mapacalor', [...])
 6 SYSTEMPATH\CodeIgniter.php(933): App\Controllers\MapaController->index()
 7 SYSTEMPATH\CodeIgniter.php(507): CodeIgniter\CodeIgniter->runController(Object(App\Controllers\MapaController))
 8 SYSTEMPATH\CodeIgniter.php(354): CodeIgniter\CodeIgniter->handleRequest(null, Object(Config\Cache), false)
 9 SYSTEMPATH\Boot.php(363): CodeIgniter\CodeIgniter->run()
10 SYSTEMPATH\Boot.php(68): CodeIgniter\Boot::runCodeIgniter(Object(CodeIgniter\CodeIgniter))
11 FCPATH\index.php(59): CodeIgniter\Boot::bootWeb(Object(Config\Paths))
WARNING - 2025-11-09 13:53:19 --> [DEPRECATED] ucfirst(): Passing null to parameter #1 ($string) of type string is deprecated in APPPATH\Views\admin\vw_mapacalor.php on line 79.
 1 APPPATH\Views\admin\vw_mapacalor.php(79): ucfirst(null)
 2 SYSTEMPATH\View\View.php(226): include('C:\\xampp\\htdocs\\ecovision\\app\\Views\\admin\\vw_mapacalor.php')
 3 SYSTEMPATH\View\View.php(229): CodeIgniter\View\View->CodeIgniter\View\{closure}()
 4 SYSTEMPATH\Common.php(1167): CodeIgniter\View\View->render('admin/vw_mapacalor', [], true)
 5 APPPATH\Controllers\MapaController.php(27): view('admin/vw_mapacalor', [...])
 6 SYSTEMPATH\CodeIgniter.php(933): App\Controllers\MapaController->index()
 7 SYSTEMPATH\CodeIgniter.php(507): CodeIgniter\CodeIgniter->runController(Object(App\Controllers\MapaController))
 8 SYSTEMPATH\CodeIgniter.php(354): CodeIgniter\CodeIgniter->handleRequest(null, Object(Config\Cache), false)
 9 SYSTEMPATH\Boot.php(363): CodeIgniter\CodeIgniter->run()
10 SYSTEMPATH\Boot.php(68): CodeIgniter\Boot::runCodeIgniter(Object(CodeIgniter\CodeIgniter))
11 FCPATH\index.php(59): CodeIgniter\Boot::bootWeb(Object(Config\Paths))
WARNING - 2025-11-09 13:53:19 --> [DEPRECATED] ucfirst(): Passing null to parameter #1 ($string) of type string is deprecated in APPPATH\Views\admin\vw_mapacalor.php on line 79.
 1 APPPATH\Views\admin\vw_mapacalor.php(79): ucfirst(null)
 2 SYSTEMPATH\View\View.php(226): include('C:\\xampp\\htdocs\\ecovision\\app\\Views\\admin\\vw_mapacalor.php')
 3 SYSTEMPATH\View\View.php(229): CodeIgniter\View\View->CodeIgniter\View\{closure}()
 4 SYSTEMPATH\Common.php(1167): CodeIgniter\View\View->render('admin/vw_mapacalor', [], true)
 5 APPPATH\Controllers\MapaController.php(27): view('admin/vw_mapacalor', [...])
 6 SYSTEMPATH\CodeIgniter.php(933): App\Controllers\MapaController->index()
 7 SYSTEMPATH\CodeIgniter.php(507): CodeIgniter\CodeIgniter->runController(Object(App\Controllers\MapaController))
 8 SYSTEMPATH\CodeIgniter.php(354): CodeIgniter\CodeIgniter->handleRequest(null, Object(Config\Cache), false)
 9 SYSTEMPATH\Boot.php(363): CodeIgniter\CodeIgniter->run()
10 SYSTEMPATH\Boot.php(68): CodeIgniter\Boot::runCodeIgniter(Object(CodeIgniter\CodeIgniter))
11 FCPATH\index.php(59): CodeIgniter\Boot::bootWeb(Object(Config\Paths))
WARNING - 2025-11-09 13:53:19 --> [DEPRECATED] ucfirst(): Passing null to parameter #1 ($string) of type string is deprecated in APPPATH\Views\admin\vw_mapacalor.php on line 79.
 1 APPPATH\Views\admin\vw_mapacalor.php(79): ucfirst(null)
 2 SYSTEMPATH\View\View.php(226): include('C:\\xampp\\htdocs\\ecovision\\app\\Views\\admin\\vw_mapacalor.php')
 3 SYSTEMPATH\View\View.php(229): CodeIgniter\View\View->CodeIgniter\View\{closure}()
 4 SYSTEMPATH\Common.php(1167): CodeIgniter\View\View->render('admin/vw_mapacalor', [], true)
 5 APPPATH\Controllers\MapaController.php(27): view('admin/vw_mapacalor', [...])
 6 SYSTEMPATH\CodeIgniter.php(933): App\Controllers\MapaController->index()
 7 SYSTEMPATH\CodeIgniter.php(507): CodeIgniter\CodeIgniter->runController(Object(App\Controllers\MapaController))
 8 SYSTEMPATH\CodeIgniter.php(354): CodeIgniter\CodeIgniter->handleRequest(null, Object(Config\Cache), false)
 9 SYSTEMPATH\Boot.php(363): CodeIgniter\CodeIgniter->run()
10 SYSTEMPATH\Boot.php(68): CodeIgniter\Boot::runCodeIgniter(Object(CodeIgniter\CodeIgniter))
11 FCPATH\index.php(59): CodeIgniter\Boot::bootWeb(Object(Config\Paths))
DEBUG - 2025-11-09 13:53:36 --> Session: Class initialized using 'CodeIgniter\Session\Handlers\FileHandler' driver.
WARNING - 2025-11-09 13:53:36 --> [DEPRECATED] ucfirst(): Passing null to parameter #1 ($string) of type string is deprecated in APPPATH\Views\admin\vw_mapacalor.php on line 54.
 1 APPPATH\Views\admin\vw_mapacalor.php(54): ucfirst(null)
 2 SYSTEMPATH\View\View.php(226): include('C:\\xampp\\htdocs\\ecovision\\app\\Views\\admin\\vw_mapacalor.php')
 3 SYSTEMPATH\View\View.php(229): CodeIgniter\View\View->CodeIgniter\View\{closure}()
 4 SYSTEMPATH\Common.php(1167): CodeIgniter\View\View->render('admin/vw_mapacalor', [], true)
 5 APPPATH\Controllers\MapaController.php(27): view('admin/vw_mapacalor', [...])
 6 SYSTEMPATH\CodeIgniter.php(933): App\Controllers\MapaController->index()
 7 SYSTEMPATH\CodeIgniter.php(507): CodeIgniter\CodeIgniter->runController(Object(App\Controllers\MapaController))
 8 SYSTEMPATH\CodeIgniter.php(354): CodeIgniter\CodeIgniter->handleRequest(null, Object(Config\Cache), false)
 9 SYSTEMPATH\Boot.php(363): CodeIgniter\CodeIgniter->run()
10 SYSTEMPATH\Boot.php(68): CodeIgniter\Boot::runCodeIgniter(Object(CodeIgniter\CodeIgniter))
11 FCPATH\index.php(59): CodeIgniter\Boot::bootWeb(Object(Config\Paths))
WARNING - 2025-11-09 13:53:36 --> [DEPRECATED] ucfirst(): Passing null to parameter #1 ($string) of type string is deprecated in APPPATH\Views\admin\vw_mapacalor.php on line 54.
 1 APPPATH\Views\admin\vw_mapacalor.php(54): ucfirst(null)
 2 SYSTEMPATH\View\View.php(226): include('C:\\xampp\\htdocs\\ecovision\\app\\Views\\admin\\vw_mapacalor.php')
 3 SYSTEMPATH\View\View.php(229): CodeIgniter\View\View->CodeIgniter\View\{closure}()
 4 SYSTEMPATH\Common.php(1167): CodeIgniter\View\View->render('admin/vw_mapacalor', [], true)
 5 APPPATH\Controllers\MapaController.php(27): view('admin/vw_mapacalor', [...])
 6 SYSTEMPATH\CodeIgniter.php(933): App\Controllers\MapaController->index()
 7 SYSTEMPATH\CodeIgniter.php(507): CodeIgniter\CodeIgniter->runController(Object(App\Controllers\MapaController))
 8 SYSTEMPATH\CodeIgniter.php(354): CodeIgniter\CodeIgniter->handleRequest(null, Object(Config\Cache), false)
 9 SYSTEMPATH\Boot.php(363): CodeIgniter\CodeIgniter->run()
10 SYSTEMPATH\Boot.php(68): CodeIgniter\Boot::runCodeIgniter(Object(CodeIgniter\CodeIgniter))
11 FCPATH\index.php(59): CodeIgniter\Boot::bootWeb(Object(Config\Paths))
WARNING - 2025-11-09 13:53:36 --> [DEPRECATED] ucfirst(): Passing null to parameter #1 ($string) of type string is deprecated in APPPATH\Views\admin\vw_mapacalor.php on line 54.
 1 APPPATH\Views\admin\vw_mapacalor.php(54): ucfirst(null)
 2 SYSTEMPATH\View\View.php(226): include('C:\\xampp\\htdocs\\ecovision\\app\\Views\\admin\\vw_mapacalor.php')
 3 SYSTEMPATH\View\View.php(229): CodeIgniter\View\View->CodeIgniter\View\{closure}()
 4 SYSTEMPATH\Common.php(1167): CodeIgniter\View\View->render('admin/vw_mapacalor', [], true)
 5 APPPATH\Controllers\MapaController.php(27): view('admin/vw_mapacalor', [...])
 6 SYSTEMPATH\CodeIgniter.php(933): App\Controllers\MapaController->index()
 7 SYSTEMPATH\CodeIgniter.php(507): CodeIgniter\CodeIgniter->runController(Object(App\Controllers\MapaController))
 8 SYSTEMPATH\CodeIgniter.php(354): CodeIgniter\CodeIgniter->handleRequest(null, Object(Config\Cache), false)
 9 SYSTEMPATH\Boot.php(363): CodeIgniter\CodeIgniter->run()
10 SYSTEMPATH\Boot.php(68): CodeIgniter\Boot::runCodeIgniter(Object(CodeIgniter\CodeIgniter))
11 FCPATH\index.php(59): CodeIgniter\Boot::bootWeb(Object(Config\Paths))
WARNING - 2025-11-09 13:53:36 --> [DEPRECATED] ucfirst(): Passing null to parameter #1 ($string) of type string is deprecated in APPPATH\Views\admin\vw_mapacalor.php on line 54.
 1 APPPATH\Views\admin\vw_mapacalor.php(54): ucfirst(null)
 2 SYSTEMPATH\View\View.php(226): include('C:\\xampp\\htdocs\\ecovision\\app\\Views\\admin\\vw_mapacalor.php')
 3 SYSTEMPATH\View\View.php(229): CodeIgniter\View\View->CodeIgniter\View\{closure}()
 4 SYSTEMPATH\Common.php(1167): CodeIgniter\View\View->render('admin/vw_mapacalor', [], true)
 5 APPPATH\Controllers\MapaController.php(27): view('admin/vw_mapacalor', [...])
 6 SYSTEMPATH\CodeIgniter.php(933): App\Controllers\MapaController->index()
 7 SYSTEMPATH\CodeIgniter.php(507): CodeIgniter\CodeIgniter->runController(Object(App\Controllers\MapaController))
 8 SYSTEMPATH\CodeIgniter.php(354): CodeIgniter\CodeIgniter->handleRequest(null, Object(Config\Cache), false)
 9 SYSTEMPATH\Boot.php(363): CodeIgniter\CodeIgniter->run()
10 SYSTEMPATH\Boot.php(68): CodeIgniter\Boot::runCodeIgniter(Object(CodeIgniter\CodeIgniter))
11 FCPATH\index.php(59): CodeIgniter\Boot::bootWeb(Object(Config\Paths))
WARNING - 2025-11-09 13:53:36 --> [DEPRECATED] ucfirst(): Passing null to parameter #1 ($string) of type string is deprecated in APPPATH\Views\admin\vw_mapacalor.php on line 54.
 1 APPPATH\Views\admin\vw_mapacalor.php(54): ucfirst(null)
 2 SYSTEMPATH\View\View.php(226): include('C:\\xampp\\htdocs\\ecovision\\app\\Views\\admin\\vw_mapacalor.php')
 3 SYSTEMPATH\View\View.php(229): CodeIgniter\View\View->CodeIgniter\View\{closure}()
 4 SYSTEMPATH\Common.php(1167): CodeIgniter\View\View->render('admin/vw_mapacalor', [], true)
 5 APPPATH\Controllers\MapaController.php(27): view('admin/vw_mapacalor', [...])
 6 SYSTEMPATH\CodeIgniter.php(933): App\Controllers\MapaController->index()
 7 SYSTEMPATH\CodeIgniter.php(507): CodeIgniter\CodeIgniter->runController(Object(App\Controllers\MapaController))
 8 SYSTEMPATH\CodeIgniter.php(354): CodeIgniter\CodeIgniter->handleRequest(null, Object(Config\Cache), false)
 9 SYSTEMPATH\Boot.php(363): CodeIgniter\CodeIgniter->run()
10 SYSTEMPATH\Boot.php(68): CodeIgniter\Boot::runCodeIgniter(Object(CodeIgniter\CodeIgniter))
11 FCPATH\index.php(59): CodeIgniter\Boot::bootWeb(Object(Config\Paths))
WARNING - 2025-11-09 13:53:36 --> [DEPRECATED] ucfirst(): Passing null to parameter #1 ($string) of type string is deprecated in APPPATH\Views\admin\vw_mapacalor.php on line 79.
 1 APPPATH\Views\admin\vw_mapacalor.php(79): ucfirst(null)
 2 SYSTEMPATH\View\View.php(226): include('C:\\xampp\\htdocs\\ecovision\\app\\Views\\admin\\vw_mapacalor.php')
 3 SYSTEMPATH\View\View.php(229): CodeIgniter\View\View->CodeIgniter\View\{closure}()
 4 SYSTEMPATH\Common.php(1167): CodeIgniter\View\View->render('admin/vw_mapacalor', [], true)
 5 APPPATH\Controllers\MapaController.php(27): view('admin/vw_mapacalor', [...])
 6 SYSTEMPATH\CodeIgniter.php(933): App\Controllers\MapaController->index()
 7 SYSTEMPATH\CodeIgniter.php(507): CodeIgniter\CodeIgniter->runController(Object(App\Controllers\MapaController))
 8 SYSTEMPATH\CodeIgniter.php(354): CodeIgniter\CodeIgniter->handleRequest(null, Object(Config\Cache), false)
 9 SYSTEMPATH\Boot.php(363): CodeIgniter\CodeIgniter->run()
10 SYSTEMPATH\Boot.php(68): CodeIgniter\Boot::runCodeIgniter(Object(CodeIgniter\CodeIgniter))
11 FCPATH\index.php(59): CodeIgniter\Boot::bootWeb(Object(Config\Paths))
WARNING - 2025-11-09 13:53:36 --> [DEPRECATED] ucfirst(): Passing null to parameter #1 ($string) of type string is deprecated in APPPATH\Views\admin\vw_mapacalor.php on line 79.
 1 APPPATH\Views\admin\vw_mapacalor.php(79): ucfirst(null)
 2 SYSTEMPATH\View\View.php(226): include('C:\\xampp\\htdocs\\ecovision\\app\\Views\\admin\\vw_mapacalor.php')
 3 SYSTEMPATH\View\View.php(229): CodeIgniter\View\View->CodeIgniter\View\{closure}()
 4 SYSTEMPATH\Common.php(1167): CodeIgniter\View\View->render('admin/vw_mapacalor', [], true)
 5 APPPATH\Controllers\MapaController.php(27): view('admin/vw_mapacalor', [...])
 6 SYSTEMPATH\CodeIgniter.php(933): App\Controllers\MapaController->index()
 7 SYSTEMPATH\CodeIgniter.php(507): CodeIgniter\CodeIgniter->runController(Object(App\Controllers\MapaController))
 8 SYSTEMPATH\CodeIgniter.php(354): CodeIgniter\CodeIgniter->handleRequest(null, Object(Config\Cache), false)
 9 SYSTEMPATH\Boot.php(363): CodeIgniter\CodeIgniter->run()
10 SYSTEMPATH\Boot.php(68): CodeIgniter\Boot::runCodeIgniter(Object(CodeIgniter\CodeIgniter))
11 FCPATH\index.php(59): CodeIgniter\Boot::bootWeb(Object(Config\Paths))
WARNING - 2025-11-09 13:53:36 --> [DEPRECATED] ucfirst(): Passing null to parameter #1 ($string) of type string is deprecated in APPPATH\Views\admin\vw_mapacalor.php on line 79.
 1 APPPATH\Views\admin\vw_mapacalor.php(79): ucfirst(null)
 2 SYSTEMPATH\View\View.php(226): include('C:\\xampp\\htdocs\\ecovision\\app\\Views\\admin\\vw_mapacalor.php')
 3 SYSTEMPATH\View\View.php(229): CodeIgniter\View\View->CodeIgniter\View\{closure}()
 4 SYSTEMPATH\Common.php(1167): CodeIgniter\View\View->render('admin/vw_mapacalor', [], true)
 5 APPPATH\Controllers\MapaController.php(27): view('admin/vw_mapacalor', [...])
 6 SYSTEMPATH\CodeIgniter.php(933): App\Controllers\MapaController->index()
 7 SYSTEMPATH\CodeIgniter.php(507): CodeIgniter\CodeIgniter->runController(Object(App\Controllers\MapaController))
 8 SYSTEMPATH\CodeIgniter.php(354): CodeIgniter\CodeIgniter->handleRequest(null, Object(Config\Cache), false)
 9 SYSTEMPATH\Boot.php(363): CodeIgniter\CodeIgniter->run()
10 SYSTEMPATH\Boot.php(68): CodeIgniter\Boot::runCodeIgniter(Object(CodeIgniter\CodeIgniter))
11 FCPATH\index.php(59): CodeIgniter\Boot::bootWeb(Object(Config\Paths))
WARNING - 2025-11-09 13:53:36 --> [DEPRECATED] ucfirst(): Passing null to parameter #1 ($string) of type string is deprecated in APPPATH\Views\admin\vw_mapacalor.php on line 79.
 1 APPPATH\Views\admin\vw_mapacalor.php(79): ucfirst(null)
 2 SYSTEMPATH\View\View.php(226): include('C:\\xampp\\htdocs\\ecovision\\app\\Views\\admin\\vw_mapacalor.php')
 3 SYSTEMPATH\View\View.php(229): CodeIgniter\View\View->CodeIgniter\View\{closure}()
 4 SYSTEMPATH\Common.php(1167): CodeIgniter\View\View->render('admin/vw_mapacalor', [], true)
 5 APPPATH\Controllers\MapaController.php(27): view('admin/vw_mapacalor', [...])
 6 SYSTEMPATH\CodeIgniter.php(933): App\Controllers\MapaController->index()
 7 SYSTEMPATH\CodeIgniter.php(507): CodeIgniter\CodeIgniter->runController(Object(App\Controllers\MapaController))
 8 SYSTEMPATH\CodeIgniter.php(354): CodeIgniter\CodeIgniter->handleRequest(null, Object(Config\Cache), false)
 9 SYSTEMPATH\Boot.php(363): CodeIgniter\CodeIgniter->run()
10 SYSTEMPATH\Boot.php(68): CodeIgniter\Boot::runCodeIgniter(Object(CodeIgniter\CodeIgniter))
11 FCPATH\index.php(59): CodeIgniter\Boot::bootWeb(Object(Config\Paths))
WARNING - 2025-11-09 13:53:36 --> [DEPRECATED] ucfirst(): Passing null to parameter #1 ($string) of type string is deprecated in APPPATH\Views\admin\vw_mapacalor.php on line 79.
 1 APPPATH\Views\admin\vw_mapacalor.php(79): ucfirst(null)
 2 SYSTEMPATH\View\View.php(226): include('C:\\xampp\\htdocs\\ecovision\\app\\Views\\admin\\vw_mapacalor.php')
 3 SYSTEMPATH\View\View.php(229): CodeIgniter\View\View->CodeIgniter\View\{closure}()
 4 SYSTEMPATH\Common.php(1167): CodeIgniter\View\View->render('admin/vw_mapacalor', [], true)
 5 APPPATH\Controllers\MapaController.php(27): view('admin/vw_mapacalor', [...])
 6 SYSTEMPATH\CodeIgniter.php(933): App\Controllers\MapaController->index()
 7 SYSTEMPATH\CodeIgniter.php(507): CodeIgniter\CodeIgniter->runController(Object(App\Controllers\MapaController))
 8 SYSTEMPATH\CodeIgniter.php(354): CodeIgniter\CodeIgniter->handleRequest(null, Object(Config\Cache), false)
 9 SYSTEMPATH\Boot.php(363): CodeIgniter\CodeIgniter->run()
10 SYSTEMPATH\Boot.php(68): CodeIgniter\Boot::runCodeIgniter(Object(CodeIgniter\CodeIgniter))
11 FCPATH\index.php(59): CodeIgniter\Boot::bootWeb(Object(Config\Paths))
DEBUG - 2025-11-09 13:53:37 --> Session: Class initialized using 'CodeIgniter\Session\Handlers\FileHandler' driver.
WARNING - 2025-11-09 13:53:37 --> [DEPRECATED] ucfirst(): Passing null to parameter #1 ($string) of type string is deprecated in APPPATH\Views\admin\vw_mapacalor.php on line 54.
 1 APPPATH\Views\admin\vw_mapacalor.php(54): ucfirst(null)
 2 SYSTEMPATH\View\View.php(226): include('C:\\xampp\\htdocs\\ecovision\\app\\Views\\admin\\vw_mapacalor.php')
 3 SYSTEMPATH\View\View.php(229): CodeIgniter\View\View->CodeIgniter\View\{closure}()
 4 SYSTEMPATH\Common.php(1167): CodeIgniter\View\View->render('admin/vw_mapacalor', [], true)
 5 APPPATH\Controllers\MapaController.php(27): view('admin/vw_mapacalor', [...])
 6 SYSTEMPATH\CodeIgniter.php(933): App\Controllers\MapaController->index()
 7 SYSTEMPATH\CodeIgniter.php(507): CodeIgniter\CodeIgniter->runController(Object(App\Controllers\MapaController))
 8 SYSTEMPATH\CodeIgniter.php(354): CodeIgniter\CodeIgniter->handleRequest(null, Object(Config\Cache), false)
 9 SYSTEMPATH\Boot.php(363): CodeIgniter\CodeIgniter->run()
10 SYSTEMPATH\Boot.php(68): CodeIgniter\Boot::runCodeIgniter(Object(CodeIgniter\CodeIgniter))
11 FCPATH\index.php(59): CodeIgniter\Boot::bootWeb(Object(Config\Paths))
WARNING - 2025-11-09 13:53:37 --> [DEPRECATED] ucfirst(): Passing null to parameter #1 ($string) of type string is deprecated in APPPATH\Views\admin\vw_mapacalor.php on line 54.
 1 APPPATH\Views\admin\vw_mapacalor.php(54): ucfirst(null)
 2 SYSTEMPATH\View\View.php(226): include('C:\\xampp\\htdocs\\ecovision\\app\\Views\\admin\\vw_mapacalor.php')
 3 SYSTEMPATH\View\View.php(229): CodeIgniter\View\View->CodeIgniter\View\{closure}()
 4 SYSTEMPATH\Common.php(1167): CodeIgniter\View\View->render('admin/vw_mapacalor', [], true)
 5 APPPATH\Controllers\MapaController.php(27): view('admin/vw_mapacalor', [...])
 6 SYSTEMPATH\CodeIgniter.php(933): App\Controllers\MapaController->index()
 7 SYSTEMPATH\CodeIgniter.php(507): CodeIgniter\CodeIgniter->runController(Object(App\Controllers\MapaController))
 8 SYSTEMPATH\CodeIgniter.php(354): CodeIgniter\CodeIgniter->handleRequest(null, Object(Config\Cache), false)
 9 SYSTEMPATH\Boot.php(363): CodeIgniter\CodeIgniter->run()
10 SYSTEMPATH\Boot.php(68): CodeIgniter\Boot::runCodeIgniter(Object(CodeIgniter\CodeIgniter))
11 FCPATH\index.php(59): CodeIgniter\Boot::bootWeb(Object(Config\Paths))
WARNING - 2025-11-09 13:53:37 --> [DEPRECATED] ucfirst(): Passing null to parameter #1 ($string) of type string is deprecated in APPPATH\Views\admin\vw_mapacalor.php on line 54.
 1 APPPATH\Views\admin\vw_mapacalor.php(54): ucfirst(null)
 2 SYSTEMPATH\View\View.php(226): include('C:\\xampp\\htdocs\\ecovision\\app\\Views\\admin\\vw_mapacalor.php')
 3 SYSTEMPATH\View\View.php(229): CodeIgniter\View\View->CodeIgniter\View\{closure}()
 4 SYSTEMPATH\Common.php(1167): CodeIgniter\View\View->render('admin/vw_mapacalor', [], true)
 5 APPPATH\Controllers\MapaController.php(27): view('admin/vw_mapacalor', [...])
 6 SYSTEMPATH\CodeIgniter.php(933): App\Controllers\MapaController->index()
 7 SYSTEMPATH\CodeIgniter.php(507): CodeIgniter\CodeIgniter->runController(Object(App\Controllers\MapaController))
 8 SYSTEMPATH\CodeIgniter.php(354): CodeIgniter\CodeIgniter->handleRequest(null, Object(Config\Cache), false)
 9 SYSTEMPATH\Boot.php(363): CodeIgniter\CodeIgniter->run()
10 SYSTEMPATH\Boot.php(68): CodeIgniter\Boot::runCodeIgniter(Object(CodeIgniter\CodeIgniter))
11 FCPATH\index.php(59): CodeIgniter\Boot::bootWeb(Object(Config\Paths))
WARNING - 2025-11-09 13:53:37 --> [DEPRECATED] ucfirst(): Passing null to parameter #1 ($string) of type string is deprecated in APPPATH\Views\admin\vw_mapacalor.php on line 54.
 1 APPPATH\Views\admin\vw_mapacalor.php(54): ucfirst(null)
 2 SYSTEMPATH\View\View.php(226): include('C:\\xampp\\htdocs\\ecovision\\app\\Views\\admin\\vw_mapacalor.php')
 3 SYSTEMPATH\View\View.php(229): CodeIgniter\View\View->CodeIgniter\View\{closure}()
 4 SYSTEMPATH\Common.php(1167): CodeIgniter\View\View->render('admin/vw_mapacalor', [], true)
 5 APPPATH\Controllers\MapaController.php(27): view('admin/vw_mapacalor', [...])
 6 SYSTEMPATH\CodeIgniter.php(933): App\Controllers\MapaController->index()
 7 SYSTEMPATH\CodeIgniter.php(507): CodeIgniter\CodeIgniter->runController(Object(App\Controllers\MapaController))
 8 SYSTEMPATH\CodeIgniter.php(354): CodeIgniter\CodeIgniter->handleRequest(null, Object(Config\Cache), false)
 9 SYSTEMPATH\Boot.php(363): CodeIgniter\CodeIgniter->run()
10 SYSTEMPATH\Boot.php(68): CodeIgniter\Boot::runCodeIgniter(Object(CodeIgniter\CodeIgniter))
11 FCPATH\index.php(59): CodeIgniter\Boot::bootWeb(Object(Config\Paths))
WARNING - 2025-11-09 13:53:37 --> [DEPRECATED] ucfirst(): Passing null to parameter #1 ($string) of type string is deprecated in APPPATH\Views\admin\vw_mapacalor.php on line 54.
 1 APPPATH\Views\admin\vw_mapacalor.php(54): ucfirst(null)
 2 SYSTEMPATH\View\View.php(226): include('C:\\xampp\\htdocs\\ecovision\\app\\Views\\admin\\vw_mapacalor.php')
 3 SYSTEMPATH\View\View.php(229): CodeIgniter\View\View->CodeIgniter\View\{closure}()
 4 SYSTEMPATH\Common.php(1167): CodeIgniter\View\View->render('admin/vw_mapacalor', [], true)
 5 APPPATH\Controllers\MapaController.php(27): view('admin/vw_mapacalor', [...])
 6 SYSTEMPATH\CodeIgniter.php(933): App\Controllers\MapaController->index()
 7 SYSTEMPATH\CodeIgniter.php(507): CodeIgniter\CodeIgniter->runController(Object(App\Controllers\MapaController))
 8 SYSTEMPATH\CodeIgniter.php(354): CodeIgniter\CodeIgniter->handleRequest(null, Object(Config\Cache), false)
 9 SYSTEMPATH\Boot.php(363): CodeIgniter\CodeIgniter->run()
10 SYSTEMPATH\Boot.php(68): CodeIgniter\Boot::runCodeIgniter(Object(CodeIgniter\CodeIgniter))
11 FCPATH\index.php(59): CodeIgniter\Boot::bootWeb(Object(Config\Paths))
WARNING - 2025-11-09 13:53:37 --> [DEPRECATED] ucfirst(): Passing null to parameter #1 ($string) of type string is deprecated in APPPATH\Views\admin\vw_mapacalor.php on line 79.
 1 APPPATH\Views\admin\vw_mapacalor.php(79): ucfirst(null)
 2 SYSTEMPATH\View\View.php(226): include('C:\\xampp\\htdocs\\ecovision\\app\\Views\\admin\\vw_mapacalor.php')
 3 SYSTEMPATH\View\View.php(229): CodeIgniter\View\View->CodeIgniter\View\{closure}()
 4 SYSTEMPATH\Common.php(1167): CodeIgniter\View\View->render('admin/vw_mapacalor', [], true)
 5 APPPATH\Controllers\MapaController.php(27): view('admin/vw_mapacalor', [...])
 6 SYSTEMPATH\CodeIgniter.php(933): App\Controllers\MapaController->index()
 7 SYSTEMPATH\CodeIgniter.php(507): CodeIgniter\CodeIgniter->runController(Object(App\Controllers\MapaController))
 8 SYSTEMPATH\CodeIgniter.php(354): CodeIgniter\CodeIgniter->handleRequest(null, Object(Config\Cache), false)
 9 SYSTEMPATH\Boot.php(363): CodeIgniter\CodeIgniter->run()
10 SYSTEMPATH\Boot.php(68): CodeIgniter\Boot::runCodeIgniter(Object(CodeIgniter\CodeIgniter))
11 FCPATH\index.php(59): CodeIgniter\Boot::bootWeb(Object(Config\Paths))
WARNING - 2025-11-09 13:53:37 --> [DEPRECATED] ucfirst(): Passing null to parameter #1 ($string) of type string is deprecated in APPPATH\Views\admin\vw_mapacalor.php on line 79.
 1 APPPATH\Views\admin\vw_mapacalor.php(79): ucfirst(null)
 2 SYSTEMPATH\View\View.php(226): include('C:\\xampp\\htdocs\\ecovision\\app\\Views\\admin\\vw_mapacalor.php')
 3 SYSTEMPATH\View\View.php(229): CodeIgniter\View\View->CodeIgniter\View\{closure}()
 4 SYSTEMPATH\Common.php(1167): CodeIgniter\View\View->render('admin/vw_mapacalor', [], true)
 5 APPPATH\Controllers\MapaController.php(27): view('admin/vw_mapacalor', [...])
 6 SYSTEMPATH\CodeIgniter.php(933): App\Controllers\MapaController->index()
 7 SYSTEMPATH\CodeIgniter.php(507): CodeIgniter\CodeIgniter->runController(Object(App\Controllers\MapaController))
 8 SYSTEMPATH\CodeIgniter.php(354): CodeIgniter\CodeIgniter->handleRequest(null, Object(Config\Cache), false)
 9 SYSTEMPATH\Boot.php(363): CodeIgniter\CodeIgniter->run()
10 SYSTEMPATH\Boot.php(68): CodeIgniter\Boot::runCodeIgniter(Object(CodeIgniter\CodeIgniter))
11 FCPATH\index.php(59): CodeIgniter\Boot::bootWeb(Object(Config\Paths))
WARNING - 2025-11-09 13:53:37 --> [DEPRECATED] ucfirst(): Passing null to parameter #1 ($string) of type string is deprecated in APPPATH\Views\admin\vw_mapacalor.php on line 79.
 1 APPPATH\Views\admin\vw_mapacalor.php(79): ucfirst(null)
 2 SYSTEMPATH\View\View.php(226): include('C:\\xampp\\htdocs\\ecovision\\app\\Views\\admin\\vw_mapacalor.php')
 3 SYSTEMPATH\View\View.php(229): CodeIgniter\View\View->CodeIgniter\View\{closure}()
 4 SYSTEMPATH\Common.php(1167): CodeIgniter\View\View->render('admin/vw_mapacalor', [], true)
 5 APPPATH\Controllers\MapaController.php(27): view('admin/vw_mapacalor', [...])
 6 SYSTEMPATH\CodeIgniter.php(933): App\Controllers\MapaController->index()
 7 SYSTEMPATH\CodeIgniter.php(507): CodeIgniter\CodeIgniter->runController(Object(App\Controllers\MapaController))
 8 SYSTEMPATH\CodeIgniter.php(354): CodeIgniter\CodeIgniter->handleRequest(null, Object(Config\Cache), false)
 9 SYSTEMPATH\Boot.php(363): CodeIgniter\CodeIgniter->run()
10 SYSTEMPATH\Boot.php(68): CodeIgniter\Boot::runCodeIgniter(Object(CodeIgniter\CodeIgniter))
11 FCPATH\index.php(59): CodeIgniter\Boot::bootWeb(Object(Config\Paths))
WARNING - 2025-11-09 13:53:37 --> [DEPRECATED] ucfirst(): Passing null to parameter #1 ($string) of type string is deprecated in APPPATH\Views\admin\vw_mapacalor.php on line 79.
 1 APPPATH\Views\admin\vw_mapacalor.php(79): ucfirst(null)
 2 SYSTEMPATH\View\View.php(226): include('C:\\xampp\\htdocs\\ecovision\\app\\Views\\admin\\vw_mapacalor.php')
 3 SYSTEMPATH\View\View.php(229): CodeIgniter\View\View->CodeIgniter\View\{closure}()
 4 SYSTEMPATH\Common.php(1167): CodeIgniter\View\View->render('admin/vw_mapacalor', [], true)
 5 APPPATH\Controllers\MapaController.php(27): view('admin/vw_mapacalor', [...])
 6 SYSTEMPATH\CodeIgniter.php(933): App\Controllers\MapaController->index()
 7 SYSTEMPATH\CodeIgniter.php(507): CodeIgniter\CodeIgniter->runController(Object(App\Controllers\MapaController))
 8 SYSTEMPATH\CodeIgniter.php(354): CodeIgniter\CodeIgniter->handleRequest(null, Object(Config\Cache), false)
 9 SYSTEMPATH\Boot.php(363): CodeIgniter\CodeIgniter->run()
10 SYSTEMPATH\Boot.php(68): CodeIgniter\Boot::runCodeIgniter(Object(CodeIgniter\CodeIgniter))
11 FCPATH\index.php(59): CodeIgniter\Boot::bootWeb(Object(Config\Paths))
WARNING - 2025-11-09 13:53:37 --> [DEPRECATED] ucfirst(): Passing null to parameter #1 ($string) of type string is deprecated in APPPATH\Views\admin\vw_mapacalor.php on line 79.
 1 APPPATH\Views\admin\vw_mapacalor.php(79): ucfirst(null)
 2 SYSTEMPATH\View\View.php(226): include('C:\\xampp\\htdocs\\ecovision\\app\\Views\\admin\\vw_mapacalor.php')
 3 SYSTEMPATH\View\View.php(229): CodeIgniter\View\View->CodeIgniter\View\{closure}()
 4 SYSTEMPATH\Common.php(1167): CodeIgniter\View\View->render('admin/vw_mapacalor', [], true)
 5 APPPATH\Controllers\MapaController.php(27): view('admin/vw_mapacalor', [...])
 6 SYSTEMPATH\CodeIgniter.php(933): App\Controllers\MapaController->index()
 7 SYSTEMPATH\CodeIgniter.php(507): CodeIgniter\CodeIgniter->runController(Object(App\Controllers\MapaController))
 8 SYSTEMPATH\CodeIgniter.php(354): CodeIgniter\CodeIgniter->handleRequest(null, Object(Config\Cache), false)
 9 SYSTEMPATH\Boot.php(363): CodeIgniter\CodeIgniter->run()
10 SYSTEMPATH\Boot.php(68): CodeIgniter\Boot::runCodeIgniter(Object(CodeIgniter\CodeIgniter))
11 FCPATH\index.php(59): CodeIgniter\Boot::bootWeb(Object(Config\Paths))
DEBUG - 2025-11-09 13:53:52 --> Session: Class initialized using 'CodeIgniter\Session\Handlers\FileHandler' driver.
WARNING - 2025-11-09 13:53:52 --> [DEPRECATED] ucfirst(): Passing null to parameter #1 ($string) of type string is deprecated in APPPATH\Views\admin\vw_mapacalor.php on line 54.
 1 APPPATH\Views\admin\vw_mapacalor.php(54): ucfirst(null)
 2 SYSTEMPATH\View\View.php(226): include('C:\\xampp\\htdocs\\ecovision\\app\\Views\\admin\\vw_mapacalor.php')
 3 SYSTEMPATH\View\View.php(229): CodeIgniter\View\View->CodeIgniter\View\{closure}()
 4 SYSTEMPATH\Common.php(1167): CodeIgniter\View\View->render('admin/vw_mapacalor', [], true)
 5 APPPATH\Controllers\MapaController.php(27): view('admin/vw_mapacalor', [...])
 6 SYSTEMPATH\CodeIgniter.php(933): App\Controllers\MapaController->index()
 7 SYSTEMPATH\CodeIgniter.php(507): CodeIgniter\CodeIgniter->runController(Object(App\Controllers\MapaController))
 8 SYSTEMPATH\CodeIgniter.php(354): CodeIgniter\CodeIgniter->handleRequest(null, Object(Config\Cache), false)
 9 SYSTEMPATH\Boot.php(363): CodeIgniter\CodeIgniter->run()
10 SYSTEMPATH\Boot.php(68): CodeIgniter\Boot::runCodeIgniter(Object(CodeIgniter\CodeIgniter))
11 FCPATH\index.php(59): CodeIgniter\Boot::bootWeb(Object(Config\Paths))
WARNING - 2025-11-09 13:53:52 --> [DEPRECATED] ucfirst(): Passing null to parameter #1 ($string) of type string is deprecated in APPPATH\Views\admin\vw_mapacalor.php on line 54.
 1 APPPATH\Views\admin\vw_mapacalor.php(54): ucfirst(null)
 2 SYSTEMPATH\View\View.php(226): include('C:\\xampp\\htdocs\\ecovision\\app\\Views\\admin\\vw_mapacalor.php')
 3 SYSTEMPATH\View\View.php(229): CodeIgniter\View\View->CodeIgniter\View\{closure}()
 4 SYSTEMPATH\Common.php(1167): CodeIgniter\View\View->render('admin/vw_mapacalor', [], true)
 5 APPPATH\Controllers\MapaController.php(27): view('admin/vw_mapacalor', [...])
 6 SYSTEMPATH\CodeIgniter.php(933): App\Controllers\MapaController->index()
 7 SYSTEMPATH\CodeIgniter.php(507): CodeIgniter\CodeIgniter->runController(Object(App\Controllers\MapaController))
 8 SYSTEMPATH\CodeIgniter.php(354): CodeIgniter\CodeIgniter->handleRequest(null, Object(Config\Cache), false)
 9 SYSTEMPATH\Boot.php(363): CodeIgniter\CodeIgniter->run()
10 SYSTEMPATH\Boot.php(68): CodeIgniter\Boot::runCodeIgniter(Object(CodeIgniter\CodeIgniter))
11 FCPATH\index.php(59): CodeIgniter\Boot::bootWeb(Object(Config\Paths))
WARNING - 2025-11-09 13:53:52 --> [DEPRECATED] ucfirst(): Passing null to parameter #1 ($string) of type string is deprecated in APPPATH\Views\admin\vw_mapacalor.php on line 54.
 1 APPPATH\Views\admin\vw_mapacalor.php(54): ucfirst(null)
 2 SYSTEMPATH\View\View.php(226): include('C:\\xampp\\htdocs\\ecovision\\app\\Views\\admin\\vw_mapacalor.php')
 3 SYSTEMPATH\View\View.php(229): CodeIgniter\View\View->CodeIgniter\View\{closure}()
 4 SYSTEMPATH\Common.php(1167): CodeIgniter\View\View->render('admin/vw_mapacalor', [], true)
 5 APPPATH\Controllers\MapaController.php(27): view('admin/vw_mapacalor', [...])
 6 SYSTEMPATH\CodeIgniter.php(933): App\Controllers\MapaController->index()
 7 SYSTEMPATH\CodeIgniter.php(507): CodeIgniter\CodeIgniter->runController(Object(App\Controllers\MapaController))
 8 SYSTEMPATH\CodeIgniter.php(354): CodeIgniter\CodeIgniter->handleRequest(null, Object(Config\Cache), false)
 9 SYSTEMPATH\Boot.php(363): CodeIgniter\CodeIgniter->run()
10 SYSTEMPATH\Boot.php(68): CodeIgniter\Boot::runCodeIgniter(Object(CodeIgniter\CodeIgniter))
11 FCPATH\index.php(59): CodeIgniter\Boot::bootWeb(Object(Config\Paths))
WARNING - 2025-11-09 13:53:52 --> [DEPRECATED] ucfirst(): Passing null to parameter #1 ($string) of type string is deprecated in APPPATH\Views\admin\vw_mapacalor.php on line 54.
 1 APPPATH\Views\admin\vw_mapacalor.php(54): ucfirst(null)
 2 SYSTEMPATH\View\View.php(226): include('C:\\xampp\\htdocs\\ecovision\\app\\Views\\admin\\vw_mapacalor.php')
 3 SYSTEMPATH\View\View.php(229): CodeIgniter\View\View->CodeIgniter\View\{closure}()
 4 SYSTEMPATH\Common.php(1167): CodeIgniter\View\View->render('admin/vw_mapacalor', [], true)
 5 APPPATH\Controllers\MapaController.php(27): view('admin/vw_mapacalor', [...])
 6 SYSTEMPATH\CodeIgniter.php(933): App\Controllers\MapaController->index()
 7 SYSTEMPATH\CodeIgniter.php(507): CodeIgniter\CodeIgniter->runController(Object(App\Controllers\MapaController))
 8 SYSTEMPATH\CodeIgniter.php(354): CodeIgniter\CodeIgniter->handleRequest(null, Object(Config\Cache), false)
 9 SYSTEMPATH\Boot.php(363): CodeIgniter\CodeIgniter->run()
10 SYSTEMPATH\Boot.php(68): CodeIgniter\Boot::runCodeIgniter(Object(CodeIgniter\CodeIgniter))
11 FCPATH\index.php(59): CodeIgniter\Boot::bootWeb(Object(Config\Paths))
WARNING - 2025-11-09 13:53:52 --> [DEPRECATED] ucfirst(): Passing null to parameter #1 ($string) of type string is deprecated in APPPATH\Views\admin\vw_mapacalor.php on line 54.
 1 APPPATH\Views\admin\vw_mapacalor.php(54): ucfirst(null)
 2 SYSTEMPATH\View\View.php(226): include('C:\\xampp\\htdocs\\ecovision\\app\\Views\\admin\\vw_mapacalor.php')
 3 SYSTEMPATH\View\View.php(229): CodeIgniter\View\View->CodeIgniter\View\{closure}()
 4 SYSTEMPATH\Common.php(1167): CodeIgniter\View\View->render('admin/vw_mapacalor', [], true)
 5 APPPATH\Controllers\MapaController.php(27): view('admin/vw_mapacalor', [...])
 6 SYSTEMPATH\CodeIgniter.php(933): App\Controllers\MapaController->index()
 7 SYSTEMPATH\CodeIgniter.php(507): CodeIgniter\CodeIgniter->runController(Object(App\Controllers\MapaController))
 8 SYSTEMPATH\CodeIgniter.php(354): CodeIgniter\CodeIgniter->handleRequest(null, Object(Config\Cache), false)
 9 SYSTEMPATH\Boot.php(363): CodeIgniter\CodeIgniter->run()
10 SYSTEMPATH\Boot.php(68): CodeIgniter\Boot::runCodeIgniter(Object(CodeIgniter\CodeIgniter))
11 FCPATH\index.php(59): CodeIgniter\Boot::bootWeb(Object(Config\Paths))
WARNING - 2025-11-09 13:53:52 --> [DEPRECATED] ucfirst(): Passing null to parameter #1 ($string) of type string is deprecated in APPPATH\Views\admin\vw_mapacalor.php on line 79.
 1 APPPATH\Views\admin\vw_mapacalor.php(79): ucfirst(null)
 2 SYSTEMPATH\View\View.php(226): include('C:\\xampp\\htdocs\\ecovision\\app\\Views\\admin\\vw_mapacalor.php')
 3 SYSTEMPATH\View\View.php(229): CodeIgniter\View\View->CodeIgniter\View\{closure}()
 4 SYSTEMPATH\Common.php(1167): CodeIgniter\View\View->render('admin/vw_mapacalor', [], true)
 5 APPPATH\Controllers\MapaController.php(27): view('admin/vw_mapacalor', [...])
 6 SYSTEMPATH\CodeIgniter.php(933): App\Controllers\MapaController->index()
 7 SYSTEMPATH\CodeIgniter.php(507): CodeIgniter\CodeIgniter->runController(Object(App\Controllers\MapaController))
 8 SYSTEMPATH\CodeIgniter.php(354): CodeIgniter\CodeIgniter->handleRequest(null, Object(Config\Cache), false)
 9 SYSTEMPATH\Boot.php(363): CodeIgniter\CodeIgniter->run()
10 SYSTEMPATH\Boot.php(68): CodeIgniter\Boot::runCodeIgniter(Object(CodeIgniter\CodeIgniter))
11 FCPATH\index.php(59): CodeIgniter\Boot::bootWeb(Object(Config\Paths))
WARNING - 2025-11-09 13:53:52 --> [DEPRECATED] ucfirst(): Passing null to parameter #1 ($string) of type string is deprecated in APPPATH\Views\admin\vw_mapacalor.php on line 79.
 1 APPPATH\Views\admin\vw_mapacalor.php(79): ucfirst(null)
 2 SYSTEMPATH\View\View.php(226): include('C:\\xampp\\htdocs\\ecovision\\app\\Views\\admin\\vw_mapacalor.php')
 3 SYSTEMPATH\View\View.php(229): CodeIgniter\View\View->CodeIgniter\View\{closure}()
 4 SYSTEMPATH\Common.php(1167): CodeIgniter\View\View->render('admin/vw_mapacalor', [], true)
 5 APPPATH\Controllers\MapaController.php(27): view('admin/vw_mapacalor', [...])
 6 SYSTEMPATH\CodeIgniter.php(933): App\Controllers\MapaController->index()
 7 SYSTEMPATH\CodeIgniter.php(507): CodeIgniter\CodeIgniter->runController(Object(App\Controllers\MapaController))
 8 SYSTEMPATH\CodeIgniter.php(354): CodeIgniter\CodeIgniter->handleRequest(null, Object(Config\Cache), false)
 9 SYSTEMPATH\Boot.php(363): CodeIgniter\CodeIgniter->run()
10 SYSTEMPATH\Boot.php(68): CodeIgniter\Boot::runCodeIgniter(Object(CodeIgniter\CodeIgniter))
11 FCPATH\index.php(59): CodeIgniter\Boot::bootWeb(Object(Config\Paths))
WARNING - 2025-11-09 13:53:52 --> [DEPRECATED] ucfirst(): Passing null to parameter #1 ($string) of type string is deprecated in APPPATH\Views\admin\vw_mapacalor.php on line 79.
 1 APPPATH\Views\admin\vw_mapacalor.php(79): ucfirst(null)
 2 SYSTEMPATH\View\View.php(226): include('C:\\xampp\\htdocs\\ecovision\\app\\Views\\admin\\vw_mapacalor.php')
 3 SYSTEMPATH\View\View.php(229): CodeIgniter\View\View->CodeIgniter\View\{closure}()
 4 SYSTEMPATH\Common.php(1167): CodeIgniter\View\View->render('admin/vw_mapacalor', [], true)
 5 APPPATH\Controllers\MapaController.php(27): view('admin/vw_mapacalor', [...])
 6 SYSTEMPATH\CodeIgniter.php(933): App\Controllers\MapaController->index()
 7 SYSTEMPATH\CodeIgniter.php(507): CodeIgniter\CodeIgniter->runController(Object(App\Controllers\MapaController))
 8 SYSTEMPATH\CodeIgniter.php(354): CodeIgniter\CodeIgniter->handleRequest(null, Object(Config\Cache), false)
 9 SYSTEMPATH\Boot.php(363): CodeIgniter\CodeIgniter->run()
10 SYSTEMPATH\Boot.php(68): CodeIgniter\Boot::runCodeIgniter(Object(CodeIgniter\CodeIgniter))
11 FCPATH\index.php(59): CodeIgniter\Boot::bootWeb(Object(Config\Paths))
WARNING - 2025-11-09 13:53:52 --> [DEPRECATED] ucfirst(): Passing null to parameter #1 ($string) of type string is deprecated in APPPATH\Views\admin\vw_mapacalor.php on line 79.
 1 APPPATH\Views\admin\vw_mapacalor.php(79): ucfirst(null)
 2 SYSTEMPATH\View\View.php(226): include('C:\\xampp\\htdocs\\ecovision\\app\\Views\\admin\\vw_mapacalor.php')
 3 SYSTEMPATH\View\View.php(229): CodeIgniter\View\View->CodeIgniter\View\{closure}()
 4 SYSTEMPATH\Common.php(1167): CodeIgniter\View\View->render('admin/vw_mapacalor', [], true)
 5 APPPATH\Controllers\MapaController.php(27): view('admin/vw_mapacalor', [...])
 6 SYSTEMPATH\CodeIgniter.php(933): App\Controllers\MapaController->index()
 7 SYSTEMPATH\CodeIgniter.php(507): CodeIgniter\CodeIgniter->runController(Object(App\Controllers\MapaController))
 8 SYSTEMPATH\CodeIgniter.php(354): CodeIgniter\CodeIgniter->handleRequest(null, Object(Config\Cache), false)
 9 SYSTEMPATH\Boot.php(363): CodeIgniter\CodeIgniter->run()
10 SYSTEMPATH\Boot.php(68): CodeIgniter\Boot::runCodeIgniter(Object(CodeIgniter\CodeIgniter))
11 FCPATH\index.php(59): CodeIgniter\Boot::bootWeb(Object(Config\Paths))
WARNING - 2025-11-09 13:53:52 --> [DEPRECATED] ucfirst(): Passing null to parameter #1 ($string) of type string is deprecated in APPPATH\Views\admin\vw_mapacalor.php on line 79.
 1 APPPATH\Views\admin\vw_mapacalor.php(79): ucfirst(null)
 2 SYSTEMPATH\View\View.php(226): include('C:\\xampp\\htdocs\\ecovision\\app\\Views\\admin\\vw_mapacalor.php')
 3 SYSTEMPATH\View\View.php(229): CodeIgniter\View\View->CodeIgniter\View\{closure}()
 4 SYSTEMPATH\Common.php(1167): CodeIgniter\View\View->render('admin/vw_mapacalor', [], true)
 5 APPPATH\Controllers\MapaController.php(27): view('admin/vw_mapacalor', [...])
 6 SYSTEMPATH\CodeIgniter.php(933): App\Controllers\MapaController->index()
 7 SYSTEMPATH\CodeIgniter.php(507): CodeIgniter\CodeIgniter->runController(Object(App\Controllers\MapaController))
 8 SYSTEMPATH\CodeIgniter.php(354): CodeIgniter\CodeIgniter->handleRequest(null, Object(Config\Cache), false)
 9 SYSTEMPATH\Boot.php(363): CodeIgniter\CodeIgniter->run()
10 SYSTEMPATH\Boot.php(68): CodeIgniter\Boot::runCodeIgniter(Object(CodeIgniter\CodeIgniter))
11 FCPATH\index.php(59): CodeIgniter\Boot::bootWeb(Object(Config\Paths))
DEBUG - 2025-11-09 13:53:54 --> Session: Class initialized using 'CodeIgniter\Session\Handlers\FileHandler' driver.
WARNING - 2025-11-09 13:53:54 --> [DEPRECATED] ucfirst(): Passing null to parameter #1 ($string) of type string is deprecated in APPPATH\Views\admin\vw_mapacalor.php on line 54.
 1 APPPATH\Views\admin\vw_mapacalor.php(54): ucfirst(null)
 2 SYSTEMPATH\View\View.php(226): include('C:\\xampp\\htdocs\\ecovision\\app\\Views\\admin\\vw_mapacalor.php')
 3 SYSTEMPATH\View\View.php(229): CodeIgniter\View\View->CodeIgniter\View\{closure}()
 4 SYSTEMPATH\Common.php(1167): CodeIgniter\View\View->render('admin/vw_mapacalor', [], true)
 5 APPPATH\Controllers\MapaController.php(27): view('admin/vw_mapacalor', [...])
 6 SYSTEMPATH\CodeIgniter.php(933): App\Controllers\MapaController->index()
 7 SYSTEMPATH\CodeIgniter.php(507): CodeIgniter\CodeIgniter->runController(Object(App\Controllers\MapaController))
 8 SYSTEMPATH\CodeIgniter.php(354): CodeIgniter\CodeIgniter->handleRequest(null, Object(Config\Cache), false)
 9 SYSTEMPATH\Boot.php(363): CodeIgniter\CodeIgniter->run()
10 SYSTEMPATH\Boot.php(68): CodeIgniter\Boot::runCodeIgniter(Object(CodeIgniter\CodeIgniter))
11 FCPATH\index.php(59): CodeIgniter\Boot::bootWeb(Object(Config\Paths))
WARNING - 2025-11-09 13:53:54 --> [DEPRECATED] ucfirst(): Passing null to parameter #1 ($string) of type string is deprecated in APPPATH\Views\admin\vw_mapacalor.php on line 54.
 1 APPPATH\Views\admin\vw_mapacalor.php(54): ucfirst(null)
 2 SYSTEMPATH\View\View.php(226): include('C:\\xampp\\htdocs\\ecovision\\app\\Views\\admin\\vw_mapacalor.php')
 3 SYSTEMPATH\View\View.php(229): CodeIgniter\View\View->CodeIgniter\View\{closure}()
 4 SYSTEMPATH\Common.php(1167): CodeIgniter\View\View->render('admin/vw_mapacalor', [], true)
 5 APPPATH\Controllers\MapaController.php(27): view('admin/vw_mapacalor', [...])
 6 SYSTEMPATH\CodeIgniter.php(933): App\Controllers\MapaController->index()
 7 SYSTEMPATH\CodeIgniter.php(507): CodeIgniter\CodeIgniter->runController(Object(App\Controllers\MapaController))
 8 SYSTEMPATH\CodeIgniter.php(354): CodeIgniter\CodeIgniter->handleRequest(null, Object(Config\Cache), false)
 9 SYSTEMPATH\Boot.php(363): CodeIgniter\CodeIgniter->run()
10 SYSTEMPATH\Boot.php(68): CodeIgniter\Boot::runCodeIgniter(Object(CodeIgniter\CodeIgniter))
11 FCPATH\index.php(59): CodeIgniter\Boot::bootWeb(Object(Config\Paths))
WARNING - 2025-11-09 13:53:54 --> [DEPRECATED] ucfirst(): Passing null to parameter #1 ($string) of type string is deprecated in APPPATH\Views\admin\vw_mapacalor.php on line 54.
 1 APPPATH\Views\admin\vw_mapacalor.php(54): ucfirst(null)
 2 SYSTEMPATH\View\View.php(226): include('C:\\xampp\\htdocs\\ecovision\\app\\Views\\admin\\vw_mapacalor.php')
 3 SYSTEMPATH\View\View.php(229): CodeIgniter\View\View->CodeIgniter\View\{closure}()
 4 SYSTEMPATH\Common.php(1167): CodeIgniter\View\View->render('admin/vw_mapacalor', [], true)
 5 APPPATH\Controllers\MapaController.php(27): view('admin/vw_mapacalor', [...])
 6 SYSTEMPATH\CodeIgniter.php(933): App\Controllers\MapaController->index()
 7 SYSTEMPATH\CodeIgniter.php(507): CodeIgniter\CodeIgniter->runController(Object(App\Controllers\MapaController))
 8 SYSTEMPATH\CodeIgniter.php(354): CodeIgniter\CodeIgniter->handleRequest(null, Object(Config\Cache), false)
 9 SYSTEMPATH\Boot.php(363): CodeIgniter\CodeIgniter->run()
10 SYSTEMPATH\Boot.php(68): CodeIgniter\Boot::runCodeIgniter(Object(CodeIgniter\CodeIgniter))
11 FCPATH\index.php(59): CodeIgniter\Boot::bootWeb(Object(Config\Paths))
WARNING - 2025-11-09 13:53:54 --> [DEPRECATED] ucfirst(): Passing null to parameter #1 ($string) of type string is deprecated in APPPATH\Views\admin\vw_mapacalor.php on line 54.
 1 APPPATH\Views\admin\vw_mapacalor.php(54): ucfirst(null)
 2 SYSTEMPATH\View\View.php(226): include('C:\\xampp\\htdocs\\ecovision\\app\\Views\\admin\\vw_mapacalor.php')
 3 SYSTEMPATH\View\View.php(229): CodeIgniter\View\View->CodeIgniter\View\{closure}()
 4 SYSTEMPATH\Common.php(1167): CodeIgniter\View\View->render('admin/vw_mapacalor', [], true)
 5 APPPATH\Controllers\MapaController.php(27): view('admin/vw_mapacalor', [...])
 6 SYSTEMPATH\CodeIgniter.php(933): App\Controllers\MapaController->index()
 7 SYSTEMPATH\CodeIgniter.php(507): CodeIgniter\CodeIgniter->runController(Object(App\Controllers\MapaController))
 8 SYSTEMPATH\CodeIgniter.php(354): CodeIgniter\CodeIgniter->handleRequest(null, Object(Config\Cache), false)
 9 SYSTEMPATH\Boot.php(363): CodeIgniter\CodeIgniter->run()
10 SYSTEMPATH\Boot.php(68): CodeIgniter\Boot::runCodeIgniter(Object(CodeIgniter\CodeIgniter))
11 FCPATH\index.php(59): CodeIgniter\Boot::bootWeb(Object(Config\Paths))
WARNING - 2025-11-09 13:53:54 --> [DEPRECATED] ucfirst(): Passing null to parameter #1 ($string) of type string is deprecated in APPPATH\Views\admin\vw_mapacalor.php on line 54.
 1 APPPATH\Views\admin\vw_mapacalor.php(54): ucfirst(null)
 2 SYSTEMPATH\View\View.php(226): include('C:\\xampp\\htdocs\\ecovision\\app\\Views\\admin\\vw_mapacalor.php')
 3 SYSTEMPATH\View\View.php(229): CodeIgniter\View\View->CodeIgniter\View\{closure}()
 4 SYSTEMPATH\Common.php(1167): CodeIgniter\View\View->render('admin/vw_mapacalor', [], true)
 5 APPPATH\Controllers\MapaController.php(27): view('admin/vw_mapacalor', [...])
 6 SYSTEMPATH\CodeIgniter.php(933): App\Controllers\MapaController->index()
 7 SYSTEMPATH\CodeIgniter.php(507): CodeIgniter\CodeIgniter->runController(Object(App\Controllers\MapaController))
 8 SYSTEMPATH\CodeIgniter.php(354): CodeIgniter\CodeIgniter->handleRequest(null, Object(Config\Cache), false)
 9 SYSTEMPATH\Boot.php(363): CodeIgniter\CodeIgniter->run()
10 SYSTEMPATH\Boot.php(68): CodeIgniter\Boot::runCodeIgniter(Object(CodeIgniter\CodeIgniter))
11 FCPATH\index.php(59): CodeIgniter\Boot::bootWeb(Object(Config\Paths))
WARNING - 2025-11-09 13:53:54 --> [DEPRECATED] ucfirst(): Passing null to parameter #1 ($string) of type string is deprecated in APPPATH\Views\admin\vw_mapacalor.php on line 79.
 1 APPPATH\Views\admin\vw_mapacalor.php(79): ucfirst(null)
 2 SYSTEMPATH\View\View.php(226): include('C:\\xampp\\htdocs\\ecovision\\app\\Views\\admin\\vw_mapacalor.php')
 3 SYSTEMPATH\View\View.php(229): CodeIgniter\View\View->CodeIgniter\View\{closure}()
 4 SYSTEMPATH\Common.php(1167): CodeIgniter\View\View->render('admin/vw_mapacalor', [], true)
 5 APPPATH\Controllers\MapaController.php(27): view('admin/vw_mapacalor', [...])
 6 SYSTEMPATH\CodeIgniter.php(933): App\Controllers\MapaController->index()
 7 SYSTEMPATH\CodeIgniter.php(507): CodeIgniter\CodeIgniter->runController(Object(App\Controllers\MapaController))
 8 SYSTEMPATH\CodeIgniter.php(354): CodeIgniter\CodeIgniter->handleRequest(null, Object(Config\Cache), false)
 9 SYSTEMPATH\Boot.php(363): CodeIgniter\CodeIgniter->run()
10 SYSTEMPATH\Boot.php(68): CodeIgniter\Boot::runCodeIgniter(Object(CodeIgniter\CodeIgniter))
11 FCPATH\index.php(59): CodeIgniter\Boot::bootWeb(Object(Config\Paths))
WARNING - 2025-11-09 13:53:54 --> [DEPRECATED] ucfirst(): Passing null to parameter #1 ($string) of type string is deprecated in APPPATH\Views\admin\vw_mapacalor.php on line 79.
 1 APPPATH\Views\admin\vw_mapacalor.php(79): ucfirst(null)
 2 SYSTEMPATH\View\View.php(226): include('C:\\xampp\\htdocs\\ecovision\\app\\Views\\admin\\vw_mapacalor.php')
 3 SYSTEMPATH\View\View.php(229): CodeIgniter\View\View->CodeIgniter\View\{closure}()
 4 SYSTEMPATH\Common.php(1167): CodeIgniter\View\View->render('admin/vw_mapacalor', [], true)
 5 APPPATH\Controllers\MapaController.php(27): view('admin/vw_mapacalor', [...])
 6 SYSTEMPATH\CodeIgniter.php(933): App\Controllers\MapaController->index()
 7 SYSTEMPATH\CodeIgniter.php(507): CodeIgniter\CodeIgniter->runController(Object(App\Controllers\MapaController))
 8 SYSTEMPATH\CodeIgniter.php(354): CodeIgniter\CodeIgniter->handleRequest(null, Object(Config\Cache), false)
 9 SYSTEMPATH\Boot.php(363): CodeIgniter\CodeIgniter->run()
10 SYSTEMPATH\Boot.php(68): CodeIgniter\Boot::runCodeIgniter(Object(CodeIgniter\CodeIgniter))
11 FCPATH\index.php(59): CodeIgniter\Boot::bootWeb(Object(Config\Paths))
WARNING - 2025-11-09 13:53:54 --> [DEPRECATED] ucfirst(): Passing null to parameter #1 ($string) of type string is deprecated in APPPATH\Views\admin\vw_mapacalor.php on line 79.
 1 APPPATH\Views\admin\vw_mapacalor.php(79): ucfirst(null)
 2 SYSTEMPATH\View\View.php(226): include('C:\\xampp\\htdocs\\ecovision\\app\\Views\\admin\\vw_mapacalor.php')
 3 SYSTEMPATH\View\View.php(229): CodeIgniter\View\View->CodeIgniter\View\{closure}()
 4 SYSTEMPATH\Common.php(1167): CodeIgniter\View\View->render('admin/vw_mapacalor', [], true)
 5 APPPATH\Controllers\MapaController.php(27): view('admin/vw_mapacalor', [...])
 6 SYSTEMPATH\CodeIgniter.php(933): App\Controllers\MapaController->index()
 7 SYSTEMPATH\CodeIgniter.php(507): CodeIgniter\CodeIgniter->runController(Object(App\Controllers\MapaController))
 8 SYSTEMPATH\CodeIgniter.php(354): CodeIgniter\CodeIgniter->handleRequest(null, Object(Config\Cache), false)
 9 SYSTEMPATH\Boot.php(363): CodeIgniter\CodeIgniter->run()
10 SYSTEMPATH\Boot.php(68): CodeIgniter\Boot::runCodeIgniter(Object(CodeIgniter\CodeIgniter))
11 FCPATH\index.php(59): CodeIgniter\Boot::bootWeb(Object(Config\Paths))
WARNING - 2025-11-09 13:53:54 --> [DEPRECATED] ucfirst(): Passing null to parameter #1 ($string) of type string is deprecated in APPPATH\Views\admin\vw_mapacalor.php on line 79.
 1 APPPATH\Views\admin\vw_mapacalor.php(79): ucfirst(null)
 2 SYSTEMPATH\View\View.php(226): include('C:\\xampp\\htdocs\\ecovision\\app\\Views\\admin\\vw_mapacalor.php')
 3 SYSTEMPATH\View\View.php(229): CodeIgniter\View\View->CodeIgniter\View\{closure}()
 4 SYSTEMPATH\Common.php(1167): CodeIgniter\View\View->render('admin/vw_mapacalor', [], true)
 5 APPPATH\Controllers\MapaController.php(27): view('admin/vw_mapacalor', [...])
 6 SYSTEMPATH\CodeIgniter.php(933): App\Controllers\MapaController->index()
 7 SYSTEMPATH\CodeIgniter.php(507): CodeIgniter\CodeIgniter->runController(Object(App\Controllers\MapaController))
 8 SYSTEMPATH\CodeIgniter.php(354): CodeIgniter\CodeIgniter->handleRequest(null, Object(Config\Cache), false)
 9 SYSTEMPATH\Boot.php(363): CodeIgniter\CodeIgniter->run()
10 SYSTEMPATH\Boot.php(68): CodeIgniter\Boot::runCodeIgniter(Object(CodeIgniter\CodeIgniter))
11 FCPATH\index.php(59): CodeIgniter\Boot::bootWeb(Object(Config\Paths))
WARNING - 2025-11-09 13:53:54 --> [DEPRECATED] ucfirst(): Passing null to parameter #1 ($string) of type string is deprecated in APPPATH\Views\admin\vw_mapacalor.php on line 79.
 1 APPPATH\Views\admin\vw_mapacalor.php(79): ucfirst(null)
 2 SYSTEMPATH\View\View.php(226): include('C:\\xampp\\htdocs\\ecovision\\app\\Views\\admin\\vw_mapacalor.php')
 3 SYSTEMPATH\View\View.php(229): CodeIgniter\View\View->CodeIgniter\View\{closure}()
 4 SYSTEMPATH\Common.php(1167): CodeIgniter\View\View->render('admin/vw_mapacalor', [], true)
 5 APPPATH\Controllers\MapaController.php(27): view('admin/vw_mapacalor', [...])
 6 SYSTEMPATH\CodeIgniter.php(933): App\Controllers\MapaController->index()
 7 SYSTEMPATH\CodeIgniter.php(507): CodeIgniter\CodeIgniter->runController(Object(App\Controllers\MapaController))
 8 SYSTEMPATH\CodeIgniter.php(354): CodeIgniter\CodeIgniter->handleRequest(null, Object(Config\Cache), false)
 9 SYSTEMPATH\Boot.php(363): CodeIgniter\CodeIgniter->run()
10 SYSTEMPATH\Boot.php(68): CodeIgniter\Boot::runCodeIgniter(Object(CodeIgniter\CodeIgniter))
11 FCPATH\index.php(59): CodeIgniter\Boot::bootWeb(Object(Config\Paths))
DEBUG - 2025-11-09 13:54:36 --> Session: Class initialized using 'CodeIgniter\Session\Handlers\FileHandler' driver.
WARNING - 2025-11-09 13:54:37 --> [DEPRECATED] ucfirst(): Passing null to parameter #1 ($string) of type string is deprecated in APPPATH\Views\admin\vw_mapacalor.php on line 54.
 1 APPPATH\Views\admin\vw_mapacalor.php(54): ucfirst(null)
 2 SYSTEMPATH\View\View.php(226): include('C:\\xampp\\htdocs\\ecovision\\app\\Views\\admin\\vw_mapacalor.php')
 3 SYSTEMPATH\View\View.php(229): CodeIgniter\View\View->CodeIgniter\View\{closure}()
 4 SYSTEMPATH\Common.php(1167): CodeIgniter\View\View->render('admin/vw_mapacalor', [], true)
 5 APPPATH\Controllers\MapaController.php(27): view('admin/vw_mapacalor', [...])
 6 SYSTEMPATH\CodeIgniter.php(933): App\Controllers\MapaController->index()
 7 SYSTEMPATH\CodeIgniter.php(507): CodeIgniter\CodeIgniter->runController(Object(App\Controllers\MapaController))
 8 SYSTEMPATH\CodeIgniter.php(354): CodeIgniter\CodeIgniter->handleRequest(null, Object(Config\Cache), false)
 9 SYSTEMPATH\Boot.php(363): CodeIgniter\CodeIgniter->run()
10 SYSTEMPATH\Boot.php(68): CodeIgniter\Boot::runCodeIgniter(Object(CodeIgniter\CodeIgniter))
11 FCPATH\index.php(59): CodeIgniter\Boot::bootWeb(Object(Config\Paths))
WARNING - 2025-11-09 13:54:37 --> [DEPRECATED] ucfirst(): Passing null to parameter #1 ($string) of type string is deprecated in APPPATH\Views\admin\vw_mapacalor.php on line 54.
 1 APPPATH\Views\admin\vw_mapacalor.php(54): ucfirst(null)
 2 SYSTEMPATH\View\View.php(226): include('C:\\xampp\\htdocs\\ecovision\\app\\Views\\admin\\vw_mapacalor.php')
 3 SYSTEMPATH\View\View.php(229): CodeIgniter\View\View->CodeIgniter\View\{closure}()
 4 SYSTEMPATH\Common.php(1167): CodeIgniter\View\View->render('admin/vw_mapacalor', [], true)
 5 APPPATH\Controllers\MapaController.php(27): view('admin/vw_mapacalor', [...])
 6 SYSTEMPATH\CodeIgniter.php(933): App\Controllers\MapaController->index()
 7 SYSTEMPATH\CodeIgniter.php(507): CodeIgniter\CodeIgniter->runController(Object(App\Controllers\MapaController))
 8 SYSTEMPATH\CodeIgniter.php(354): CodeIgniter\CodeIgniter->handleRequest(null, Object(Config\Cache), false)
 9 SYSTEMPATH\Boot.php(363): CodeIgniter\CodeIgniter->run()
10 SYSTEMPATH\Boot.php(68): CodeIgniter\Boot::runCodeIgniter(Object(CodeIgniter\CodeIgniter))
11 FCPATH\index.php(59): CodeIgniter\Boot::bootWeb(Object(Config\Paths))
WARNING - 2025-11-09 13:54:37 --> [DEPRECATED] ucfirst(): Passing null to parameter #1 ($string) of type string is deprecated in APPPATH\Views\admin\vw_mapacalor.php on line 54.
 1 APPPATH\Views\admin\vw_mapacalor.php(54): ucfirst(null)
 2 SYSTEMPATH\View\View.php(226): include('C:\\xampp\\htdocs\\ecovision\\app\\Views\\admin\\vw_mapacalor.php')
 3 SYSTEMPATH\View\View.php(229): CodeIgniter\View\View->CodeIgniter\View\{closure}()
 4 SYSTEMPATH\Common.php(1167): CodeIgniter\View\View->render('admin/vw_mapacalor', [], true)
 5 APPPATH\Controllers\MapaController.php(27): view('admin/vw_mapacalor', [...])
 6 SYSTEMPATH\CodeIgniter.php(933): App\Controllers\MapaController->index()
 7 SYSTEMPATH\CodeIgniter.php(507): CodeIgniter\CodeIgniter->runController(Object(App\Controllers\MapaController))
 8 SYSTEMPATH\CodeIgniter.php(354): CodeIgniter\CodeIgniter->handleRequest(null, Object(Config\Cache), false)
 9 SYSTEMPATH\Boot.php(363): CodeIgniter\CodeIgniter->run()
10 SYSTEMPATH\Boot.php(68): CodeIgniter\Boot::runCodeIgniter(Object(CodeIgniter\CodeIgniter))
11 FCPATH\index.php(59): CodeIgniter\Boot::bootWeb(Object(Config\Paths))
WARNING - 2025-11-09 13:54:37 --> [DEPRECATED] ucfirst(): Passing null to parameter #1 ($string) of type string is deprecated in APPPATH\Views\admin\vw_mapacalor.php on line 54.
 1 APPPATH\Views\admin\vw_mapacalor.php(54): ucfirst(null)
 2 SYSTEMPATH\View\View.php(226): include('C:\\xampp\\htdocs\\ecovision\\app\\Views\\admin\\vw_mapacalor.php')
 3 SYSTEMPATH\View\View.php(229): CodeIgniter\View\View->CodeIgniter\View\{closure}()
 4 SYSTEMPATH\Common.php(1167): CodeIgniter\View\View->render('admin/vw_mapacalor', [], true)
 5 APPPATH\Controllers\MapaController.php(27): view('admin/vw_mapacalor', [...])
 6 SYSTEMPATH\CodeIgniter.php(933): App\Controllers\MapaController->index()
 7 SYSTEMPATH\CodeIgniter.php(507): CodeIgniter\CodeIgniter->runController(Object(App\Controllers\MapaController))
 8 SYSTEMPATH\CodeIgniter.php(354): CodeIgniter\CodeIgniter->handleRequest(null, Object(Config\Cache), false)
 9 SYSTEMPATH\Boot.php(363): CodeIgniter\CodeIgniter->run()
10 SYSTEMPATH\Boot.php(68): CodeIgniter\Boot::runCodeIgniter(Object(CodeIgniter\CodeIgniter))
11 FCPATH\index.php(59): CodeIgniter\Boot::bootWeb(Object(Config\Paths))
WARNING - 2025-11-09 13:54:37 --> [DEPRECATED] ucfirst(): Passing null to parameter #1 ($string) of type string is deprecated in APPPATH\Views\admin\vw_mapacalor.php on line 54.
 1 APPPATH\Views\admin\vw_mapacalor.php(54): ucfirst(null)
 2 SYSTEMPATH\View\View.php(226): include('C:\\xampp\\htdocs\\ecovision\\app\\Views\\admin\\vw_mapacalor.php')
 3 SYSTEMPATH\View\View.php(229): CodeIgniter\View\View->CodeIgniter\View\{closure}()
 4 SYSTEMPATH\Common.php(1167): CodeIgniter\View\View->render('admin/vw_mapacalor', [], true)
 5 APPPATH\Controllers\MapaController.php(27): view('admin/vw_mapacalor', [...])
 6 SYSTEMPATH\CodeIgniter.php(933): App\Controllers\MapaController->index()
 7 SYSTEMPATH\CodeIgniter.php(507): CodeIgniter\CodeIgniter->runController(Object(App\Controllers\MapaController))
 8 SYSTEMPATH\CodeIgniter.php(354): CodeIgniter\CodeIgniter->handleRequest(null, Object(Config\Cache), false)
 9 SYSTEMPATH\Boot.php(363): CodeIgniter\CodeIgniter->run()
10 SYSTEMPATH\Boot.php(68): CodeIgniter\Boot::runCodeIgniter(Object(CodeIgniter\CodeIgniter))
11 FCPATH\index.php(59): CodeIgniter\Boot::bootWeb(Object(Config\Paths))
WARNING - 2025-11-09 13:54:37 --> [DEPRECATED] ucfirst(): Passing null to parameter #1 ($string) of type string is deprecated in APPPATH\Views\admin\vw_mapacalor.php on line 79.
 1 APPPATH\Views\admin\vw_mapacalor.php(79): ucfirst(null)
 2 SYSTEMPATH\View\View.php(226): include('C:\\xampp\\htdocs\\ecovision\\app\\Views\\admin\\vw_mapacalor.php')
 3 SYSTEMPATH\View\View.php(229): CodeIgniter\View\View->CodeIgniter\View\{closure}()
 4 SYSTEMPATH\Common.php(1167): CodeIgniter\View\View->render('admin/vw_mapacalor', [], true)
 5 APPPATH\Controllers\MapaController.php(27): view('admin/vw_mapacalor', [...])
 6 SYSTEMPATH\CodeIgniter.php(933): App\Controllers\MapaController->index()
 7 SYSTEMPATH\CodeIgniter.php(507): CodeIgniter\CodeIgniter->runController(Object(App\Controllers\MapaController))
 8 SYSTEMPATH\CodeIgniter.php(354): CodeIgniter\CodeIgniter->handleRequest(null, Object(Config\Cache), false)
 9 SYSTEMPATH\Boot.php(363): CodeIgniter\CodeIgniter->run()
10 SYSTEMPATH\Boot.php(68): CodeIgniter\Boot::runCodeIgniter(Object(CodeIgniter\CodeIgniter))
11 FCPATH\index.php(59): CodeIgniter\Boot::bootWeb(Object(Config\Paths))
WARNING - 2025-11-09 13:54:37 --> [DEPRECATED] ucfirst(): Passing null to parameter #1 ($string) of type string is deprecated in APPPATH\Views\admin\vw_mapacalor.php on line 79.
 1 APPPATH\Views\admin\vw_mapacalor.php(79): ucfirst(null)
 2 SYSTEMPATH\View\View.php(226): include('C:\\xampp\\htdocs\\ecovision\\app\\Views\\admin\\vw_mapacalor.php')
 3 SYSTEMPATH\View\View.php(229): CodeIgniter\View\View->CodeIgniter\View\{closure}()
 4 SYSTEMPATH\Common.php(1167): CodeIgniter\View\View->render('admin/vw_mapacalor', [], true)
 5 APPPATH\Controllers\MapaController.php(27): view('admin/vw_mapacalor', [...])
 6 SYSTEMPATH\CodeIgniter.php(933): App\Controllers\MapaController->index()
 7 SYSTEMPATH\CodeIgniter.php(507): CodeIgniter\CodeIgniter->runController(Object(App\Controllers\MapaController))
 8 SYSTEMPATH\CodeIgniter.php(354): CodeIgniter\CodeIgniter->handleRequest(null, Object(Config\Cache), false)
 9 SYSTEMPATH\Boot.php(363): CodeIgniter\CodeIgniter->run()
10 SYSTEMPATH\Boot.php(68): CodeIgniter\Boot::runCodeIgniter(Object(CodeIgniter\CodeIgniter))
11 FCPATH\index.php(59): CodeIgniter\Boot::bootWeb(Object(Config\Paths))
WARNING - 2025-11-09 13:54:37 --> [DEPRECATED] ucfirst(): Passing null to parameter #1 ($string) of type string is deprecated in APPPATH\Views\admin\vw_mapacalor.php on line 79.
 1 APPPATH\Views\admin\vw_mapacalor.php(79): ucfirst(null)
 2 SYSTEMPATH\View\View.php(226): include('C:\\xampp\\htdocs\\ecovision\\app\\Views\\admin\\vw_mapacalor.php')
 3 SYSTEMPATH\View\View.php(229): CodeIgniter\View\View->CodeIgniter\View\{closure}()
 4 SYSTEMPATH\Common.php(1167): CodeIgniter\View\View->render('admin/vw_mapacalor', [], true)
 5 APPPATH\Controllers\MapaController.php(27): view('admin/vw_mapacalor', [...])
 6 SYSTEMPATH\CodeIgniter.php(933): App\Controllers\MapaController->index()
 7 SYSTEMPATH\CodeIgniter.php(507): CodeIgniter\CodeIgniter->runController(Object(App\Controllers\MapaController))
 8 SYSTEMPATH\CodeIgniter.php(354): CodeIgniter\CodeIgniter->handleRequest(null, Object(Config\Cache), false)
 9 SYSTEMPATH\Boot.php(363): CodeIgniter\CodeIgniter->run()
10 SYSTEMPATH\Boot.php(68): CodeIgniter\Boot::runCodeIgniter(Object(CodeIgniter\CodeIgniter))
11 FCPATH\index.php(59): CodeIgniter\Boot::bootWeb(Object(Config\Paths))
WARNING - 2025-11-09 13:54:37 --> [DEPRECATED] ucfirst(): Passing null to parameter #1 ($string) of type string is deprecated in APPPATH\Views\admin\vw_mapacalor.php on line 79.
 1 APPPATH\Views\admin\vw_mapacalor.php(79): ucfirst(null)
 2 SYSTEMPATH\View\View.php(226): include('C:\\xampp\\htdocs\\ecovision\\app\\Views\\admin\\vw_mapacalor.php')
 3 SYSTEMPATH\View\View.php(229): CodeIgniter\View\View->CodeIgniter\View\{closure}()
 4 SYSTEMPATH\Common.php(1167): CodeIgniter\View\View->render('admin/vw_mapacalor', [], true)
 5 APPPATH\Controllers\MapaController.php(27): view('admin/vw_mapacalor', [...])
 6 SYSTEMPATH\CodeIgniter.php(933): App\Controllers\MapaController->index()
 7 SYSTEMPATH\CodeIgniter.php(507): CodeIgniter\CodeIgniter->runController(Object(App\Controllers\MapaController))
 8 SYSTEMPATH\CodeIgniter.php(354): CodeIgniter\CodeIgniter->handleRequest(null, Object(Config\Cache), false)
 9 SYSTEMPATH\Boot.php(363): CodeIgniter\CodeIgniter->run()
10 SYSTEMPATH\Boot.php(68): CodeIgniter\Boot::runCodeIgniter(Object(CodeIgniter\CodeIgniter))
11 FCPATH\index.php(59): CodeIgniter\Boot::bootWeb(Object(Config\Paths))
WARNING - 2025-11-09 13:54:37 --> [DEPRECATED] ucfirst(): Passing null to parameter #1 ($string) of type string is deprecated in APPPATH\Views\admin\vw_mapacalor.php on line 79.
 1 APPPATH\Views\admin\vw_mapacalor.php(79): ucfirst(null)
 2 SYSTEMPATH\View\View.php(226): include('C:\\xampp\\htdocs\\ecovision\\app\\Views\\admin\\vw_mapacalor.php')
 3 SYSTEMPATH\View\View.php(229): CodeIgniter\View\View->CodeIgniter\View\{closure}()
 4 SYSTEMPATH\Common.php(1167): CodeIgniter\View\View->render('admin/vw_mapacalor', [], true)
 5 APPPATH\Controllers\MapaController.php(27): view('admin/vw_mapacalor', [...])
 6 SYSTEMPATH\CodeIgniter.php(933): App\Controllers\MapaController->index()
 7 SYSTEMPATH\CodeIgniter.php(507): CodeIgniter\CodeIgniter->runController(Object(App\Controllers\MapaController))
 8 SYSTEMPATH\CodeIgniter.php(354): CodeIgniter\CodeIgniter->handleRequest(null, Object(Config\Cache), false)
 9 SYSTEMPATH\Boot.php(363): CodeIgniter\CodeIgniter->run()
10 SYSTEMPATH\Boot.php(68): CodeIgniter\Boot::runCodeIgniter(Object(CodeIgniter\CodeIgniter))
11 FCPATH\index.php(59): CodeIgniter\Boot::bootWeb(Object(Config\Paths))
DEBUG - 2025-11-09 13:54:38 --> Session: Class initialized using 'CodeIgniter\Session\Handlers\FileHandler' driver.
WARNING - 2025-11-09 13:54:38 --> [DEPRECATED] ucfirst(): Passing null to parameter #1 ($string) of type string is deprecated in APPPATH\Views\admin\vw_mapacalor.php on line 54.
 1 APPPATH\Views\admin\vw_mapacalor.php(54): ucfirst(null)
 2 SYSTEMPATH\View\View.php(226): include('C:\\xampp\\htdocs\\ecovision\\app\\Views\\admin\\vw_mapacalor.php')
 3 SYSTEMPATH\View\View.php(229): CodeIgniter\View\View->CodeIgniter\View\{closure}()
 4 SYSTEMPATH\Common.php(1167): CodeIgniter\View\View->render('admin/vw_mapacalor', [], true)
 5 APPPATH\Controllers\MapaController.php(27): view('admin/vw_mapacalor', [...])
 6 SYSTEMPATH\CodeIgniter.php(933): App\Controllers\MapaController->index()
 7 SYSTEMPATH\CodeIgniter.php(507): CodeIgniter\CodeIgniter->runController(Object(App\Controllers\MapaController))
 8 SYSTEMPATH\CodeIgniter.php(354): CodeIgniter\CodeIgniter->handleRequest(null, Object(Config\Cache), false)
 9 SYSTEMPATH\Boot.php(363): CodeIgniter\CodeIgniter->run()
10 SYSTEMPATH\Boot.php(68): CodeIgniter\Boot::runCodeIgniter(Object(CodeIgniter\CodeIgniter))
11 FCPATH\index.php(59): CodeIgniter\Boot::bootWeb(Object(Config\Paths))
WARNING - 2025-11-09 13:54:38 --> [DEPRECATED] ucfirst(): Passing null to parameter #1 ($string) of type string is deprecated in APPPATH\Views\admin\vw_mapacalor.php on line 54.
 1 APPPATH\Views\admin\vw_mapacalor.php(54): ucfirst(null)
 2 SYSTEMPATH\View\View.php(226): include('C:\\xampp\\htdocs\\ecovision\\app\\Views\\admin\\vw_mapacalor.php')
 3 SYSTEMPATH\View\View.php(229): CodeIgniter\View\View->CodeIgniter\View\{closure}()
 4 SYSTEMPATH\Common.php(1167): CodeIgniter\View\View->render('admin/vw_mapacalor', [], true)
 5 APPPATH\Controllers\MapaController.php(27): view('admin/vw_mapacalor', [...])
 6 SYSTEMPATH\CodeIgniter.php(933): App\Controllers\MapaController->index()
 7 SYSTEMPATH\CodeIgniter.php(507): CodeIgniter\CodeIgniter->runController(Object(App\Controllers\MapaController))
 8 SYSTEMPATH\CodeIgniter.php(354): CodeIgniter\CodeIgniter->handleRequest(null, Object(Config\Cache), false)
 9 SYSTEMPATH\Boot.php(363): CodeIgniter\CodeIgniter->run()
10 SYSTEMPATH\Boot.php(68): CodeIgniter\Boot::runCodeIgniter(Object(CodeIgniter\CodeIgniter))
11 FCPATH\index.php(59): CodeIgniter\Boot::bootWeb(Object(Config\Paths))
WARNING - 2025-11-09 13:54:38 --> [DEPRECATED] ucfirst(): Passing null to parameter #1 ($string) of type string is deprecated in APPPATH\Views\admin\vw_mapacalor.php on line 54.
 1 APPPATH\Views\admin\vw_mapacalor.php(54): ucfirst(null)
 2 SYSTEMPATH\View\View.php(226): include('C:\\xampp\\htdocs\\ecovision\\app\\Views\\admin\\vw_mapacalor.php')
 3 SYSTEMPATH\View\View.php(229): CodeIgniter\View\View->CodeIgniter\View\{closure}()
 4 SYSTEMPATH\Common.php(1167): CodeIgniter\View\View->render('admin/vw_mapacalor', [], true)
 5 APPPATH\Controllers\MapaController.php(27): view('admin/vw_mapacalor', [...])
 6 SYSTEMPATH\CodeIgniter.php(933): App\Controllers\MapaController->index()
 7 SYSTEMPATH\CodeIgniter.php(507): CodeIgniter\CodeIgniter->runController(Object(App\Controllers\MapaController))
 8 SYSTEMPATH\CodeIgniter.php(354): CodeIgniter\CodeIgniter->handleRequest(null, Object(Config\Cache), false)
 9 SYSTEMPATH\Boot.php(363): CodeIgniter\CodeIgniter->run()
10 SYSTEMPATH\Boot.php(68): CodeIgniter\Boot::runCodeIgniter(Object(CodeIgniter\CodeIgniter))
11 FCPATH\index.php(59): CodeIgniter\Boot::bootWeb(Object(Config\Paths))
WARNING - 2025-11-09 13:54:38 --> [DEPRECATED] ucfirst(): Passing null to parameter #1 ($string) of type string is deprecated in APPPATH\Views\admin\vw_mapacalor.php on line 54.
 1 APPPATH\Views\admin\vw_mapacalor.php(54): ucfirst(null)
 2 SYSTEMPATH\View\View.php(226): include('C:\\xampp\\htdocs\\ecovision\\app\\Views\\admin\\vw_mapacalor.php')
 3 SYSTEMPATH\View\View.php(229): CodeIgniter\View\View->CodeIgniter\View\{closure}()
 4 SYSTEMPATH\Common.php(1167): CodeIgniter\View\View->render('admin/vw_mapacalor', [], true)
 5 APPPATH\Controllers\MapaController.php(27): view('admin/vw_mapacalor', [...])
 6 SYSTEMPATH\CodeIgniter.php(933): App\Controllers\MapaController->index()
 7 SYSTEMPATH\CodeIgniter.php(507): CodeIgniter\CodeIgniter->runController(Object(App\Controllers\MapaController))
 8 SYSTEMPATH\CodeIgniter.php(354): CodeIgniter\CodeIgniter->handleRequest(null, Object(Config\Cache), false)
 9 SYSTEMPATH\Boot.php(363): CodeIgniter\CodeIgniter->run()
10 SYSTEMPATH\Boot.php(68): CodeIgniter\Boot::runCodeIgniter(Object(CodeIgniter\CodeIgniter))
11 FCPATH\index.php(59): CodeIgniter\Boot::bootWeb(Object(Config\Paths))
WARNING - 2025-11-09 13:54:38 --> [DEPRECATED] ucfirst(): Passing null to parameter #1 ($string) of type string is deprecated in APPPATH\Views\admin\vw_mapacalor.php on line 54.
 1 APPPATH\Views\admin\vw_mapacalor.php(54): ucfirst(null)
 2 SYSTEMPATH\View\View.php(226): include('C:\\xampp\\htdocs\\ecovision\\app\\Views\\admin\\vw_mapacalor.php')
 3 SYSTEMPATH\View\View.php(229): CodeIgniter\View\View->CodeIgniter\View\{closure}()
 4 SYSTEMPATH\Common.php(1167): CodeIgniter\View\View->render('admin/vw_mapacalor', [], true)
 5 APPPATH\Controllers\MapaController.php(27): view('admin/vw_mapacalor', [...])
 6 SYSTEMPATH\CodeIgniter.php(933): App\Controllers\MapaController->index()
 7 SYSTEMPATH\CodeIgniter.php(507): CodeIgniter\CodeIgniter->runController(Object(App\Controllers\MapaController))
 8 SYSTEMPATH\CodeIgniter.php(354): CodeIgniter\CodeIgniter->handleRequest(null, Object(Config\Cache), false)
 9 SYSTEMPATH\Boot.php(363): CodeIgniter\CodeIgniter->run()
10 SYSTEMPATH\Boot.php(68): CodeIgniter\Boot::runCodeIgniter(Object(CodeIgniter\CodeIgniter))
11 FCPATH\index.php(59): CodeIgniter\Boot::bootWeb(Object(Config\Paths))
WARNING - 2025-11-09 13:54:38 --> [DEPRECATED] ucfirst(): Passing null to parameter #1 ($string) of type string is deprecated in APPPATH\Views\admin\vw_mapacalor.php on line 79.
 1 APPPATH\Views\admin\vw_mapacalor.php(79): ucfirst(null)
 2 SYSTEMPATH\View\View.php(226): include('C:\\xampp\\htdocs\\ecovision\\app\\Views\\admin\\vw_mapacalor.php')
 3 SYSTEMPATH\View\View.php(229): CodeIgniter\View\View->CodeIgniter\View\{closure}()
 4 SYSTEMPATH\Common.php(1167): CodeIgniter\View\View->render('admin/vw_mapacalor', [], true)
 5 APPPATH\Controllers\MapaController.php(27): view('admin/vw_mapacalor', [...])
 6 SYSTEMPATH\CodeIgniter.php(933): App\Controllers\MapaController->index()
 7 SYSTEMPATH\CodeIgniter.php(507): CodeIgniter\CodeIgniter->runController(Object(App\Controllers\MapaController))
 8 SYSTEMPATH\CodeIgniter.php(354): CodeIgniter\CodeIgniter->handleRequest(null, Object(Config\Cache), false)
 9 SYSTEMPATH\Boot.php(363): CodeIgniter\CodeIgniter->run()
10 SYSTEMPATH\Boot.php(68): CodeIgniter\Boot::runCodeIgniter(Object(CodeIgniter\CodeIgniter))
11 FCPATH\index.php(59): CodeIgniter\Boot::bootWeb(Object(Config\Paths))
WARNING - 2025-11-09 13:54:38 --> [DEPRECATED] ucfirst(): Passing null to parameter #1 ($string) of type string is deprecated in APPPATH\Views\admin\vw_mapacalor.php on line 79.
 1 APPPATH\Views\admin\vw_mapacalor.php(79): ucfirst(null)
 2 SYSTEMPATH\View\View.php(226): include('C:\\xampp\\htdocs\\ecovision\\app\\Views\\admin\\vw_mapacalor.php')
 3 SYSTEMPATH\View\View.php(229): CodeIgniter\View\View->CodeIgniter\View\{closure}()
 4 SYSTEMPATH\Common.php(1167): CodeIgniter\View\View->render('admin/vw_mapacalor', [], true)
 5 APPPATH\Controllers\MapaController.php(27): view('admin/vw_mapacalor', [...])
 6 SYSTEMPATH\CodeIgniter.php(933): App\Controllers\MapaController->index()
 7 SYSTEMPATH\CodeIgniter.php(507): CodeIgniter\CodeIgniter->runController(Object(App\Controllers\MapaController))
 8 SYSTEMPATH\CodeIgniter.php(354): CodeIgniter\CodeIgniter->handleRequest(null, Object(Config\Cache), false)
 9 SYSTEMPATH\Boot.php(363): CodeIgniter\CodeIgniter->run()
10 SYSTEMPATH\Boot.php(68): CodeIgniter\Boot::runCodeIgniter(Object(CodeIgniter\CodeIgniter))
11 FCPATH\index.php(59): CodeIgniter\Boot::bootWeb(Object(Config\Paths))
WARNING - 2025-11-09 13:54:38 --> [DEPRECATED] ucfirst(): Passing null to parameter #1 ($string) of type string is deprecated in APPPATH\Views\admin\vw_mapacalor.php on line 79.
 1 APPPATH\Views\admin\vw_mapacalor.php(79): ucfirst(null)
 2 SYSTEMPATH\View\View.php(226): include('C:\\xampp\\htdocs\\ecovision\\app\\Views\\admin\\vw_mapacalor.php')
 3 SYSTEMPATH\View\View.php(229): CodeIgniter\View\View->CodeIgniter\View\{closure}()
 4 SYSTEMPATH\Common.php(1167): CodeIgniter\View\View->render('admin/vw_mapacalor', [], true)
 5 APPPATH\Controllers\MapaController.php(27): view('admin/vw_mapacalor', [...])
 6 SYSTEMPATH\CodeIgniter.php(933): App\Controllers\MapaController->index()
 7 SYSTEMPATH\CodeIgniter.php(507): CodeIgniter\CodeIgniter->runController(Object(App\Controllers\MapaController))
 8 SYSTEMPATH\CodeIgniter.php(354): CodeIgniter\CodeIgniter->handleRequest(null, Object(Config\Cache), false)
 9 SYSTEMPATH\Boot.php(363): CodeIgniter\CodeIgniter->run()
10 SYSTEMPATH\Boot.php(68): CodeIgniter\Boot::runCodeIgniter(Object(CodeIgniter\CodeIgniter))
11 FCPATH\index.php(59): CodeIgniter\Boot::bootWeb(Object(Config\Paths))
WARNING - 2025-11-09 13:54:38 --> [DEPRECATED] ucfirst(): Passing null to parameter #1 ($string) of type string is deprecated in APPPATH\Views\admin\vw_mapacalor.php on line 79.
 1 APPPATH\Views\admin\vw_mapacalor.php(79): ucfirst(null)
 2 SYSTEMPATH\View\View.php(226): include('C:\\xampp\\htdocs\\ecovision\\app\\Views\\admin\\vw_mapacalor.php')
 3 SYSTEMPATH\View\View.php(229): CodeIgniter\View\View->CodeIgniter\View\{closure}()
 4 SYSTEMPATH\Common.php(1167): CodeIgniter\View\View->render('admin/vw_mapacalor', [], true)
 5 APPPATH\Controllers\MapaController.php(27): view('admin/vw_mapacalor', [...])
 6 SYSTEMPATH\CodeIgniter.php(933): App\Controllers\MapaController->index()
 7 SYSTEMPATH\CodeIgniter.php(507): CodeIgniter\CodeIgniter->runController(Object(App\Controllers\MapaController))
 8 SYSTEMPATH\CodeIgniter.php(354): CodeIgniter\CodeIgniter->handleRequest(null, Object(Config\Cache), false)
 9 SYSTEMPATH\Boot.php(363): CodeIgniter\CodeIgniter->run()
10 SYSTEMPATH\Boot.php(68): CodeIgniter\Boot::runCodeIgniter(Object(CodeIgniter\CodeIgniter))
11 FCPATH\index.php(59): CodeIgniter\Boot::bootWeb(Object(Config\Paths))
WARNING - 2025-11-09 13:54:38 --> [DEPRECATED] ucfirst(): Passing null to parameter #1 ($string) of type string is deprecated in APPPATH\Views\admin\vw_mapacalor.php on line 79.
 1 APPPATH\Views\admin\vw_mapacalor.php(79): ucfirst(null)
 2 SYSTEMPATH\View\View.php(226): include('C:\\xampp\\htdocs\\ecovision\\app\\Views\\admin\\vw_mapacalor.php')
 3 SYSTEMPATH\View\View.php(229): CodeIgniter\View\View->CodeIgniter\View\{closure}()
 4 SYSTEMPATH\Common.php(1167): CodeIgniter\View\View->render('admin/vw_mapacalor', [], true)
 5 APPPATH\Controllers\MapaController.php(27): view('admin/vw_mapacalor', [...])
 6 SYSTEMPATH\CodeIgniter.php(933): App\Controllers\MapaController->index()
 7 SYSTEMPATH\CodeIgniter.php(507): CodeIgniter\CodeIgniter->runController(Object(App\Controllers\MapaController))
 8 SYSTEMPATH\CodeIgniter.php(354): CodeIgniter\CodeIgniter->handleRequest(null, Object(Config\Cache), false)
 9 SYSTEMPATH\Boot.php(363): CodeIgniter\CodeIgniter->run()
10 SYSTEMPATH\Boot.php(68): CodeIgniter\Boot::runCodeIgniter(Object(CodeIgniter\CodeIgniter))
11 FCPATH\index.php(59): CodeIgniter\Boot::bootWeb(Object(Config\Paths))
DEBUG - 2025-11-09 13:54:57 --> Session: Class initialized using 'CodeIgniter\Session\Handlers\FileHandler' driver.
WARNING - 2025-11-09 13:54:57 --> [DEPRECATED] ucfirst(): Passing null to parameter #1 ($string) of type string is deprecated in APPPATH\Views\admin\vw_mapacalor.php on line 54.
 1 APPPATH\Views\admin\vw_mapacalor.php(54): ucfirst(null)
 2 SYSTEMPATH\View\View.php(226): include('C:\\xampp\\htdocs\\ecovision\\app\\Views\\admin\\vw_mapacalor.php')
 3 SYSTEMPATH\View\View.php(229): CodeIgniter\View\View->CodeIgniter\View\{closure}()
 4 SYSTEMPATH\Common.php(1167): CodeIgniter\View\View->render('admin/vw_mapacalor', [], true)
 5 APPPATH\Controllers\MapaController.php(27): view('admin/vw_mapacalor', [...])
 6 SYSTEMPATH\CodeIgniter.php(933): App\Controllers\MapaController->index()
 7 SYSTEMPATH\CodeIgniter.php(507): CodeIgniter\CodeIgniter->runController(Object(App\Controllers\MapaController))
 8 SYSTEMPATH\CodeIgniter.php(354): CodeIgniter\CodeIgniter->handleRequest(null, Object(Config\Cache), false)
 9 SYSTEMPATH\Boot.php(363): CodeIgniter\CodeIgniter->run()
10 SYSTEMPATH\Boot.php(68): CodeIgniter\Boot::runCodeIgniter(Object(CodeIgniter\CodeIgniter))
11 FCPATH\index.php(59): CodeIgniter\Boot::bootWeb(Object(Config\Paths))
WARNING - 2025-11-09 13:54:57 --> [DEPRECATED] ucfirst(): Passing null to parameter #1 ($string) of type string is deprecated in APPPATH\Views\admin\vw_mapacalor.php on line 54.
 1 APPPATH\Views\admin\vw_mapacalor.php(54): ucfirst(null)
 2 SYSTEMPATH\View\View.php(226): include('C:\\xampp\\htdocs\\ecovision\\app\\Views\\admin\\vw_mapacalor.php')
 3 SYSTEMPATH\View\View.php(229): CodeIgniter\View\View->CodeIgniter\View\{closure}()
 4 SYSTEMPATH\Common.php(1167): CodeIgniter\View\View->render('admin/vw_mapacalor', [], true)
 5 APPPATH\Controllers\MapaController.php(27): view('admin/vw_mapacalor', [...])
 6 SYSTEMPATH\CodeIgniter.php(933): App\Controllers\MapaController->index()
 7 SYSTEMPATH\CodeIgniter.php(507): CodeIgniter\CodeIgniter->runController(Object(App\Controllers\MapaController))
 8 SYSTEMPATH\CodeIgniter.php(354): CodeIgniter\CodeIgniter->handleRequest(null, Object(Config\Cache), false)
 9 SYSTEMPATH\Boot.php(363): CodeIgniter\CodeIgniter->run()
10 SYSTEMPATH\Boot.php(68): CodeIgniter\Boot::runCodeIgniter(Object(CodeIgniter\CodeIgniter))
11 FCPATH\index.php(59): CodeIgniter\Boot::bootWeb(Object(Config\Paths))
WARNING - 2025-11-09 13:54:57 --> [DEPRECATED] ucfirst(): Passing null to parameter #1 ($string) of type string is deprecated in APPPATH\Views\admin\vw_mapacalor.php on line 54.
 1 APPPATH\Views\admin\vw_mapacalor.php(54): ucfirst(null)
 2 SYSTEMPATH\View\View.php(226): include('C:\\xampp\\htdocs\\ecovision\\app\\Views\\admin\\vw_mapacalor.php')
 3 SYSTEMPATH\View\View.php(229): CodeIgniter\View\View->CodeIgniter\View\{closure}()
 4 SYSTEMPATH\Common.php(1167): CodeIgniter\View\View->render('admin/vw_mapacalor', [], true)
 5 APPPATH\Controllers\MapaController.php(27): view('admin/vw_mapacalor', [...])
 6 SYSTEMPATH\CodeIgniter.php(933): App\Controllers\MapaController->index()
 7 SYSTEMPATH\CodeIgniter.php(507): CodeIgniter\CodeIgniter->runController(Object(App\Controllers\MapaController))
 8 SYSTEMPATH\CodeIgniter.php(354): CodeIgniter\CodeIgniter->handleRequest(null, Object(Config\Cache), false)
 9 SYSTEMPATH\Boot.php(363): CodeIgniter\CodeIgniter->run()
10 SYSTEMPATH\Boot.php(68): CodeIgniter\Boot::runCodeIgniter(Object(CodeIgniter\CodeIgniter))
11 FCPATH\index.php(59): CodeIgniter\Boot::bootWeb(Object(Config\Paths))
WARNING - 2025-11-09 13:54:57 --> [DEPRECATED] ucfirst(): Passing null to parameter #1 ($string) of type string is deprecated in APPPATH\Views\admin\vw_mapacalor.php on line 54.
 1 APPPATH\Views\admin\vw_mapacalor.php(54): ucfirst(null)
 2 SYSTEMPATH\View\View.php(226): include('C:\\xampp\\htdocs\\ecovision\\app\\Views\\admin\\vw_mapacalor.php')
 3 SYSTEMPATH\View\View.php(229): CodeIgniter\View\View->CodeIgniter\View\{closure}()
 4 SYSTEMPATH\Common.php(1167): CodeIgniter\View\View->render('admin/vw_mapacalor', [], true)
 5 APPPATH\Controllers\MapaController.php(27): view('admin/vw_mapacalor', [...])
 6 SYSTEMPATH\CodeIgniter.php(933): App\Controllers\MapaController->index()
 7 SYSTEMPATH\CodeIgniter.php(507): CodeIgniter\CodeIgniter->runController(Object(App\Controllers\MapaController))
 8 SYSTEMPATH\CodeIgniter.php(354): CodeIgniter\CodeIgniter->handleRequest(null, Object(Config\Cache), false)
 9 SYSTEMPATH\Boot.php(363): CodeIgniter\CodeIgniter->run()
10 SYSTEMPATH\Boot.php(68): CodeIgniter\Boot::runCodeIgniter(Object(CodeIgniter\CodeIgniter))
11 FCPATH\index.php(59): CodeIgniter\Boot::bootWeb(Object(Config\Paths))
WARNING - 2025-11-09 13:54:57 --> [DEPRECATED] ucfirst(): Passing null to parameter #1 ($string) of type string is deprecated in APPPATH\Views\admin\vw_mapacalor.php on line 54.
 1 APPPATH\Views\admin\vw_mapacalor.php(54): ucfirst(null)
 2 SYSTEMPATH\View\View.php(226): include('C:\\xampp\\htdocs\\ecovision\\app\\Views\\admin\\vw_mapacalor.php')
 3 SYSTEMPATH\View\View.php(229): CodeIgniter\View\View->CodeIgniter\View\{closure}()
 4 SYSTEMPATH\Common.php(1167): CodeIgniter\View\View->render('admin/vw_mapacalor', [], true)
 5 APPPATH\Controllers\MapaController.php(27): view('admin/vw_mapacalor', [...])
 6 SYSTEMPATH\CodeIgniter.php(933): App\Controllers\MapaController->index()
 7 SYSTEMPATH\CodeIgniter.php(507): CodeIgniter\CodeIgniter->runController(Object(App\Controllers\MapaController))
 8 SYSTEMPATH\CodeIgniter.php(354): CodeIgniter\CodeIgniter->handleRequest(null, Object(Config\Cache), false)
 9 SYSTEMPATH\Boot.php(363): CodeIgniter\CodeIgniter->run()
10 SYSTEMPATH\Boot.php(68): CodeIgniter\Boot::runCodeIgniter(Object(CodeIgniter\CodeIgniter))
11 FCPATH\index.php(59): CodeIgniter\Boot::bootWeb(Object(Config\Paths))
WARNING - 2025-11-09 13:54:57 --> [DEPRECATED] ucfirst(): Passing null to parameter #1 ($string) of type string is deprecated in APPPATH\Views\admin\vw_mapacalor.php on line 79.
 1 APPPATH\Views\admin\vw_mapacalor.php(79): ucfirst(null)
 2 SYSTEMPATH\View\View.php(226): include('C:\\xampp\\htdocs\\ecovision\\app\\Views\\admin\\vw_mapacalor.php')
 3 SYSTEMPATH\View\View.php(229): CodeIgniter\View\View->CodeIgniter\View\{closure}()
 4 SYSTEMPATH\Common.php(1167): CodeIgniter\View\View->render('admin/vw_mapacalor', [], true)
 5 APPPATH\Controllers\MapaController.php(27): view('admin/vw_mapacalor', [...])
 6 SYSTEMPATH\CodeIgniter.php(933): App\Controllers\MapaController->index()
 7 SYSTEMPATH\CodeIgniter.php(507): CodeIgniter\CodeIgniter->runController(Object(App\Controllers\MapaController))
 8 SYSTEMPATH\CodeIgniter.php(354): CodeIgniter\CodeIgniter->handleRequest(null, Object(Config\Cache), false)
 9 SYSTEMPATH\Boot.php(363): CodeIgniter\CodeIgniter->run()
10 SYSTEMPATH\Boot.php(68): CodeIgniter\Boot::runCodeIgniter(Object(CodeIgniter\CodeIgniter))
11 FCPATH\index.php(59): CodeIgniter\Boot::bootWeb(Object(Config\Paths))
WARNING - 2025-11-09 13:54:57 --> [DEPRECATED] ucfirst(): Passing null to parameter #1 ($string) of type string is deprecated in APPPATH\Views\admin\vw_mapacalor.php on line 79.
 1 APPPATH\Views\admin\vw_mapacalor.php(79): ucfirst(null)
 2 SYSTEMPATH\View\View.php(226): include('C:\\xampp\\htdocs\\ecovision\\app\\Views\\admin\\vw_mapacalor.php')
 3 SYSTEMPATH\View\View.php(229): CodeIgniter\View\View->CodeIgniter\View\{closure}()
 4 SYSTEMPATH\Common.php(1167): CodeIgniter\View\View->render('admin/vw_mapacalor', [], true)
 5 APPPATH\Controllers\MapaController.php(27): view('admin/vw_mapacalor', [...])
 6 SYSTEMPATH\CodeIgniter.php(933): App\Controllers\MapaController->index()
 7 SYSTEMPATH\CodeIgniter.php(507): CodeIgniter\CodeIgniter->runController(Object(App\Controllers\MapaController))
 8 SYSTEMPATH\CodeIgniter.php(354): CodeIgniter\CodeIgniter->handleRequest(null, Object(Config\Cache), false)
 9 SYSTEMPATH\Boot.php(363): CodeIgniter\CodeIgniter->run()
10 SYSTEMPATH\Boot.php(68): CodeIgniter\Boot::runCodeIgniter(Object(CodeIgniter\CodeIgniter))
11 FCPATH\index.php(59): CodeIgniter\Boot::bootWeb(Object(Config\Paths))
WARNING - 2025-11-09 13:54:57 --> [DEPRECATED] ucfirst(): Passing null to parameter #1 ($string) of type string is deprecated in APPPATH\Views\admin\vw_mapacalor.php on line 79.
 1 APPPATH\Views\admin\vw_mapacalor.php(79): ucfirst(null)
 2 SYSTEMPATH\View\View.php(226): include('C:\\xampp\\htdocs\\ecovision\\app\\Views\\admin\\vw_mapacalor.php')
 3 SYSTEMPATH\View\View.php(229): CodeIgniter\View\View->CodeIgniter\View\{closure}()
 4 SYSTEMPATH\Common.php(1167): CodeIgniter\View\View->render('admin/vw_mapacalor', [], true)
 5 APPPATH\Controllers\MapaController.php(27): view('admin/vw_mapacalor', [...])
 6 SYSTEMPATH\CodeIgniter.php(933): App\Controllers\MapaController->index()
 7 SYSTEMPATH\CodeIgniter.php(507): CodeIgniter\CodeIgniter->runController(Object(App\Controllers\MapaController))
 8 SYSTEMPATH\CodeIgniter.php(354): CodeIgniter\CodeIgniter->handleRequest(null, Object(Config\Cache), false)
 9 SYSTEMPATH\Boot.php(363): CodeIgniter\CodeIgniter->run()
10 SYSTEMPATH\Boot.php(68): CodeIgniter\Boot::runCodeIgniter(Object(CodeIgniter\CodeIgniter))
11 FCPATH\index.php(59): CodeIgniter\Boot::bootWeb(Object(Config\Paths))
WARNING - 2025-11-09 13:54:57 --> [DEPRECATED] ucfirst(): Passing null to parameter #1 ($string) of type string is deprecated in APPPATH\Views\admin\vw_mapacalor.php on line 79.
 1 APPPATH\Views\admin\vw_mapacalor.php(79): ucfirst(null)
 2 SYSTEMPATH\View\View.php(226): include('C:\\xampp\\htdocs\\ecovision\\app\\Views\\admin\\vw_mapacalor.php')
 3 SYSTEMPATH\View\View.php(229): CodeIgniter\View\View->CodeIgniter\View\{closure}()
 4 SYSTEMPATH\Common.php(1167): CodeIgniter\View\View->render('admin/vw_mapacalor', [], true)
 5 APPPATH\Controllers\MapaController.php(27): view('admin/vw_mapacalor', [...])
 6 SYSTEMPATH\CodeIgniter.php(933): App\Controllers\MapaController->index()
 7 SYSTEMPATH\CodeIgniter.php(507): CodeIgniter\CodeIgniter->runController(Object(App\Controllers\MapaController))
 8 SYSTEMPATH\CodeIgniter.php(354): CodeIgniter\CodeIgniter->handleRequest(null, Object(Config\Cache), false)
 9 SYSTEMPATH\Boot.php(363): CodeIgniter\CodeIgniter->run()
10 SYSTEMPATH\Boot.php(68): CodeIgniter\Boot::runCodeIgniter(Object(CodeIgniter\CodeIgniter))
11 FCPATH\index.php(59): CodeIgniter\Boot::bootWeb(Object(Config\Paths))
WARNING - 2025-11-09 13:54:57 --> [DEPRECATED] ucfirst(): Passing null to parameter #1 ($string) of type string is deprecated in APPPATH\Views\admin\vw_mapacalor.php on line 79.
 1 APPPATH\Views\admin\vw_mapacalor.php(79): ucfirst(null)
 2 SYSTEMPATH\View\View.php(226): include('C:\\xampp\\htdocs\\ecovision\\app\\Views\\admin\\vw_mapacalor.php')
 3 SYSTEMPATH\View\View.php(229): CodeIgniter\View\View->CodeIgniter\View\{closure}()
 4 SYSTEMPATH\Common.php(1167): CodeIgniter\View\View->render('admin/vw_mapacalor', [], true)
 5 APPPATH\Controllers\MapaController.php(27): view('admin/vw_mapacalor', [...])
 6 SYSTEMPATH\CodeIgniter.php(933): App\Controllers\MapaController->index()
 7 SYSTEMPATH\CodeIgniter.php(507): CodeIgniter\CodeIgniter->runController(Object(App\Controllers\MapaController))
 8 SYSTEMPATH\CodeIgniter.php(354): CodeIgniter\CodeIgniter->handleRequest(null, Object(Config\Cache), false)
 9 SYSTEMPATH\Boot.php(363): CodeIgniter\CodeIgniter->run()
10 SYSTEMPATH\Boot.php(68): CodeIgniter\Boot::runCodeIgniter(Object(CodeIgniter\CodeIgniter))
11 FCPATH\index.php(59): CodeIgniter\Boot::bootWeb(Object(Config\Paths))
DEBUG - 2025-11-09 13:54:58 --> Session: Class initialized using 'CodeIgniter\Session\Handlers\FileHandler' driver.
WARNING - 2025-11-09 13:54:58 --> [DEPRECATED] ucfirst(): Passing null to parameter #1 ($string) of type string is deprecated in APPPATH\Views\admin\vw_mapacalor.php on line 54.
 1 APPPATH\Views\admin\vw_mapacalor.php(54): ucfirst(null)
 2 SYSTEMPATH\View\View.php(226): include('C:\\xampp\\htdocs\\ecovision\\app\\Views\\admin\\vw_mapacalor.php')
 3 SYSTEMPATH\View\View.php(229): CodeIgniter\View\View->CodeIgniter\View\{closure}()
 4 SYSTEMPATH\Common.php(1167): CodeIgniter\View\View->render('admin/vw_mapacalor', [], true)
 5 APPPATH\Controllers\MapaController.php(27): view('admin/vw_mapacalor', [...])
 6 SYSTEMPATH\CodeIgniter.php(933): App\Controllers\MapaController->index()
 7 SYSTEMPATH\CodeIgniter.php(507): CodeIgniter\CodeIgniter->runController(Object(App\Controllers\MapaController))
 8 SYSTEMPATH\CodeIgniter.php(354): CodeIgniter\CodeIgniter->handleRequest(null, Object(Config\Cache), false)
 9 SYSTEMPATH\Boot.php(363): CodeIgniter\CodeIgniter->run()
10 SYSTEMPATH\Boot.php(68): CodeIgniter\Boot::runCodeIgniter(Object(CodeIgniter\CodeIgniter))
11 FCPATH\index.php(59): CodeIgniter\Boot::bootWeb(Object(Config\Paths))
WARNING - 2025-11-09 13:54:58 --> [DEPRECATED] ucfirst(): Passing null to parameter #1 ($string) of type string is deprecated in APPPATH\Views\admin\vw_mapacalor.php on line 54.
 1 APPPATH\Views\admin\vw_mapacalor.php(54): ucfirst(null)
 2 SYSTEMPATH\View\View.php(226): include('C:\\xampp\\htdocs\\ecovision\\app\\Views\\admin\\vw_mapacalor.php')
 3 SYSTEMPATH\View\View.php(229): CodeIgniter\View\View->CodeIgniter\View\{closure}()
 4 SYSTEMPATH\Common.php(1167): CodeIgniter\View\View->render('admin/vw_mapacalor', [], true)
 5 APPPATH\Controllers\MapaController.php(27): view('admin/vw_mapacalor', [...])
 6 SYSTEMPATH\CodeIgniter.php(933): App\Controllers\MapaController->index()
 7 SYSTEMPATH\CodeIgniter.php(507): CodeIgniter\CodeIgniter->runController(Object(App\Controllers\MapaController))
 8 SYSTEMPATH\CodeIgniter.php(354): CodeIgniter\CodeIgniter->handleRequest(null, Object(Config\Cache), false)
 9 SYSTEMPATH\Boot.php(363): CodeIgniter\CodeIgniter->run()
10 SYSTEMPATH\Boot.php(68): CodeIgniter\Boot::runCodeIgniter(Object(CodeIgniter\CodeIgniter))
11 FCPATH\index.php(59): CodeIgniter\Boot::bootWeb(Object(Config\Paths))
WARNING - 2025-11-09 13:54:58 --> [DEPRECATED] ucfirst(): Passing null to parameter #1 ($string) of type string is deprecated in APPPATH\Views\admin\vw_mapacalor.php on line 54.
 1 APPPATH\Views\admin\vw_mapacalor.php(54): ucfirst(null)
 2 SYSTEMPATH\View\View.php(226): include('C:\\xampp\\htdocs\\ecovision\\app\\Views\\admin\\vw_mapacalor.php')
 3 SYSTEMPATH\View\View.php(229): CodeIgniter\View\View->CodeIgniter\View\{closure}()
 4 SYSTEMPATH\Common.php(1167): CodeIgniter\View\View->render('admin/vw_mapacalor', [], true)
 5 APPPATH\Controllers\MapaController.php(27): view('admin/vw_mapacalor', [...])
 6 SYSTEMPATH\CodeIgniter.php(933): App\Controllers\MapaController->index()
 7 SYSTEMPATH\CodeIgniter.php(507): CodeIgniter\CodeIgniter->runController(Object(App\Controllers\MapaController))
 8 SYSTEMPATH\CodeIgniter.php(354): CodeIgniter\CodeIgniter->handleRequest(null, Object(Config\Cache), false)
 9 SYSTEMPATH\Boot.php(363): CodeIgniter\CodeIgniter->run()
10 SYSTEMPATH\Boot.php(68): CodeIgniter\Boot::runCodeIgniter(Object(CodeIgniter\CodeIgniter))
11 FCPATH\index.php(59): CodeIgniter\Boot::bootWeb(Object(Config\Paths))
WARNING - 2025-11-09 13:54:58 --> [DEPRECATED] ucfirst(): Passing null to parameter #1 ($string) of type string is deprecated in APPPATH\Views\admin\vw_mapacalor.php on line 54.
 1 APPPATH\Views\admin\vw_mapacalor.php(54): ucfirst(null)
 2 SYSTEMPATH\View\View.php(226): include('C:\\xampp\\htdocs\\ecovision\\app\\Views\\admin\\vw_mapacalor.php')
 3 SYSTEMPATH\View\View.php(229): CodeIgniter\View\View->CodeIgniter\View\{closure}()
 4 SYSTEMPATH\Common.php(1167): CodeIgniter\View\View->render('admin/vw_mapacalor', [], true)
 5 APPPATH\Controllers\MapaController.php(27): view('admin/vw_mapacalor', [...])
 6 SYSTEMPATH\CodeIgniter.php(933): App\Controllers\MapaController->index()
 7 SYSTEMPATH\CodeIgniter.php(507): CodeIgniter\CodeIgniter->runController(Object(App\Controllers\MapaController))
 8 SYSTEMPATH\CodeIgniter.php(354): CodeIgniter\CodeIgniter->handleRequest(null, Object(Config\Cache), false)
 9 SYSTEMPATH\Boot.php(363): CodeIgniter\CodeIgniter->run()
10 SYSTEMPATH\Boot.php(68): CodeIgniter\Boot::runCodeIgniter(Object(CodeIgniter\CodeIgniter))
11 FCPATH\index.php(59): CodeIgniter\Boot::bootWeb(Object(Config\Paths))
WARNING - 2025-11-09 13:54:58 --> [DEPRECATED] ucfirst(): Passing null to parameter #1 ($string) of type string is deprecated in APPPATH\Views\admin\vw_mapacalor.php on line 54.
 1 APPPATH\Views\admin\vw_mapacalor.php(54): ucfirst(null)
 2 SYSTEMPATH\View\View.php(226): include('C:\\xampp\\htdocs\\ecovision\\app\\Views\\admin\\vw_mapacalor.php')
 3 SYSTEMPATH\View\View.php(229): CodeIgniter\View\View->CodeIgniter\View\{closure}()
 4 SYSTEMPATH\Common.php(1167): CodeIgniter\View\View->render('admin/vw_mapacalor', [], true)
 5 APPPATH\Controllers\MapaController.php(27): view('admin/vw_mapacalor', [...])
 6 SYSTEMPATH\CodeIgniter.php(933): App\Controllers\MapaController->index()
 7 SYSTEMPATH\CodeIgniter.php(507): CodeIgniter\CodeIgniter->runController(Object(App\Controllers\MapaController))
 8 SYSTEMPATH\CodeIgniter.php(354): CodeIgniter\CodeIgniter->handleRequest(null, Object(Config\Cache), false)
 9 SYSTEMPATH\Boot.php(363): CodeIgniter\CodeIgniter->run()
10 SYSTEMPATH\Boot.php(68): CodeIgniter\Boot::runCodeIgniter(Object(CodeIgniter\CodeIgniter))
11 FCPATH\index.php(59): CodeIgniter\Boot::bootWeb(Object(Config\Paths))
WARNING - 2025-11-09 13:54:58 --> [DEPRECATED] ucfirst(): Passing null to parameter #1 ($string) of type string is deprecated in APPPATH\Views\admin\vw_mapacalor.php on line 79.
 1 APPPATH\Views\admin\vw_mapacalor.php(79): ucfirst(null)
 2 SYSTEMPATH\View\View.php(226): include('C:\\xampp\\htdocs\\ecovision\\app\\Views\\admin\\vw_mapacalor.php')
 3 SYSTEMPATH\View\View.php(229): CodeIgniter\View\View->CodeIgniter\View\{closure}()
 4 SYSTEMPATH\Common.php(1167): CodeIgniter\View\View->render('admin/vw_mapacalor', [], true)
 5 APPPATH\Controllers\MapaController.php(27): view('admin/vw_mapacalor', [...])
 6 SYSTEMPATH\CodeIgniter.php(933): App\Controllers\MapaController->index()
 7 SYSTEMPATH\CodeIgniter.php(507): CodeIgniter\CodeIgniter->runController(Object(App\Controllers\MapaController))
 8 SYSTEMPATH\CodeIgniter.php(354): CodeIgniter\CodeIgniter->handleRequest(null, Object(Config\Cache), false)
 9 SYSTEMPATH\Boot.php(363): CodeIgniter\CodeIgniter->run()
10 SYSTEMPATH\Boot.php(68): CodeIgniter\Boot::runCodeIgniter(Object(CodeIgniter\CodeIgniter))
11 FCPATH\index.php(59): CodeIgniter\Boot::bootWeb(Object(Config\Paths))
WARNING - 2025-11-09 13:54:58 --> [DEPRECATED] ucfirst(): Passing null to parameter #1 ($string) of type string is deprecated in APPPATH\Views\admin\vw_mapacalor.php on line 79.
 1 APPPATH\Views\admin\vw_mapacalor.php(79): ucfirst(null)
 2 SYSTEMPATH\View\View.php(226): include('C:\\xampp\\htdocs\\ecovision\\app\\Views\\admin\\vw_mapacalor.php')
 3 SYSTEMPATH\View\View.php(229): CodeIgniter\View\View->CodeIgniter\View\{closure}()
 4 SYSTEMPATH\Common.php(1167): CodeIgniter\View\View->render('admin/vw_mapacalor', [], true)
 5 APPPATH\Controllers\MapaController.php(27): view('admin/vw_mapacalor', [...])
 6 SYSTEMPATH\CodeIgniter.php(933): App\Controllers\MapaController->index()
 7 SYSTEMPATH\CodeIgniter.php(507): CodeIgniter\CodeIgniter->runController(Object(App\Controllers\MapaController))
 8 SYSTEMPATH\CodeIgniter.php(354): CodeIgniter\CodeIgniter->handleRequest(null, Object(Config\Cache), false)
 9 SYSTEMPATH\Boot.php(363): CodeIgniter\CodeIgniter->run()
10 SYSTEMPATH\Boot.php(68): CodeIgniter\Boot::runCodeIgniter(Object(CodeIgniter\CodeIgniter))
11 FCPATH\index.php(59): CodeIgniter\Boot::bootWeb(Object(Config\Paths))
WARNING - 2025-11-09 13:54:58 --> [DEPRECATED] ucfirst(): Passing null to parameter #1 ($string) of type string is deprecated in APPPATH\Views\admin\vw_mapacalor.php on line 79.
 1 APPPATH\Views\admin\vw_mapacalor.php(79): ucfirst(null)
 2 SYSTEMPATH\View\View.php(226): include('C:\\xampp\\htdocs\\ecovision\\app\\Views\\admin\\vw_mapacalor.php')
 3 SYSTEMPATH\View\View.php(229): CodeIgniter\View\View->CodeIgniter\View\{closure}()
 4 SYSTEMPATH\Common.php(1167): CodeIgniter\View\View->render('admin/vw_mapacalor', [], true)
 5 APPPATH\Controllers\MapaController.php(27): view('admin/vw_mapacalor', [...])
 6 SYSTEMPATH\CodeIgniter.php(933): App\Controllers\MapaController->index()
 7 SYSTEMPATH\CodeIgniter.php(507): CodeIgniter\CodeIgniter->runController(Object(App\Controllers\MapaController))
 8 SYSTEMPATH\CodeIgniter.php(354): CodeIgniter\CodeIgniter->handleRequest(null, Object(Config\Cache), false)
 9 SYSTEMPATH\Boot.php(363): CodeIgniter\CodeIgniter->run()
10 SYSTEMPATH\Boot.php(68): CodeIgniter\Boot::runCodeIgniter(Object(CodeIgniter\CodeIgniter))
11 FCPATH\index.php(59): CodeIgniter\Boot::bootWeb(Object(Config\Paths))
WARNING - 2025-11-09 13:54:58 --> [DEPRECATED] ucfirst(): Passing null to parameter #1 ($string) of type string is deprecated in APPPATH\Views\admin\vw_mapacalor.php on line 79.
 1 APPPATH\Views\admin\vw_mapacalor.php(79): ucfirst(null)
 2 SYSTEMPATH\View\View.php(226): include('C:\\xampp\\htdocs\\ecovision\\app\\Views\\admin\\vw_mapacalor.php')
 3 SYSTEMPATH\View\View.php(229): CodeIgniter\View\View->CodeIgniter\View\{closure}()
 4 SYSTEMPATH\Common.php(1167): CodeIgniter\View\View->render('admin/vw_mapacalor', [], true)
 5 APPPATH\Controllers\MapaController.php(27): view('admin/vw_mapacalor', [...])
 6 SYSTEMPATH\CodeIgniter.php(933): App\Controllers\MapaController->index()
 7 SYSTEMPATH\CodeIgniter.php(507): CodeIgniter\CodeIgniter->runController(Object(App\Controllers\MapaController))
 8 SYSTEMPATH\CodeIgniter.php(354): CodeIgniter\CodeIgniter->handleRequest(null, Object(Config\Cache), false)
 9 SYSTEMPATH\Boot.php(363): CodeIgniter\CodeIgniter->run()
10 SYSTEMPATH\Boot.php(68): CodeIgniter\Boot::runCodeIgniter(Object(CodeIgniter\CodeIgniter))
11 FCPATH\index.php(59): CodeIgniter\Boot::bootWeb(Object(Config\Paths))
WARNING - 2025-11-09 13:54:58 --> [DEPRECATED] ucfirst(): Passing null to parameter #1 ($string) of type string is deprecated in APPPATH\Views\admin\vw_mapacalor.php on line 79.
 1 APPPATH\Views\admin\vw_mapacalor.php(79): ucfirst(null)
 2 SYSTEMPATH\View\View.php(226): include('C:\\xampp\\htdocs\\ecovision\\app\\Views\\admin\\vw_mapacalor.php')
 3 SYSTEMPATH\View\View.php(229): CodeIgniter\View\View->CodeIgniter\View\{closure}()
 4 SYSTEMPATH\Common.php(1167): CodeIgniter\View\View->render('admin/vw_mapacalor', [], true)
 5 APPPATH\Controllers\MapaController.php(27): view('admin/vw_mapacalor', [...])
 6 SYSTEMPATH\CodeIgniter.php(933): App\Controllers\MapaController->index()
 7 SYSTEMPATH\CodeIgniter.php(507): CodeIgniter\CodeIgniter->runController(Object(App\Controllers\MapaController))
 8 SYSTEMPATH\CodeIgniter.php(354): CodeIgniter\CodeIgniter->handleRequest(null, Object(Config\Cache), false)
 9 SYSTEMPATH\Boot.php(363): CodeIgniter\CodeIgniter->run()
10 SYSTEMPATH\Boot.php(68): CodeIgniter\Boot::runCodeIgniter(Object(CodeIgniter\CodeIgniter))
11 FCPATH\index.php(59): CodeIgniter\Boot::bootWeb(Object(Config\Paths))
DEBUG - 2025-11-09 13:55:12 --> Session: Class initialized using 'CodeIgniter\Session\Handlers\FileHandler' driver.
WARNING - 2025-11-09 13:55:12 --> [DEPRECATED] ucfirst(): Passing null to parameter #1 ($string) of type string is deprecated in APPPATH\Views\admin\vw_mapacalor.php on line 54.
 1 APPPATH\Views\admin\vw_mapacalor.php(54): ucfirst(null)
 2 SYSTEMPATH\View\View.php(226): include('C:\\xampp\\htdocs\\ecovision\\app\\Views\\admin\\vw_mapacalor.php')
 3 SYSTEMPATH\View\View.php(229): CodeIgniter\View\View->CodeIgniter\View\{closure}()
 4 SYSTEMPATH\Common.php(1167): CodeIgniter\View\View->render('admin/vw_mapacalor', [], true)
 5 APPPATH\Controllers\MapaController.php(27): view('admin/vw_mapacalor', [...])
 6 SYSTEMPATH\CodeIgniter.php(933): App\Controllers\MapaController->index()
 7 SYSTEMPATH\CodeIgniter.php(507): CodeIgniter\CodeIgniter->runController(Object(App\Controllers\MapaController))
 8 SYSTEMPATH\CodeIgniter.php(354): CodeIgniter\CodeIgniter->handleRequest(null, Object(Config\Cache), false)
 9 SYSTEMPATH\Boot.php(363): CodeIgniter\CodeIgniter->run()
10 SYSTEMPATH\Boot.php(68): CodeIgniter\Boot::runCodeIgniter(Object(CodeIgniter\CodeIgniter))
11 FCPATH\index.php(59): CodeIgniter\Boot::bootWeb(Object(Config\Paths))
WARNING - 2025-11-09 13:55:12 --> [DEPRECATED] ucfirst(): Passing null to parameter #1 ($string) of type string is deprecated in APPPATH\Views\admin\vw_mapacalor.php on line 54.
 1 APPPATH\Views\admin\vw_mapacalor.php(54): ucfirst(null)
 2 SYSTEMPATH\View\View.php(226): include('C:\\xampp\\htdocs\\ecovision\\app\\Views\\admin\\vw_mapacalor.php')
 3 SYSTEMPATH\View\View.php(229): CodeIgniter\View\View->CodeIgniter\View\{closure}()
 4 SYSTEMPATH\Common.php(1167): CodeIgniter\View\View->render('admin/vw_mapacalor', [], true)
 5 APPPATH\Controllers\MapaController.php(27): view('admin/vw_mapacalor', [...])
 6 SYSTEMPATH\CodeIgniter.php(933): App\Controllers\MapaController->index()
 7 SYSTEMPATH\CodeIgniter.php(507): CodeIgniter\CodeIgniter->runController(Object(App\Controllers\MapaController))
 8 SYSTEMPATH\CodeIgniter.php(354): CodeIgniter\CodeIgniter->handleRequest(null, Object(Config\Cache), false)
 9 SYSTEMPATH\Boot.php(363): CodeIgniter\CodeIgniter->run()
10 SYSTEMPATH\Boot.php(68): CodeIgniter\Boot::runCodeIgniter(Object(CodeIgniter\CodeIgniter))
11 FCPATH\index.php(59): CodeIgniter\Boot::bootWeb(Object(Config\Paths))
WARNING - 2025-11-09 13:55:12 --> [DEPRECATED] ucfirst(): Passing null to parameter #1 ($string) of type string is deprecated in APPPATH\Views\admin\vw_mapacalor.php on line 54.
 1 APPPATH\Views\admin\vw_mapacalor.php(54): ucfirst(null)
 2 SYSTEMPATH\View\View.php(226): include('C:\\xampp\\htdocs\\ecovision\\app\\Views\\admin\\vw_mapacalor.php')
 3 SYSTEMPATH\View\View.php(229): CodeIgniter\View\View->CodeIgniter\View\{closure}()
 4 SYSTEMPATH\Common.php(1167): CodeIgniter\View\View->render('admin/vw_mapacalor', [], true)
 5 APPPATH\Controllers\MapaController.php(27): view('admin/vw_mapacalor', [...])
 6 SYSTEMPATH\CodeIgniter.php(933): App\Controllers\MapaController->index()
 7 SYSTEMPATH\CodeIgniter.php(507): CodeIgniter\CodeIgniter->runController(Object(App\Controllers\MapaController))
 8 SYSTEMPATH\CodeIgniter.php(354): CodeIgniter\CodeIgniter->handleRequest(null, Object(Config\Cache), false)
 9 SYSTEMPATH\Boot.php(363): CodeIgniter\CodeIgniter->run()
10 SYSTEMPATH\Boot.php(68): CodeIgniter\Boot::runCodeIgniter(Object(CodeIgniter\CodeIgniter))
11 FCPATH\index.php(59): CodeIgniter\Boot::bootWeb(Object(Config\Paths))
WARNING - 2025-11-09 13:55:12 --> [DEPRECATED] ucfirst(): Passing null to parameter #1 ($string) of type string is deprecated in APPPATH\Views\admin\vw_mapacalor.php on line 54.
 1 APPPATH\Views\admin\vw_mapacalor.php(54): ucfirst(null)
 2 SYSTEMPATH\View\View.php(226): include('C:\\xampp\\htdocs\\ecovision\\app\\Views\\admin\\vw_mapacalor.php')
 3 SYSTEMPATH\View\View.php(229): CodeIgniter\View\View->CodeIgniter\View\{closure}()
 4 SYSTEMPATH\Common.php(1167): CodeIgniter\View\View->render('admin/vw_mapacalor', [], true)
 5 APPPATH\Controllers\MapaController.php(27): view('admin/vw_mapacalor', [...])
 6 SYSTEMPATH\CodeIgniter.php(933): App\Controllers\MapaController->index()
 7 SYSTEMPATH\CodeIgniter.php(507): CodeIgniter\CodeIgniter->runController(Object(App\Controllers\MapaController))
 8 SYSTEMPATH\CodeIgniter.php(354): CodeIgniter\CodeIgniter->handleRequest(null, Object(Config\Cache), false)
 9 SYSTEMPATH\Boot.php(363): CodeIgniter\CodeIgniter->run()
10 SYSTEMPATH\Boot.php(68): CodeIgniter\Boot::runCodeIgniter(Object(CodeIgniter\CodeIgniter))
11 FCPATH\index.php(59): CodeIgniter\Boot::bootWeb(Object(Config\Paths))
WARNING - 2025-11-09 13:55:12 --> [DEPRECATED] ucfirst(): Passing null to parameter #1 ($string) of type string is deprecated in APPPATH\Views\admin\vw_mapacalor.php on line 54.
 1 APPPATH\Views\admin\vw_mapacalor.php(54): ucfirst(null)
 2 SYSTEMPATH\View\View.php(226): include('C:\\xampp\\htdocs\\ecovision\\app\\Views\\admin\\vw_mapacalor.php')
 3 SYSTEMPATH\View\View.php(229): CodeIgniter\View\View->CodeIgniter\View\{closure}()
 4 SYSTEMPATH\Common.php(1167): CodeIgniter\View\View->render('admin/vw_mapacalor', [], true)
 5 APPPATH\Controllers\MapaController.php(27): view('admin/vw_mapacalor', [...])
 6 SYSTEMPATH\CodeIgniter.php(933): App\Controllers\MapaController->index()
 7 SYSTEMPATH\CodeIgniter.php(507): CodeIgniter\CodeIgniter->runController(Object(App\Controllers\MapaController))
 8 SYSTEMPATH\CodeIgniter.php(354): CodeIgniter\CodeIgniter->handleRequest(null, Object(Config\Cache), false)
 9 SYSTEMPATH\Boot.php(363): CodeIgniter\CodeIgniter->run()
10 SYSTEMPATH\Boot.php(68): CodeIgniter\Boot::runCodeIgniter(Object(CodeIgniter\CodeIgniter))
11 FCPATH\index.php(59): CodeIgniter\Boot::bootWeb(Object(Config\Paths))
WARNING - 2025-11-09 13:55:12 --> [DEPRECATED] ucfirst(): Passing null to parameter #1 ($string) of type string is deprecated in APPPATH\Views\admin\vw_mapacalor.php on line 79.
 1 APPPATH\Views\admin\vw_mapacalor.php(79): ucfirst(null)
 2 SYSTEMPATH\View\View.php(226): include('C:\\xampp\\htdocs\\ecovision\\app\\Views\\admin\\vw_mapacalor.php')
 3 SYSTEMPATH\View\View.php(229): CodeIgniter\View\View->CodeIgniter\View\{closure}()
 4 SYSTEMPATH\Common.php(1167): CodeIgniter\View\View->render('admin/vw_mapacalor', [], true)
 5 APPPATH\Controllers\MapaController.php(27): view('admin/vw_mapacalor', [...])
 6 SYSTEMPATH\CodeIgniter.php(933): App\Controllers\MapaController->index()
 7 SYSTEMPATH\CodeIgniter.php(507): CodeIgniter\CodeIgniter->runController(Object(App\Controllers\MapaController))
 8 SYSTEMPATH\CodeIgniter.php(354): CodeIgniter\CodeIgniter->handleRequest(null, Object(Config\Cache), false)
 9 SYSTEMPATH\Boot.php(363): CodeIgniter\CodeIgniter->run()
10 SYSTEMPATH\Boot.php(68): CodeIgniter\Boot::runCodeIgniter(Object(CodeIgniter\CodeIgniter))
11 FCPATH\index.php(59): CodeIgniter\Boot::bootWeb(Object(Config\Paths))
WARNING - 2025-11-09 13:55:12 --> [DEPRECATED] ucfirst(): Passing null to parameter #1 ($string) of type string is deprecated in APPPATH\Views\admin\vw_mapacalor.php on line 79.
 1 APPPATH\Views\admin\vw_mapacalor.php(79): ucfirst(null)
 2 SYSTEMPATH\View\View.php(226): include('C:\\xampp\\htdocs\\ecovision\\app\\Views\\admin\\vw_mapacalor.php')
 3 SYSTEMPATH\View\View.php(229): CodeIgniter\View\View->CodeIgniter\View\{closure}()
 4 SYSTEMPATH\Common.php(1167): CodeIgniter\View\View->render('admin/vw_mapacalor', [], true)
 5 APPPATH\Controllers\MapaController.php(27): view('admin/vw_mapacalor', [...])
 6 SYSTEMPATH\CodeIgniter.php(933): App\Controllers\MapaController->index()
 7 SYSTEMPATH\CodeIgniter.php(507): CodeIgniter\CodeIgniter->runController(Object(App\Controllers\MapaController))
 8 SYSTEMPATH\CodeIgniter.php(354): CodeIgniter\CodeIgniter->handleRequest(null, Object(Config\Cache), false)
 9 SYSTEMPATH\Boot.php(363): CodeIgniter\CodeIgniter->run()
10 SYSTEMPATH\Boot.php(68): CodeIgniter\Boot::runCodeIgniter(Object(CodeIgniter\CodeIgniter))
11 FCPATH\index.php(59): CodeIgniter\Boot::bootWeb(Object(Config\Paths))
WARNING - 2025-11-09 13:55:12 --> [DEPRECATED] ucfirst(): Passing null to parameter #1 ($string) of type string is deprecated in APPPATH\Views\admin\vw_mapacalor.php on line 79.
 1 APPPATH\Views\admin\vw_mapacalor.php(79): ucfirst(null)
 2 SYSTEMPATH\View\View.php(226): include('C:\\xampp\\htdocs\\ecovision\\app\\Views\\admin\\vw_mapacalor.php')
 3 SYSTEMPATH\View\View.php(229): CodeIgniter\View\View->CodeIgniter\View\{closure}()
 4 SYSTEMPATH\Common.php(1167): CodeIgniter\View\View->render('admin/vw_mapacalor', [], true)
 5 APPPATH\Controllers\MapaController.php(27): view('admin/vw_mapacalor', [...])
 6 SYSTEMPATH\CodeIgniter.php(933): App\Controllers\MapaController->index()
 7 SYSTEMPATH\CodeIgniter.php(507): CodeIgniter\CodeIgniter->runController(Object(App\Controllers\MapaController))
 8 SYSTEMPATH\CodeIgniter.php(354): CodeIgniter\CodeIgniter->handleRequest(null, Object(Config\Cache), false)
 9 SYSTEMPATH\Boot.php(363): CodeIgniter\CodeIgniter->run()
10 SYSTEMPATH\Boot.php(68): CodeIgniter\Boot::runCodeIgniter(Object(CodeIgniter\CodeIgniter))
11 FCPATH\index.php(59): CodeIgniter\Boot::bootWeb(Object(Config\Paths))
WARNING - 2025-11-09 13:55:12 --> [DEPRECATED] ucfirst(): Passing null to parameter #1 ($string) of type string is deprecated in APPPATH\Views\admin\vw_mapacalor.php on line 79.
 1 APPPATH\Views\admin\vw_mapacalor.php(79): ucfirst(null)
 2 SYSTEMPATH\View\View.php(226): include('C:\\xampp\\htdocs\\ecovision\\app\\Views\\admin\\vw_mapacalor.php')
 3 SYSTEMPATH\View\View.php(229): CodeIgniter\View\View->CodeIgniter\View\{closure}()
 4 SYSTEMPATH\Common.php(1167): CodeIgniter\View\View->render('admin/vw_mapacalor', [], true)
 5 APPPATH\Controllers\MapaController.php(27): view('admin/vw_mapacalor', [...])
 6 SYSTEMPATH\CodeIgniter.php(933): App\Controllers\MapaController->index()
 7 SYSTEMPATH\CodeIgniter.php(507): CodeIgniter\CodeIgniter->runController(Object(App\Controllers\MapaController))
 8 SYSTEMPATH\CodeIgniter.php(354): CodeIgniter\CodeIgniter->handleRequest(null, Object(Config\Cache), false)
 9 SYSTEMPATH\Boot.php(363): CodeIgniter\CodeIgniter->run()
10 SYSTEMPATH\Boot.php(68): CodeIgniter\Boot::runCodeIgniter(Object(CodeIgniter\CodeIgniter))
11 FCPATH\index.php(59): CodeIgniter\Boot::bootWeb(Object(Config\Paths))
WARNING - 2025-11-09 13:55:12 --> [DEPRECATED] ucfirst(): Passing null to parameter #1 ($string) of type string is deprecated in APPPATH\Views\admin\vw_mapacalor.php on line 79.
 1 APPPATH\Views\admin\vw_mapacalor.php(79): ucfirst(null)
 2 SYSTEMPATH\View\View.php(226): include('C:\\xampp\\htdocs\\ecovision\\app\\Views\\admin\\vw_mapacalor.php')
 3 SYSTEMPATH\View\View.php(229): CodeIgniter\View\View->CodeIgniter\View\{closure}()
 4 SYSTEMPATH\Common.php(1167): CodeIgniter\View\View->render('admin/vw_mapacalor', [], true)
 5 APPPATH\Controllers\MapaController.php(27): view('admin/vw_mapacalor', [...])
 6 SYSTEMPATH\CodeIgniter.php(933): App\Controllers\MapaController->index()
 7 SYSTEMPATH\CodeIgniter.php(507): CodeIgniter\CodeIgniter->runController(Object(App\Controllers\MapaController))
 8 SYSTEMPATH\CodeIgniter.php(354): CodeIgniter\CodeIgniter->handleRequest(null, Object(Config\Cache), false)
 9 SYSTEMPATH\Boot.php(363): CodeIgniter\CodeIgniter->run()
10 SYSTEMPATH\Boot.php(68): CodeIgniter\Boot::runCodeIgniter(Object(CodeIgniter\CodeIgniter))
11 FCPATH\index.php(59): CodeIgniter\Boot::bootWeb(Object(Config\Paths))
DEBUG - 2025-11-09 13:55:12 --> Session: Class initialized using 'CodeIgniter\Session\Handlers\FileHandler' driver.
WARNING - 2025-11-09 13:55:13 --> [DEPRECATED] ucfirst(): Passing null to parameter #1 ($string) of type string is deprecated in APPPATH\Views\admin\vw_mapacalor.php on line 54.
 1 APPPATH\Views\admin\vw_mapacalor.php(54): ucfirst(null)
 2 SYSTEMPATH\View\View.php(226): include('C:\\xampp\\htdocs\\ecovision\\app\\Views\\admin\\vw_mapacalor.php')
 3 SYSTEMPATH\View\View.php(229): CodeIgniter\View\View->CodeIgniter\View\{closure}()
 4 SYSTEMPATH\Common.php(1167): CodeIgniter\View\View->render('admin/vw_mapacalor', [], true)
 5 APPPATH\Controllers\MapaController.php(27): view('admin/vw_mapacalor', [...])
 6 SYSTEMPATH\CodeIgniter.php(933): App\Controllers\MapaController->index()
 7 SYSTEMPATH\CodeIgniter.php(507): CodeIgniter\CodeIgniter->runController(Object(App\Controllers\MapaController))
 8 SYSTEMPATH\CodeIgniter.php(354): CodeIgniter\CodeIgniter->handleRequest(null, Object(Config\Cache), false)
 9 SYSTEMPATH\Boot.php(363): CodeIgniter\CodeIgniter->run()
10 SYSTEMPATH\Boot.php(68): CodeIgniter\Boot::runCodeIgniter(Object(CodeIgniter\CodeIgniter))
11 FCPATH\index.php(59): CodeIgniter\Boot::bootWeb(Object(Config\Paths))
WARNING - 2025-11-09 13:55:13 --> [DEPRECATED] ucfirst(): Passing null to parameter #1 ($string) of type string is deprecated in APPPATH\Views\admin\vw_mapacalor.php on line 54.
 1 APPPATH\Views\admin\vw_mapacalor.php(54): ucfirst(null)
 2 SYSTEMPATH\View\View.php(226): include('C:\\xampp\\htdocs\\ecovision\\app\\Views\\admin\\vw_mapacalor.php')
 3 SYSTEMPATH\View\View.php(229): CodeIgniter\View\View->CodeIgniter\View\{closure}()
 4 SYSTEMPATH\Common.php(1167): CodeIgniter\View\View->render('admin/vw_mapacalor', [], true)
 5 APPPATH\Controllers\MapaController.php(27): view('admin/vw_mapacalor', [...])
 6 SYSTEMPATH\CodeIgniter.php(933): App\Controllers\MapaController->index()
 7 SYSTEMPATH\CodeIgniter.php(507): CodeIgniter\CodeIgniter->runController(Object(App\Controllers\MapaController))
 8 SYSTEMPATH\CodeIgniter.php(354): CodeIgniter\CodeIgniter->handleRequest(null, Object(Config\Cache), false)
 9 SYSTEMPATH\Boot.php(363): CodeIgniter\CodeIgniter->run()
10 SYSTEMPATH\Boot.php(68): CodeIgniter\Boot::runCodeIgniter(Object(CodeIgniter\CodeIgniter))
11 FCPATH\index.php(59): CodeIgniter\Boot::bootWeb(Object(Config\Paths))
WARNING - 2025-11-09 13:55:13 --> [DEPRECATED] ucfirst(): Passing null to parameter #1 ($string) of type string is deprecated in APPPATH\Views\admin\vw_mapacalor.php on line 54.
 1 APPPATH\Views\admin\vw_mapacalor.php(54): ucfirst(null)
 2 SYSTEMPATH\View\View.php(226): include('C:\\xampp\\htdocs\\ecovision\\app\\Views\\admin\\vw_mapacalor.php')
 3 SYSTEMPATH\View\View.php(229): CodeIgniter\View\View->CodeIgniter\View\{closure}()
 4 SYSTEMPATH\Common.php(1167): CodeIgniter\View\View->render('admin/vw_mapacalor', [], true)
 5 APPPATH\Controllers\MapaController.php(27): view('admin/vw_mapacalor', [...])
 6 SYSTEMPATH\CodeIgniter.php(933): App\Controllers\MapaController->index()
 7 SYSTEMPATH\CodeIgniter.php(507): CodeIgniter\CodeIgniter->runController(Object(App\Controllers\MapaController))
 8 SYSTEMPATH\CodeIgniter.php(354): CodeIgniter\CodeIgniter->handleRequest(null, Object(Config\Cache), false)
 9 SYSTEMPATH\Boot.php(363): CodeIgniter\CodeIgniter->run()
10 SYSTEMPATH\Boot.php(68): CodeIgniter\Boot::runCodeIgniter(Object(CodeIgniter\CodeIgniter))
11 FCPATH\index.php(59): CodeIgniter\Boot::bootWeb(Object(Config\Paths))
WARNING - 2025-11-09 13:55:13 --> [DEPRECATED] ucfirst(): Passing null to parameter #1 ($string) of type string is deprecated in APPPATH\Views\admin\vw_mapacalor.php on line 54.
 1 APPPATH\Views\admin\vw_mapacalor.php(54): ucfirst(null)
 2 SYSTEMPATH\View\View.php(226): include('C:\\xampp\\htdocs\\ecovision\\app\\Views\\admin\\vw_mapacalor.php')
 3 SYSTEMPATH\View\View.php(229): CodeIgniter\View\View->CodeIgniter\View\{closure}()
 4 SYSTEMPATH\Common.php(1167): CodeIgniter\View\View->render('admin/vw_mapacalor', [], true)
 5 APPPATH\Controllers\MapaController.php(27): view('admin/vw_mapacalor', [...])
 6 SYSTEMPATH\CodeIgniter.php(933): App\Controllers\MapaController->index()
 7 SYSTEMPATH\CodeIgniter.php(507): CodeIgniter\CodeIgniter->runController(Object(App\Controllers\MapaController))
 8 SYSTEMPATH\CodeIgniter.php(354): CodeIgniter\CodeIgniter->handleRequest(null, Object(Config\Cache), false)
 9 SYSTEMPATH\Boot.php(363): CodeIgniter\CodeIgniter->run()
10 SYSTEMPATH\Boot.php(68): CodeIgniter\Boot::runCodeIgniter(Object(CodeIgniter\CodeIgniter))
11 FCPATH\index.php(59): CodeIgniter\Boot::bootWeb(Object(Config\Paths))
WARNING - 2025-11-09 13:55:13 --> [DEPRECATED] ucfirst(): Passing null to parameter #1 ($string) of type string is deprecated in APPPATH\Views\admin\vw_mapacalor.php on line 54.
 1 APPPATH\Views\admin\vw_mapacalor.php(54): ucfirst(null)
 2 SYSTEMPATH\View\View.php(226): include('C:\\xampp\\htdocs\\ecovision\\app\\Views\\admin\\vw_mapacalor.php')
 3 SYSTEMPATH\View\View.php(229): CodeIgniter\View\View->CodeIgniter\View\{closure}()
 4 SYSTEMPATH\Common.php(1167): CodeIgniter\View\View->render('admin/vw_mapacalor', [], true)
 5 APPPATH\Controllers\MapaController.php(27): view('admin/vw_mapacalor', [...])
 6 SYSTEMPATH\CodeIgniter.php(933): App\Controllers\MapaController->index()
 7 SYSTEMPATH\CodeIgniter.php(507): CodeIgniter\CodeIgniter->runController(Object(App\Controllers\MapaController))
 8 SYSTEMPATH\CodeIgniter.php(354): CodeIgniter\CodeIgniter->handleRequest(null, Object(Config\Cache), false)
 9 SYSTEMPATH\Boot.php(363): CodeIgniter\CodeIgniter->run()
10 SYSTEMPATH\Boot.php(68): CodeIgniter\Boot::runCodeIgniter(Object(CodeIgniter\CodeIgniter))
11 FCPATH\index.php(59): CodeIgniter\Boot::bootWeb(Object(Config\Paths))
WARNING - 2025-11-09 13:55:13 --> [DEPRECATED] ucfirst(): Passing null to parameter #1 ($string) of type string is deprecated in APPPATH\Views\admin\vw_mapacalor.php on line 79.
 1 APPPATH\Views\admin\vw_mapacalor.php(79): ucfirst(null)
 2 SYSTEMPATH\View\View.php(226): include('C:\\xampp\\htdocs\\ecovision\\app\\Views\\admin\\vw_mapacalor.php')
 3 SYSTEMPATH\View\View.php(229): CodeIgniter\View\View->CodeIgniter\View\{closure}()
 4 SYSTEMPATH\Common.php(1167): CodeIgniter\View\View->render('admin/vw_mapacalor', [], true)
 5 APPPATH\Controllers\MapaController.php(27): view('admin/vw_mapacalor', [...])
 6 SYSTEMPATH\CodeIgniter.php(933): App\Controllers\MapaController->index()
 7 SYSTEMPATH\CodeIgniter.php(507): CodeIgniter\CodeIgniter->runController(Object(App\Controllers\MapaController))
 8 SYSTEMPATH\CodeIgniter.php(354): CodeIgniter\CodeIgniter->handleRequest(null, Object(Config\Cache), false)
 9 SYSTEMPATH\Boot.php(363): CodeIgniter\CodeIgniter->run()
10 SYSTEMPATH\Boot.php(68): CodeIgniter\Boot::runCodeIgniter(Object(CodeIgniter\CodeIgniter))
11 FCPATH\index.php(59): CodeIgniter\Boot::bootWeb(Object(Config\Paths))
WARNING - 2025-11-09 13:55:13 --> [DEPRECATED] ucfirst(): Passing null to parameter #1 ($string) of type string is deprecated in APPPATH\Views\admin\vw_mapacalor.php on line 79.
 1 APPPATH\Views\admin\vw_mapacalor.php(79): ucfirst(null)
 2 SYSTEMPATH\View\View.php(226): include('C:\\xampp\\htdocs\\ecovision\\app\\Views\\admin\\vw_mapacalor.php')
 3 SYSTEMPATH\View\View.php(229): CodeIgniter\View\View->CodeIgniter\View\{closure}()
 4 SYSTEMPATH\Common.php(1167): CodeIgniter\View\View->render('admin/vw_mapacalor', [], true)
 5 APPPATH\Controllers\MapaController.php(27): view('admin/vw_mapacalor', [...])
 6 SYSTEMPATH\CodeIgniter.php(933): App\Controllers\MapaController->index()
 7 SYSTEMPATH\CodeIgniter.php(507): CodeIgniter\CodeIgniter->runController(Object(App\Controllers\MapaController))
 8 SYSTEMPATH\CodeIgniter.php(354): CodeIgniter\CodeIgniter->handleRequest(null, Object(Config\Cache), false)
 9 SYSTEMPATH\Boot.php(363): CodeIgniter\CodeIgniter->run()
10 SYSTEMPATH\Boot.php(68): CodeIgniter\Boot::runCodeIgniter(Object(CodeIgniter\CodeIgniter))
11 FCPATH\index.php(59): CodeIgniter\Boot::bootWeb(Object(Config\Paths))
WARNING - 2025-11-09 13:55:13 --> [DEPRECATED] ucfirst(): Passing null to parameter #1 ($string) of type string is deprecated in APPPATH\Views\admin\vw_mapacalor.php on line 79.
 1 APPPATH\Views\admin\vw_mapacalor.php(79): ucfirst(null)
 2 SYSTEMPATH\View\View.php(226): include('C:\\xampp\\htdocs\\ecovision\\app\\Views\\admin\\vw_mapacalor.php')
 3 SYSTEMPATH\View\View.php(229): CodeIgniter\View\View->CodeIgniter\View\{closure}()
 4 SYSTEMPATH\Common.php(1167): CodeIgniter\View\View->render('admin/vw_mapacalor', [], true)
 5 APPPATH\Controllers\MapaController.php(27): view('admin/vw_mapacalor', [...])
 6 SYSTEMPATH\CodeIgniter.php(933): App\Controllers\MapaController->index()
 7 SYSTEMPATH\CodeIgniter.php(507): CodeIgniter\CodeIgniter->runController(Object(App\Controllers\MapaController))
 8 SYSTEMPATH\CodeIgniter.php(354): CodeIgniter\CodeIgniter->handleRequest(null, Object(Config\Cache), false)
 9 SYSTEMPATH\Boot.php(363): CodeIgniter\CodeIgniter->run()
10 SYSTEMPATH\Boot.php(68): CodeIgniter\Boot::runCodeIgniter(Object(CodeIgniter\CodeIgniter))
11 FCPATH\index.php(59): CodeIgniter\Boot::bootWeb(Object(Config\Paths))
WARNING - 2025-11-09 13:55:13 --> [DEPRECATED] ucfirst(): Passing null to parameter #1 ($string) of type string is deprecated in APPPATH\Views\admin\vw_mapacalor.php on line 79.
 1 APPPATH\Views\admin\vw_mapacalor.php(79): ucfirst(null)
 2 SYSTEMPATH\View\View.php(226): include('C:\\xampp\\htdocs\\ecovision\\app\\Views\\admin\\vw_mapacalor.php')
 3 SYSTEMPATH\View\View.php(229): CodeIgniter\View\View->CodeIgniter\View\{closure}()
 4 SYSTEMPATH\Common.php(1167): CodeIgniter\View\View->render('admin/vw_mapacalor', [], true)
 5 APPPATH\Controllers\MapaController.php(27): view('admin/vw_mapacalor', [...])
 6 SYSTEMPATH\CodeIgniter.php(933): App\Controllers\MapaController->index()
 7 SYSTEMPATH\CodeIgniter.php(507): CodeIgniter\CodeIgniter->runController(Object(App\Controllers\MapaController))
 8 SYSTEMPATH\CodeIgniter.php(354): CodeIgniter\CodeIgniter->handleRequest(null, Object(Config\Cache), false)
 9 SYSTEMPATH\Boot.php(363): CodeIgniter\CodeIgniter->run()
10 SYSTEMPATH\Boot.php(68): CodeIgniter\Boot::runCodeIgniter(Object(CodeIgniter\CodeIgniter))
11 FCPATH\index.php(59): CodeIgniter\Boot::bootWeb(Object(Config\Paths))
WARNING - 2025-11-09 13:55:13 --> [DEPRECATED] ucfirst(): Passing null to parameter #1 ($string) of type string is deprecated in APPPATH\Views\admin\vw_mapacalor.php on line 79.
 1 APPPATH\Views\admin\vw_mapacalor.php(79): ucfirst(null)
 2 SYSTEMPATH\View\View.php(226): include('C:\\xampp\\htdocs\\ecovision\\app\\Views\\admin\\vw_mapacalor.php')
 3 SYSTEMPATH\View\View.php(229): CodeIgniter\View\View->CodeIgniter\View\{closure}()
 4 SYSTEMPATH\Common.php(1167): CodeIgniter\View\View->render('admin/vw_mapacalor', [], true)
 5 APPPATH\Controllers\MapaController.php(27): view('admin/vw_mapacalor', [...])
 6 SYSTEMPATH\CodeIgniter.php(933): App\Controllers\MapaController->index()
 7 SYSTEMPATH\CodeIgniter.php(507): CodeIgniter\CodeIgniter->runController(Object(App\Controllers\MapaController))
 8 SYSTEMPATH\CodeIgniter.php(354): CodeIgniter\CodeIgniter->handleRequest(null, Object(Config\Cache), false)
 9 SYSTEMPATH\Boot.php(363): CodeIgniter\CodeIgniter->run()
10 SYSTEMPATH\Boot.php(68): CodeIgniter\Boot::runCodeIgniter(Object(CodeIgniter\CodeIgniter))
11 FCPATH\index.php(59): CodeIgniter\Boot::bootWeb(Object(Config\Paths))
DEBUG - 2025-11-09 13:55:18 --> Session: Class initialized using 'CodeIgniter\Session\Handlers\FileHandler' driver.
WARNING - 2025-11-09 13:55:18 --> [DEPRECATED] ucfirst(): Passing null to parameter #1 ($string) of type string is deprecated in APPPATH\Views\admin\vw_mapacalor.php on line 54.
 1 APPPATH\Views\admin\vw_mapacalor.php(54): ucfirst(null)
 2 SYSTEMPATH\View\View.php(226): include('C:\\xampp\\htdocs\\ecovision\\app\\Views\\admin\\vw_mapacalor.php')
 3 SYSTEMPATH\View\View.php(229): CodeIgniter\View\View->CodeIgniter\View\{closure}()
 4 SYSTEMPATH\Common.php(1167): CodeIgniter\View\View->render('admin/vw_mapacalor', [], true)
 5 APPPATH\Controllers\MapaController.php(27): view('admin/vw_mapacalor', [...])
 6 SYSTEMPATH\CodeIgniter.php(933): App\Controllers\MapaController->index()
 7 SYSTEMPATH\CodeIgniter.php(507): CodeIgniter\CodeIgniter->runController(Object(App\Controllers\MapaController))
 8 SYSTEMPATH\CodeIgniter.php(354): CodeIgniter\CodeIgniter->handleRequest(null, Object(Config\Cache), false)
 9 SYSTEMPATH\Boot.php(363): CodeIgniter\CodeIgniter->run()
10 SYSTEMPATH\Boot.php(68): CodeIgniter\Boot::runCodeIgniter(Object(CodeIgniter\CodeIgniter))
11 FCPATH\index.php(59): CodeIgniter\Boot::bootWeb(Object(Config\Paths))
WARNING - 2025-11-09 13:55:18 --> [DEPRECATED] ucfirst(): Passing null to parameter #1 ($string) of type string is deprecated in APPPATH\Views\admin\vw_mapacalor.php on line 54.
 1 APPPATH\Views\admin\vw_mapacalor.php(54): ucfirst(null)
 2 SYSTEMPATH\View\View.php(226): include('C:\\xampp\\htdocs\\ecovision\\app\\Views\\admin\\vw_mapacalor.php')
 3 SYSTEMPATH\View\View.php(229): CodeIgniter\View\View->CodeIgniter\View\{closure}()
 4 SYSTEMPATH\Common.php(1167): CodeIgniter\View\View->render('admin/vw_mapacalor', [], true)
 5 APPPATH\Controllers\MapaController.php(27): view('admin/vw_mapacalor', [...])
 6 SYSTEMPATH\CodeIgniter.php(933): App\Controllers\MapaController->index()
 7 SYSTEMPATH\CodeIgniter.php(507): CodeIgniter\CodeIgniter->runController(Object(App\Controllers\MapaController))
 8 SYSTEMPATH\CodeIgniter.php(354): CodeIgniter\CodeIgniter->handleRequest(null, Object(Config\Cache), false)
 9 SYSTEMPATH\Boot.php(363): CodeIgniter\CodeIgniter->run()
10 SYSTEMPATH\Boot.php(68): CodeIgniter\Boot::runCodeIgniter(Object(CodeIgniter\CodeIgniter))
11 FCPATH\index.php(59): CodeIgniter\Boot::bootWeb(Object(Config\Paths))
WARNING - 2025-11-09 13:55:18 --> [DEPRECATED] ucfirst(): Passing null to parameter #1 ($string) of type string is deprecated in APPPATH\Views\admin\vw_mapacalor.php on line 54.
 1 APPPATH\Views\admin\vw_mapacalor.php(54): ucfirst(null)
 2 SYSTEMPATH\View\View.php(226): include('C:\\xampp\\htdocs\\ecovision\\app\\Views\\admin\\vw_mapacalor.php')
 3 SYSTEMPATH\View\View.php(229): CodeIgniter\View\View->CodeIgniter\View\{closure}()
 4 SYSTEMPATH\Common.php(1167): CodeIgniter\View\View->render('admin/vw_mapacalor', [], true)
 5 APPPATH\Controllers\MapaController.php(27): view('admin/vw_mapacalor', [...])
 6 SYSTEMPATH\CodeIgniter.php(933): App\Controllers\MapaController->index()
 7 SYSTEMPATH\CodeIgniter.php(507): CodeIgniter\CodeIgniter->runController(Object(App\Controllers\MapaController))
 8 SYSTEMPATH\CodeIgniter.php(354): CodeIgniter\CodeIgniter->handleRequest(null, Object(Config\Cache), false)
 9 SYSTEMPATH\Boot.php(363): CodeIgniter\CodeIgniter->run()
10 SYSTEMPATH\Boot.php(68): CodeIgniter\Boot::runCodeIgniter(Object(CodeIgniter\CodeIgniter))
11 FCPATH\index.php(59): CodeIgniter\Boot::bootWeb(Object(Config\Paths))
WARNING - 2025-11-09 13:55:18 --> [DEPRECATED] ucfirst(): Passing null to parameter #1 ($string) of type string is deprecated in APPPATH\Views\admin\vw_mapacalor.php on line 54.
 1 APPPATH\Views\admin\vw_mapacalor.php(54): ucfirst(null)
 2 SYSTEMPATH\View\View.php(226): include('C:\\xampp\\htdocs\\ecovision\\app\\Views\\admin\\vw_mapacalor.php')
 3 SYSTEMPATH\View\View.php(229): CodeIgniter\View\View->CodeIgniter\View\{closure}()
 4 SYSTEMPATH\Common.php(1167): CodeIgniter\View\View->render('admin/vw_mapacalor', [], true)
 5 APPPATH\Controllers\MapaController.php(27): view('admin/vw_mapacalor', [...])
 6 SYSTEMPATH\CodeIgniter.php(933): App\Controllers\MapaController->index()
 7 SYSTEMPATH\CodeIgniter.php(507): CodeIgniter\CodeIgniter->runController(Object(App\Controllers\MapaController))
 8 SYSTEMPATH\CodeIgniter.php(354): CodeIgniter\CodeIgniter->handleRequest(null, Object(Config\Cache), false)
 9 SYSTEMPATH\Boot.php(363): CodeIgniter\CodeIgniter->run()
10 SYSTEMPATH\Boot.php(68): CodeIgniter\Boot::runCodeIgniter(Object(CodeIgniter\CodeIgniter))
11 FCPATH\index.php(59): CodeIgniter\Boot::bootWeb(Object(Config\Paths))
WARNING - 2025-11-09 13:55:18 --> [DEPRECATED] ucfirst(): Passing null to parameter #1 ($string) of type string is deprecated in APPPATH\Views\admin\vw_mapacalor.php on line 54.
 1 APPPATH\Views\admin\vw_mapacalor.php(54): ucfirst(null)
 2 SYSTEMPATH\View\View.php(226): include('C:\\xampp\\htdocs\\ecovision\\app\\Views\\admin\\vw_mapacalor.php')
 3 SYSTEMPATH\View\View.php(229): CodeIgniter\View\View->CodeIgniter\View\{closure}()
 4 SYSTEMPATH\Common.php(1167): CodeIgniter\View\View->render('admin/vw_mapacalor', [], true)
 5 APPPATH\Controllers\MapaController.php(27): view('admin/vw_mapacalor', [...])
 6 SYSTEMPATH\CodeIgniter.php(933): App\Controllers\MapaController->index()
 7 SYSTEMPATH\CodeIgniter.php(507): CodeIgniter\CodeIgniter->runController(Object(App\Controllers\MapaController))
 8 SYSTEMPATH\CodeIgniter.php(354): CodeIgniter\CodeIgniter->handleRequest(null, Object(Config\Cache), false)
 9 SYSTEMPATH\Boot.php(363): CodeIgniter\CodeIgniter->run()
10 SYSTEMPATH\Boot.php(68): CodeIgniter\Boot::runCodeIgniter(Object(CodeIgniter\CodeIgniter))
11 FCPATH\index.php(59): CodeIgniter\Boot::bootWeb(Object(Config\Paths))
WARNING - 2025-11-09 13:55:18 --> [DEPRECATED] ucfirst(): Passing null to parameter #1 ($string) of type string is deprecated in APPPATH\Views\admin\vw_mapacalor.php on line 79.
 1 APPPATH\Views\admin\vw_mapacalor.php(79): ucfirst(null)
 2 SYSTEMPATH\View\View.php(226): include('C:\\xampp\\htdocs\\ecovision\\app\\Views\\admin\\vw_mapacalor.php')
 3 SYSTEMPATH\View\View.php(229): CodeIgniter\View\View->CodeIgniter\View\{closure}()
 4 SYSTEMPATH\Common.php(1167): CodeIgniter\View\View->render('admin/vw_mapacalor', [], true)
 5 APPPATH\Controllers\MapaController.php(27): view('admin/vw_mapacalor', [...])
 6 SYSTEMPATH\CodeIgniter.php(933): App\Controllers\MapaController->index()
 7 SYSTEMPATH\CodeIgniter.php(507): CodeIgniter\CodeIgniter->runController(Object(App\Controllers\MapaController))
 8 SYSTEMPATH\CodeIgniter.php(354): CodeIgniter\CodeIgniter->handleRequest(null, Object(Config\Cache), false)
 9 SYSTEMPATH\Boot.php(363): CodeIgniter\CodeIgniter->run()
10 SYSTEMPATH\Boot.php(68): CodeIgniter\Boot::runCodeIgniter(Object(CodeIgniter\CodeIgniter))
11 FCPATH\index.php(59): CodeIgniter\Boot::bootWeb(Object(Config\Paths))
WARNING - 2025-11-09 13:55:18 --> [DEPRECATED] ucfirst(): Passing null to parameter #1 ($string) of type string is deprecated in APPPATH\Views\admin\vw_mapacalor.php on line 79.
 1 APPPATH\Views\admin\vw_mapacalor.php(79): ucfirst(null)
 2 SYSTEMPATH\View\View.php(226): include('C:\\xampp\\htdocs\\ecovision\\app\\Views\\admin\\vw_mapacalor.php')
 3 SYSTEMPATH\View\View.php(229): CodeIgniter\View\View->CodeIgniter\View\{closure}()
 4 SYSTEMPATH\Common.php(1167): CodeIgniter\View\View->render('admin/vw_mapacalor', [], true)
 5 APPPATH\Controllers\MapaController.php(27): view('admin/vw_mapacalor', [...])
 6 SYSTEMPATH\CodeIgniter.php(933): App\Controllers\MapaController->index()
 7 SYSTEMPATH\CodeIgniter.php(507): CodeIgniter\CodeIgniter->runController(Object(App\Controllers\MapaController))
 8 SYSTEMPATH\CodeIgniter.php(354): CodeIgniter\CodeIgniter->handleRequest(null, Object(Config\Cache), false)
 9 SYSTEMPATH\Boot.php(363): CodeIgniter\CodeIgniter->run()
10 SYSTEMPATH\Boot.php(68): CodeIgniter\Boot::runCodeIgniter(Object(CodeIgniter\CodeIgniter))
11 FCPATH\index.php(59): CodeIgniter\Boot::bootWeb(Object(Config\Paths))
WARNING - 2025-11-09 13:55:18 --> [DEPRECATED] ucfirst(): Passing null to parameter #1 ($string) of type string is deprecated in APPPATH\Views\admin\vw_mapacalor.php on line 79.
 1 APPPATH\Views\admin\vw_mapacalor.php(79): ucfirst(null)
 2 SYSTEMPATH\View\View.php(226): include('C:\\xampp\\htdocs\\ecovision\\app\\Views\\admin\\vw_mapacalor.php')
 3 SYSTEMPATH\View\View.php(229): CodeIgniter\View\View->CodeIgniter\View\{closure}()
 4 SYSTEMPATH\Common.php(1167): CodeIgniter\View\View->render('admin/vw_mapacalor', [], true)
 5 APPPATH\Controllers\MapaController.php(27): view('admin/vw_mapacalor', [...])
 6 SYSTEMPATH\CodeIgniter.php(933): App\Controllers\MapaController->index()
 7 SYSTEMPATH\CodeIgniter.php(507): CodeIgniter\CodeIgniter->runController(Object(App\Controllers\MapaController))
 8 SYSTEMPATH\CodeIgniter.php(354): CodeIgniter\CodeIgniter->handleRequest(null, Object(Config\Cache), false)
 9 SYSTEMPATH\Boot.php(363): CodeIgniter\CodeIgniter->run()
10 SYSTEMPATH\Boot.php(68): CodeIgniter\Boot::runCodeIgniter(Object(CodeIgniter\CodeIgniter))
11 FCPATH\index.php(59): CodeIgniter\Boot::bootWeb(Object(Config\Paths))
WARNING - 2025-11-09 13:55:18 --> [DEPRECATED] ucfirst(): Passing null to parameter #1 ($string) of type string is deprecated in APPPATH\Views\admin\vw_mapacalor.php on line 79.
 1 APPPATH\Views\admin\vw_mapacalor.php(79): ucfirst(null)
 2 SYSTEMPATH\View\View.php(226): include('C:\\xampp\\htdocs\\ecovision\\app\\Views\\admin\\vw_mapacalor.php')
 3 SYSTEMPATH\View\View.php(229): CodeIgniter\View\View->CodeIgniter\View\{closure}()
 4 SYSTEMPATH\Common.php(1167): CodeIgniter\View\View->render('admin/vw_mapacalor', [], true)
 5 APPPATH\Controllers\MapaController.php(27): view('admin/vw_mapacalor', [...])
 6 SYSTEMPATH\CodeIgniter.php(933): App\Controllers\MapaController->index()
 7 SYSTEMPATH\CodeIgniter.php(507): CodeIgniter\CodeIgniter->runController(Object(App\Controllers\MapaController))
 8 SYSTEMPATH\CodeIgniter.php(354): CodeIgniter\CodeIgniter->handleRequest(null, Object(Config\Cache), false)
 9 SYSTEMPATH\Boot.php(363): CodeIgniter\CodeIgniter->run()
10 SYSTEMPATH\Boot.php(68): CodeIgniter\Boot::runCodeIgniter(Object(CodeIgniter\CodeIgniter))
11 FCPATH\index.php(59): CodeIgniter\Boot::bootWeb(Object(Config\Paths))
WARNING - 2025-11-09 13:55:18 --> [DEPRECATED] ucfirst(): Passing null to parameter #1 ($string) of type string is deprecated in APPPATH\Views\admin\vw_mapacalor.php on line 79.
 1 APPPATH\Views\admin\vw_mapacalor.php(79): ucfirst(null)
 2 SYSTEMPATH\View\View.php(226): include('C:\\xampp\\htdocs\\ecovision\\app\\Views\\admin\\vw_mapacalor.php')
 3 SYSTEMPATH\View\View.php(229): CodeIgniter\View\View->CodeIgniter\View\{closure}()
 4 SYSTEMPATH\Common.php(1167): CodeIgniter\View\View->render('admin/vw_mapacalor', [], true)
 5 APPPATH\Controllers\MapaController.php(27): view('admin/vw_mapacalor', [...])
 6 SYSTEMPATH\CodeIgniter.php(933): App\Controllers\MapaController->index()
 7 SYSTEMPATH\CodeIgniter.php(507): CodeIgniter\CodeIgniter->runController(Object(App\Controllers\MapaController))
 8 SYSTEMPATH\CodeIgniter.php(354): CodeIgniter\CodeIgniter->handleRequest(null, Object(Config\Cache), false)
 9 SYSTEMPATH\Boot.php(363): CodeIgniter\CodeIgniter->run()
10 SYSTEMPATH\Boot.php(68): CodeIgniter\Boot::runCodeIgniter(Object(CodeIgniter\CodeIgniter))
11 FCPATH\index.php(59): CodeIgniter\Boot::bootWeb(Object(Config\Paths))
DEBUG - 2025-11-09 13:55:19 --> Session: Class initialized using 'CodeIgniter\Session\Handlers\FileHandler' driver.
WARNING - 2025-11-09 13:55:19 --> [DEPRECATED] ucfirst(): Passing null to parameter #1 ($string) of type string is deprecated in APPPATH\Views\admin\vw_mapacalor.php on line 54.
 1 APPPATH\Views\admin\vw_mapacalor.php(54): ucfirst(null)
 2 SYSTEMPATH\View\View.php(226): include('C:\\xampp\\htdocs\\ecovision\\app\\Views\\admin\\vw_mapacalor.php')
 3 SYSTEMPATH\View\View.php(229): CodeIgniter\View\View->CodeIgniter\View\{closure}()
 4 SYSTEMPATH\Common.php(1167): CodeIgniter\View\View->render('admin/vw_mapacalor', [], true)
 5 APPPATH\Controllers\MapaController.php(27): view('admin/vw_mapacalor', [...])
 6 SYSTEMPATH\CodeIgniter.php(933): App\Controllers\MapaController->index()
 7 SYSTEMPATH\CodeIgniter.php(507): CodeIgniter\CodeIgniter->runController(Object(App\Controllers\MapaController))
 8 SYSTEMPATH\CodeIgniter.php(354): CodeIgniter\CodeIgniter->handleRequest(null, Object(Config\Cache), false)
 9 SYSTEMPATH\Boot.php(363): CodeIgniter\CodeIgniter->run()
10 SYSTEMPATH\Boot.php(68): CodeIgniter\Boot::runCodeIgniter(Object(CodeIgniter\CodeIgniter))
11 FCPATH\index.php(59): CodeIgniter\Boot::bootWeb(Object(Config\Paths))
WARNING - 2025-11-09 13:55:19 --> [DEPRECATED] ucfirst(): Passing null to parameter #1 ($string) of type string is deprecated in APPPATH\Views\admin\vw_mapacalor.php on line 54.
 1 APPPATH\Views\admin\vw_mapacalor.php(54): ucfirst(null)
 2 SYSTEMPATH\View\View.php(226): include('C:\\xampp\\htdocs\\ecovision\\app\\Views\\admin\\vw_mapacalor.php')
 3 SYSTEMPATH\View\View.php(229): CodeIgniter\View\View->CodeIgniter\View\{closure}()
 4 SYSTEMPATH\Common.php(1167): CodeIgniter\View\View->render('admin/vw_mapacalor', [], true)
 5 APPPATH\Controllers\MapaController.php(27): view('admin/vw_mapacalor', [...])
 6 SYSTEMPATH\CodeIgniter.php(933): App\Controllers\MapaController->index()
 7 SYSTEMPATH\CodeIgniter.php(507): CodeIgniter\CodeIgniter->runController(Object(App\Controllers\MapaController))
 8 SYSTEMPATH\CodeIgniter.php(354): CodeIgniter\CodeIgniter->handleRequest(null, Object(Config\Cache), false)
 9 SYSTEMPATH\Boot.php(363): CodeIgniter\CodeIgniter->run()
10 SYSTEMPATH\Boot.php(68): CodeIgniter\Boot::runCodeIgniter(Object(CodeIgniter\CodeIgniter))
11 FCPATH\index.php(59): CodeIgniter\Boot::bootWeb(Object(Config\Paths))
WARNING - 2025-11-09 13:55:19 --> [DEPRECATED] ucfirst(): Passing null to parameter #1 ($string) of type string is deprecated in APPPATH\Views\admin\vw_mapacalor.php on line 54.
 1 APPPATH\Views\admin\vw_mapacalor.php(54): ucfirst(null)
 2 SYSTEMPATH\View\View.php(226): include('C:\\xampp\\htdocs\\ecovision\\app\\Views\\admin\\vw_mapacalor.php')
 3 SYSTEMPATH\View\View.php(229): CodeIgniter\View\View->CodeIgniter\View\{closure}()
 4 SYSTEMPATH\Common.php(1167): CodeIgniter\View\View->render('admin/vw_mapacalor', [], true)
 5 APPPATH\Controllers\MapaController.php(27): view('admin/vw_mapacalor', [...])
 6 SYSTEMPATH\CodeIgniter.php(933): App\Controllers\MapaController->index()
 7 SYSTEMPATH\CodeIgniter.php(507): CodeIgniter\CodeIgniter->runController(Object(App\Controllers\MapaController))
 8 SYSTEMPATH\CodeIgniter.php(354): CodeIgniter\CodeIgniter->handleRequest(null, Object(Config\Cache), false)
 9 SYSTEMPATH\Boot.php(363): CodeIgniter\CodeIgniter->run()
10 SYSTEMPATH\Boot.php(68): CodeIgniter\Boot::runCodeIgniter(Object(CodeIgniter\CodeIgniter))
11 FCPATH\index.php(59): CodeIgniter\Boot::bootWeb(Object(Config\Paths))
WARNING - 2025-11-09 13:55:19 --> [DEPRECATED] ucfirst(): Passing null to parameter #1 ($string) of type string is deprecated in APPPATH\Views\admin\vw_mapacalor.php on line 54.
 1 APPPATH\Views\admin\vw_mapacalor.php(54): ucfirst(null)
 2 SYSTEMPATH\View\View.php(226): include('C:\\xampp\\htdocs\\ecovision\\app\\Views\\admin\\vw_mapacalor.php')
 3 SYSTEMPATH\View\View.php(229): CodeIgniter\View\View->CodeIgniter\View\{closure}()
 4 SYSTEMPATH\Common.php(1167): CodeIgniter\View\View->render('admin/vw_mapacalor', [], true)
 5 APPPATH\Controllers\MapaController.php(27): view('admin/vw_mapacalor', [...])
 6 SYSTEMPATH\CodeIgniter.php(933): App\Controllers\MapaController->index()
 7 SYSTEMPATH\CodeIgniter.php(507): CodeIgniter\CodeIgniter->runController(Object(App\Controllers\MapaController))
 8 SYSTEMPATH\CodeIgniter.php(354): CodeIgniter\CodeIgniter->handleRequest(null, Object(Config\Cache), false)
 9 SYSTEMPATH\Boot.php(363): CodeIgniter\CodeIgniter->run()
10 SYSTEMPATH\Boot.php(68): CodeIgniter\Boot::runCodeIgniter(Object(CodeIgniter\CodeIgniter))
11 FCPATH\index.php(59): CodeIgniter\Boot::bootWeb(Object(Config\Paths))
WARNING - 2025-11-09 13:55:19 --> [DEPRECATED] ucfirst(): Passing null to parameter #1 ($string) of type string is deprecated in APPPATH\Views\admin\vw_mapacalor.php on line 54.
 1 APPPATH\Views\admin\vw_mapacalor.php(54): ucfirst(null)
 2 SYSTEMPATH\View\View.php(226): include('C:\\xampp\\htdocs\\ecovision\\app\\Views\\admin\\vw_mapacalor.php')
 3 SYSTEMPATH\View\View.php(229): CodeIgniter\View\View->CodeIgniter\View\{closure}()
 4 SYSTEMPATH\Common.php(1167): CodeIgniter\View\View->render('admin/vw_mapacalor', [], true)
 5 APPPATH\Controllers\MapaController.php(27): view('admin/vw_mapacalor', [...])
 6 SYSTEMPATH\CodeIgniter.php(933): App\Controllers\MapaController->index()
 7 SYSTEMPATH\CodeIgniter.php(507): CodeIgniter\CodeIgniter->runController(Object(App\Controllers\MapaController))
 8 SYSTEMPATH\CodeIgniter.php(354): CodeIgniter\CodeIgniter->handleRequest(null, Object(Config\Cache), false)
 9 SYSTEMPATH\Boot.php(363): CodeIgniter\CodeIgniter->run()
10 SYSTEMPATH\Boot.php(68): CodeIgniter\Boot::runCodeIgniter(Object(CodeIgniter\CodeIgniter))
11 FCPATH\index.php(59): CodeIgniter\Boot::bootWeb(Object(Config\Paths))
WARNING - 2025-11-09 13:55:19 --> [DEPRECATED] ucfirst(): Passing null to parameter #1 ($string) of type string is deprecated in APPPATH\Views\admin\vw_mapacalor.php on line 79.
 1 APPPATH\Views\admin\vw_mapacalor.php(79): ucfirst(null)
 2 SYSTEMPATH\View\View.php(226): include('C:\\xampp\\htdocs\\ecovision\\app\\Views\\admin\\vw_mapacalor.php')
 3 SYSTEMPATH\View\View.php(229): CodeIgniter\View\View->CodeIgniter\View\{closure}()
 4 SYSTEMPATH\Common.php(1167): CodeIgniter\View\View->render('admin/vw_mapacalor', [], true)
 5 APPPATH\Controllers\MapaController.php(27): view('admin/vw_mapacalor', [...])
 6 SYSTEMPATH\CodeIgniter.php(933): App\Controllers\MapaController->index()
 7 SYSTEMPATH\CodeIgniter.php(507): CodeIgniter\CodeIgniter->runController(Object(App\Controllers\MapaController))
 8 SYSTEMPATH\CodeIgniter.php(354): CodeIgniter\CodeIgniter->handleRequest(null, Object(Config\Cache), false)
 9 SYSTEMPATH\Boot.php(363): CodeIgniter\CodeIgniter->run()
10 SYSTEMPATH\Boot.php(68): CodeIgniter\Boot::runCodeIgniter(Object(CodeIgniter\CodeIgniter))
11 FCPATH\index.php(59): CodeIgniter\Boot::bootWeb(Object(Config\Paths))
WARNING - 2025-11-09 13:55:19 --> [DEPRECATED] ucfirst(): Passing null to parameter #1 ($string) of type string is deprecated in APPPATH\Views\admin\vw_mapacalor.php on line 79.
 1 APPPATH\Views\admin\vw_mapacalor.php(79): ucfirst(null)
 2 SYSTEMPATH\View\View.php(226): include('C:\\xampp\\htdocs\\ecovision\\app\\Views\\admin\\vw_mapacalor.php')
 3 SYSTEMPATH\View\View.php(229): CodeIgniter\View\View->CodeIgniter\View\{closure}()
 4 SYSTEMPATH\Common.php(1167): CodeIgniter\View\View->render('admin/vw_mapacalor', [], true)
 5 APPPATH\Controllers\MapaController.php(27): view('admin/vw_mapacalor', [...])
 6 SYSTEMPATH\CodeIgniter.php(933): App\Controllers\MapaController->index()
 7 SYSTEMPATH\CodeIgniter.php(507): CodeIgniter\CodeIgniter->runController(Object(App\Controllers\MapaController))
 8 SYSTEMPATH\CodeIgniter.php(354): CodeIgniter\CodeIgniter->handleRequest(null, Object(Config\Cache), false)
 9 SYSTEMPATH\Boot.php(363): CodeIgniter\CodeIgniter->run()
10 SYSTEMPATH\Boot.php(68): CodeIgniter\Boot::runCodeIgniter(Object(CodeIgniter\CodeIgniter))
11 FCPATH\index.php(59): CodeIgniter\Boot::bootWeb(Object(Config\Paths))
WARNING - 2025-11-09 13:55:19 --> [DEPRECATED] ucfirst(): Passing null to parameter #1 ($string) of type string is deprecated in APPPATH\Views\admin\vw_mapacalor.php on line 79.
 1 APPPATH\Views\admin\vw_mapacalor.php(79): ucfirst(null)
 2 SYSTEMPATH\View\View.php(226): include('C:\\xampp\\htdocs\\ecovision\\app\\Views\\admin\\vw_mapacalor.php')
 3 SYSTEMPATH\View\View.php(229): CodeIgniter\View\View->CodeIgniter\View\{closure}()
 4 SYSTEMPATH\Common.php(1167): CodeIgniter\View\View->render('admin/vw_mapacalor', [], true)
 5 APPPATH\Controllers\MapaController.php(27): view('admin/vw_mapacalor', [...])
 6 SYSTEMPATH\CodeIgniter.php(933): App\Controllers\MapaController->index()
 7 SYSTEMPATH\CodeIgniter.php(507): CodeIgniter\CodeIgniter->runController(Object(App\Controllers\MapaController))
 8 SYSTEMPATH\CodeIgniter.php(354): CodeIgniter\CodeIgniter->handleRequest(null, Object(Config\Cache), false)
 9 SYSTEMPATH\Boot.php(363): CodeIgniter\CodeIgniter->run()
10 SYSTEMPATH\Boot.php(68): CodeIgniter\Boot::runCodeIgniter(Object(CodeIgniter\CodeIgniter))
11 FCPATH\index.php(59): CodeIgniter\Boot::bootWeb(Object(Config\Paths))
WARNING - 2025-11-09 13:55:19 --> [DEPRECATED] ucfirst(): Passing null to parameter #1 ($string) of type string is deprecated in APPPATH\Views\admin\vw_mapacalor.php on line 79.
 1 APPPATH\Views\admin\vw_mapacalor.php(79): ucfirst(null)
 2 SYSTEMPATH\View\View.php(226): include('C:\\xampp\\htdocs\\ecovision\\app\\Views\\admin\\vw_mapacalor.php')
 3 SYSTEMPATH\View\View.php(229): CodeIgniter\View\View->CodeIgniter\View\{closure}()
 4 SYSTEMPATH\Common.php(1167): CodeIgniter\View\View->render('admin/vw_mapacalor', [], true)
 5 APPPATH\Controllers\MapaController.php(27): view('admin/vw_mapacalor', [...])
 6 SYSTEMPATH\CodeIgniter.php(933): App\Controllers\MapaController->index()
 7 SYSTEMPATH\CodeIgniter.php(507): CodeIgniter\CodeIgniter->runController(Object(App\Controllers\MapaController))
 8 SYSTEMPATH\CodeIgniter.php(354): CodeIgniter\CodeIgniter->handleRequest(null, Object(Config\Cache), false)
 9 SYSTEMPATH\Boot.php(363): CodeIgniter\CodeIgniter->run()
10 SYSTEMPATH\Boot.php(68): CodeIgniter\Boot::runCodeIgniter(Object(CodeIgniter\CodeIgniter))
11 FCPATH\index.php(59): CodeIgniter\Boot::bootWeb(Object(Config\Paths))
WARNING - 2025-11-09 13:55:19 --> [DEPRECATED] ucfirst(): Passing null to parameter #1 ($string) of type string is deprecated in APPPATH\Views\admin\vw_mapacalor.php on line 79.
 1 APPPATH\Views\admin\vw_mapacalor.php(79): ucfirst(null)
 2 SYSTEMPATH\View\View.php(226): include('C:\\xampp\\htdocs\\ecovision\\app\\Views\\admin\\vw_mapacalor.php')
 3 SYSTEMPATH\View\View.php(229): CodeIgniter\View\View->CodeIgniter\View\{closure}()
 4 SYSTEMPATH\Common.php(1167): CodeIgniter\View\View->render('admin/vw_mapacalor', [], true)
 5 APPPATH\Controllers\MapaController.php(27): view('admin/vw_mapacalor', [...])
 6 SYSTEMPATH\CodeIgniter.php(933): App\Controllers\MapaController->index()
 7 SYSTEMPATH\CodeIgniter.php(507): CodeIgniter\CodeIgniter->runController(Object(App\Controllers\MapaController))
 8 SYSTEMPATH\CodeIgniter.php(354): CodeIgniter\CodeIgniter->handleRequest(null, Object(Config\Cache), false)
 9 SYSTEMPATH\Boot.php(363): CodeIgniter\CodeIgniter->run()
10 SYSTEMPATH\Boot.php(68): CodeIgniter\Boot::runCodeIgniter(Object(CodeIgniter\CodeIgniter))
11 FCPATH\index.php(59): CodeIgniter\Boot::bootWeb(Object(Config\Paths))
DEBUG - 2025-11-09 13:57:51 --> Session: Class initialized using 'CodeIgniter\Session\Handlers\FileHandler' driver.
DEBUG - 2025-11-09 13:57:51 --> Session: Class initialized using 'CodeIgniter\Session\Handlers\FileHandler' driver.
DEBUG - 2025-11-09 13:58:41 --> Session: Class initialized using 'CodeIgniter\Session\Handlers\FileHandler' driver.
DEBUG - 2025-11-09 13:58:42 --> Session: Class initialized using 'CodeIgniter\Session\Handlers\FileHandler' driver.
DEBUG - 2025-11-09 14:05:33 --> Session: Class initialized using 'CodeIgniter\Session\Handlers\FileHandler' driver.
DEBUG - 2025-11-09 14:05:34 --> Session: Class initialized using 'CodeIgniter\Session\Handlers\FileHandler' driver.
DEBUG - 2025-11-09 14:06:04 --> Session: Class initialized using 'CodeIgniter\Session\Handlers\FileHandler' driver.
DEBUG - 2025-11-09 14:06:05 --> Session: Class initialized using 'CodeIgniter\Session\Handlers\FileHandler' driver.
DEBUG - 2025-11-09 14:42:30 --> Session: Class initialized using 'CodeIgniter\Session\Handlers\FileHandler' driver.
DEBUG - 2025-11-09 14:42:31 --> Session: Class initialized using 'CodeIgniter\Session\Handlers\FileHandler' driver.
DEBUG - 2025-11-09 14:44:41 --> Session: Class initialized using 'CodeIgniter\Session\Handlers\FileHandler' driver.
DEBUG - 2025-11-09 14:44:42 --> Session: Class initialized using 'CodeIgniter\Session\Handlers\FileHandler' driver.
DEBUG - 2025-11-09 15:58:12 --> Session: Class initialized using 'CodeIgniter\Session\Handlers\FileHandler' driver.
DEBUG - 2025-11-09 15:58:13 --> Session: Class initialized using 'CodeIgniter\Session\Handlers\FileHandler' driver.
DEBUG - 2025-11-09 16:15:27 --> Session: Class initialized using 'CodeIgniter\Session\Handlers\FileHandler' driver.
DEBUG - 2025-11-09 16:15:28 --> Session: Class initialized using 'CodeIgniter\Session\Handlers\FileHandler' driver.
DEBUG - 2025-11-09 16:15:31 --> Session: Class initialized using 'CodeIgniter\Session\Handlers\FileHandler' driver.
DEBUG - 2025-11-09 16:15:32 --> Session: Class initialized using 'CodeIgniter\Session\Handlers\FileHandler' driver.
DEBUG - 2025-11-09 16:15:39 --> Session: Class initialized using 'CodeIgniter\Session\Handlers\FileHandler' driver.
DEBUG - 2025-11-09 16:15:40 --> Session: Class initialized using 'CodeIgniter\Session\Handlers\FileHandler' driver.
DEBUG - 2025-11-09 16:16:32 --> Session: Class initialized using 'CodeIgniter\Session\Handlers\FileHandler' driver.
DEBUG - 2025-11-09 16:16:34 --> Session: Class initialized using 'CodeIgniter\Session\Handlers\FileHandler' driver.
DEBUG - 2025-11-09 16:16:42 --> Session: Class initialized using 'CodeIgniter\Session\Handlers\FileHandler' driver.
DEBUG - 2025-11-09 16:16:43 --> Session: Class initialized using 'CodeIgniter\Session\Handlers\FileHandler' driver.
DEBUG - 2025-11-09 16:17:47 --> Session: Class initialized using 'CodeIgniter\Session\Handlers\FileHandler' driver.
DEBUG - 2025-11-09 16:17:48 --> Session: Class initialized using 'CodeIgniter\Session\Handlers\FileHandler' driver.
DEBUG - 2025-11-09 16:21:30 --> Session: Class initialized using 'CodeIgniter\Session\Handlers\FileHandler' driver.
DEBUG - 2025-11-09 16:21:31 --> Session: Class initialized using 'CodeIgniter\Session\Handlers\FileHandler' driver.
DEBUG - 2025-11-09 16:21:50 --> Session: Class initialized using 'CodeIgniter\Session\Handlers\FileHandler' driver.
DEBUG - 2025-11-09 16:21:51 --> Session: Class initialized using 'CodeIgniter\Session\Handlers\FileHandler' driver.
DEBUG - 2025-11-09 16:22:00 --> Session: Class initialized using 'CodeIgniter\Session\Handlers\FileHandler' driver.
DEBUG - 2025-11-09 16:22:01 --> Session: Class initialized using 'CodeIgniter\Session\Handlers\FileHandler' driver.
DEBUG - 2025-11-09 16:22:52 --> Session: Class initialized using 'CodeIgniter\Session\Handlers\FileHandler' driver.
DEBUG - 2025-11-09 16:22:52 --> Session: Class initialized using 'CodeIgniter\Session\Handlers\FileHandler' driver.
DEBUG - 2025-11-09 16:23:50 --> Session: Class initialized using 'CodeIgniter\Session\Handlers\FileHandler' driver.
DEBUG - 2025-11-09 16:23:51 --> Session: Class initialized using 'CodeIgniter\Session\Handlers\FileHandler' driver.
DEBUG - 2025-11-09 16:24:23 --> Session: Class initialized using 'CodeIgniter\Session\Handlers\FileHandler' driver.
DEBUG - 2025-11-09 16:24:23 --> Session: Class initialized using 'CodeIgniter\Session\Handlers\FileHandler' driver.
